<mvc:View xmlns:l="sap.ui.layout" xmlns:core="sap.ui.core" xmlns:mvc="sap.ui.core.mvc" xmlns="sap.m" xmlns:dnd="sap.ui.core.dnd"
	controllerName="com.sap.mcc.workplace.CardComponent.QuickLinks.QuickLinks">
	<VBox class="sapUiSmallMarginTop sapUiSmallMarginBeginEnd">
		<VBox visible="{= !${quickLinks>/defaultLinks}}">
			<!--<Text text="personal"/>-->
			<List id="LinkList" items="{quickLinks>/Links}" mode="Delete" delete="onDeleteListItem" busy="{quickLinks>/LinkListBusy}"
				busyIndicatorDelay="0">
				<dragDropConfig>
					<dnd:DragDropInfo sourceAggregation="items" targetAggregation="items" dropPosition="Between" dropLayout="Horizontal" drop="onDrop"/>
				</dragDropConfig>
				<CustomListItem>
					<HBox>
						<Link text="{quickLinks>Links/Description}" target="_blank" press="onItemPress"/>
					</HBox>
				</CustomListItem>
			</List>
		</VBox>
		<VBox visible="{quickLinks>/defaultLinks}">
			<!--	<Text text="default"/>-->
			<List id="LinkList2" items="{quickLinks>/Links}" mode="Delete" delete="onDeleteListItem" busy="{quickLinks>/LinkListBusy}"
				busyIndicatorDelay="0">
				<dragDropConfig>
					<dnd:DragDropInfo sourceAggregation="items" targetAggregation="items" dropPosition="Between" dropLayout="Horizontal" drop="onDrop"/>
				</dragDropConfig>
				<CustomListItem>
					<HBox>
						<Link text="{quickLinks>Description}" target="_blank" press="onItemPress"/>
					</HBox>
				</CustomListItem>
			</List>
		</VBox>
	</VBox>
</mvc:View>