<core:FragmentDefinition xmlns="sap.m" xmlns:core="sap.ui.core">
	<Dialog icon="sap-icon://message-success" title="{i18n>txt_success}" state="Success" afterClose="afterCloseDialog">
		<content>
			<Text text="{i18n>txt_msgEditAfterNote}"/>
		</content>
		<beginButton>
			<Button text="{i18n>txt_yes}" type="Accept" press="onEditActivity"/>
		</beginButton>
		<endButton>
			<Button text="{i18n>txt_no}" type="Reject" press="onCancelEditAfterNoteDialog"/>
		</endButton>
	</Dialog>
</core:FragmentDefinition>