<core:FragmentDefinition xmlns="sap.m" xmlns:core="sap.ui.core">
	<Dialog icon="sap-icon://employee" title="{i18n>txt_alert}" state="Success" afterClose="afterCloseDialog">
		<content>
			<Text text="{i18n>txt_msgEFOS}"/>
		</content>
		<beginButton>
			<Button text="{i18n>txt_accept}" type="Accept" enabled="{CreateControl>/EFOSDialogAccept}" press="addEFOStoTitle"/>
		</beginButton>
		<endButton>
			<Button text="{i18n>txt_cancel}" type="Reject" press="cancelEFOSDialog"/>
		</endButton>
	</Dialog>
</core:FragmentDefinition>