<core:FragmentDefinition xmlns="sap.m" xmlns:core="sap.ui.core" xmlns:form="sap.ui.layout.form">
	<Dialog id="iCustomerDialog" title="{i18n>txt_inputCustNum}" horizontalScrolling="false" class="sapUiContentPadding">
		<content>
			<Input id="iCustomerInput" valueHelpOnly="true" placeholder="{i18n>txt_custNumPlaceHolder}" valueStateText="{i18n>txt_custNumValueState}"
				showValueHelp="true" valueHelpRequest="onCustomerF4"/>
		</content>
		<beginButton>
			<Button text="{i18n>txt_ok}" type="Accept" press="onConfirmCustomer"/>
		</beginButton>
		<endButton>
			<Button text="{i18n>txt_cancel}" type="Reject" press="cancelCustomerDialog"/>
		</endButton>
	</Dialog>
</core:FragmentDefinition>