<core:FragmentDefinition xmlns="sap.m" xmlns:core="sap.ui.core">
	<ActionSheet showCancelButton="true" placement="Top">
		<buttons>
			<!-- <Button icon="sap-icon://share-2" text="Share app via email" width="100%" press="shareAppViaMail"/>-->
			<Button icon="sap-icon://hint" text="{i18n>txt_aboutHelp}" width="100%" press="help"/>
			<Button icon="sap-icon://settings" text="{i18n>txt_settings}" width="100%" press="onSettings"/>
			<Button icon="sap-icon://list" text="{i18n>txt_notificationMsg}" width="100%" press="pushNotifMsgPage"/>
		</buttons>
	</ActionSheet>
</core:FragmentDefinition>