<core:FragmentDefinition xmlns="sap.m" xmlns:core="sap.ui.core">
	<Dialog title="{i18n>txt_whatIsNew}" contentWidth="550px" afterClose="afterCloseDialog">
		<content>
			<!--<Carousel height="100%" width="100%" loop="true" showPageIndicator="true" pageIndicatorPlacement="Bottom">
				<pages>
					<Text text="{i18n>txt_msgWhatIsNew}"/>
				</pages>
			</Carousel>-->
			<core:HTML content="{i18n>txt_msgWhatsNew}" />
		</content>
		<beginButton>
			<Button text="{i18n>txt_dontShowAgain}" press="onDoNotShowAgain"/>
		</beginButton>
		<endButton>
			<Button text="{i18n>txt_close}" type="Emphasized" press="CloseDialog"/>
		</endButton>
	</Dialog>
</core:FragmentDefinition>