<core:FragmentDefinition xmlns="sap.ui.table" xmlns:core="sap.ui.core" xmlns:fb="sap.ui.comp.filterbar" xmlns:f="sap.ui.layout.form" xmlns:m="sap.m" xmlns:l="sap.ui.layout">
	<m:Dialog id="CountryDialog" title="{i18n>txtSelectCountry}" tooltip="{i18n>txtSelectCountry}">
		<m:content>
			<l:Grid containerQuery="true" defaultSpan="XL3 L4 M6 S12" hSpacing="2" vSpacing="0.5" class="sapUiSmallMarginTop">
				<l:VerticalLayout width="100%">
					<m:Input Type="Text" id="idCountryInput" submit="onCountrySearchInDialog" tooltip="{i18n>txtCountryInputPlaceholder}" placeholder="{i18n>txtCountryInputPlaceholder}"/>
				</l:VerticalLayout>
				<l:VerticalLayout>
					<m:Button text="{i18n>search}" id="btnCountrySearch" icon="sap-icon://search" type="Emphasized" tooltip="{i18n>search}" press="onCountrySearchInDialog"/>
				</l:VerticalLayout>
			</l:Grid>
			<m:Table growing="false" busy="{busyIndicatorModel>/dropdownList}" id="srs_Countrytable" enableBusyIndicator="true" items="{countryModel>/data}" ariaLabelledBy="title"
				sticky="ColumnHeaders" mode="MultiSelect">
				<m:headerToolbar>
					<m:OverflowToolbar>
						<m:content>
							<m:Title text="{i18n>txtCountry} ({countryModel>/total}/{countryModel>/inlineCount})" level="H2"
								tooltip="{i18n>txtCountry} ({countryModel>/total}/{countryModel>/inlineCount})"/>
						</m:content>
					</m:OverflowToolbar>
				</m:headerToolbar>
				<m:columns>
					<m:Column minScreenWidth="Tablet" demandPopin="true">
						<m:Text text="{i18n>txtCountryCode}" tooltip="{i18n>txtCountryCode}"/>
					</m:Column>
					<m:Column minScreenWidth="Tablet" demandPopin="true">
						<m:Text text="{i18n>txtCountryName}" tooltip="{i18n>txtCountryName}"/>
					</m:Column>
				</m:columns>
				<m:items>
					<m:ColumnListItem>
						<m:cells>
							<m:Text text="{countryModel>DdlbKey}" tooltip="{countryModel>DdlbKey}"/>
							<m:Text text="{countryModel>Value}" tooltip="{countryModel>Value}"/>
						</m:cells>
					</m:ColumnListItem>
				</m:items>
			</m:Table>
			<m:FlexBox height="100%" alignItems="Start" justifyContent="Center">
				<m:items>
					<m:Button type="Emphasized" text="{i18n>showMore}" tooltip="{i18n>showMore}" press="pressShowMoreCountry"
						visible="{countryModel>/showMoreButtonVisible}"/>
				</m:items>
			</m:FlexBox>
		</m:content>
		<m:beginButton>
			<m:Button text="{i18n>ok}" tooltip="{i18n>ok}" press="onPressOkCountryDialog" />
		</m:beginButton>
		<m:endButton>
			<m:Button text="{i18n>cancel}" tooltip="{i18n>cancel}" press="onPressCloseCountryDialog" />
		</m:endButton>
	</m:Dialog>
</core:FragmentDefinition>