<core:FragmentDefinition xmlns="sap.ui.table" xmlns:core="sap.ui.core" xmlns:f="sap.ui.layout.form" xmlns:m="sap.m" xmlns:l="sap.ui.layout">
	<m:Dialog id="CustomerContactDialog" title="{i18n>selectCustomerContact}" tooltip="{i18n>selectCustomerContact}">
		<m:content>
			<l:Grid id="CustomerContactNameGrid" containerQuery="true" defaultSpan="XL3 L4 M6 S12" hSpacing="2" vSpacing="0.5"
				class="sapUiSmallMarginTop">
				<l:VerticalLayout width="100%" id="CustomerContactNameField">
					<m:Label id="customerNameLabel" displayOnly="true" wrapping="true"
						text="Customer: {parts: ['servicerequestModel>/CustomerID', 'servicerequestModel>/CustomerName'], formatter: '.formatter.idAndNameFormatter' }"
						tooltip="{servicerequestModel>/CustomerName}"/>
				</l:VerticalLayout>
			</l:Grid>
			<core:InvisibleText id="invisibleTxtForDialogCustomerContact"/>
			<l:Grid id="CustomerContactDialogGrid" containerQuery="true" defaultSpan="XL3 L4 M6 S12" hSpacing="2" vSpacing="0.5"
				class="sapUiSmallMarginTop">
				<l:VerticalLayout width="100%" id="CustomerContactDialogFirstNameField" visible="true">
					<m:Label id="firstNameLabel" text="{i18n>firstName}:" tooltip="{i18n>firstName}"/>
					<m:Input width="100%" id="srs_firstName" submit="onPressCustomerContactSearch" tooltip="{i18n>firstNamePromptText}"
						placeholder="{i18n>firstNamePromptText}"/>
				</l:VerticalLayout>
				<l:VerticalLayout width="100%" id="CustomerContactDialogLastNameField" visible="true">
					<m:Label id="lastNameLabel" text="{i18n>lastName}:" tooltip="{i18n>lastName}"/>
					<m:Input width="100%" id="srs_lastName" submit="onPressCustomerContactSearch" tooltip="{i18n>lastNamePromptText}"
						placeholder="{i18n>lastNamePromptText}"/>
				</l:VerticalLayout>
				<l:VerticalLayout width="100%" id="CustomerContactDialogEmailField">
					<m:Label id="emailLabel" text="{i18n>email}:" tooltip="{i18n>email}"/>
					<m:Input width="100%" id="srs_email" submit="onPressCustomerContactSearch" tooltip="{i18n>emailNamePromptText}"
						placeholder="{i18n>emailNamePromptText}"/>
				</l:VerticalLayout>
				<l:VerticalLayout id="CustomerContactDialogSearchBtn">
					<m:Label id="searchBtnLabel"/>
					<m:Button id="searchBtn" text="{i18n>search}" icon="sap-icon://search" type="Emphasized" tooltip="{i18n>search}"
						press="onPressCustomerContactSearch"/>
				</l:VerticalLayout>
			</l:Grid>
			<m:OverflowToolbar id="idLinkSurveyRecipientHelp" visible="false">
				<m:content>
					<m:Link text="{i18n>txtSurveyRecipientHelp}" wrapping="true" tooltip="{i18n>txtSurveyRecipientHelp}" class="sapUiSmallMarginBegin"
						target="_blank" href="https://jam4.sapjam.com/wiki/show/XLtTwO6gdSsy3ga0TxJo1N"/>
				</m:content>
			</m:OverflowToolbar>
			<m:Table growing="false" id="srs_customerContactTable" enableBusyIndicator="true" items="{customerContactModel>/data}"
				ariaLabelledBy="title" sticky="ColumnHeaders" mode="{= ${viewModel>/View} === 'Main' ? 'MultiSelect' : 'SingleSelectMaster'}"
				updateStarted="_getMoreCaseStarted" updateFinished="_getMoreCaseFinished" selectionChange="onCloseCustomerContactSearch">
				<m:headerToolbar>
					<m:OverflowToolbar id="totalCustomerContactCounts">
						<m:content>
							<m:Title id="customerContactCounts" level="H2" tooltip="{i18n>customerContacts} ({customerContactModel>/total})"/>
						</m:content>
					</m:OverflowToolbar>
				</m:headerToolbar>
				<m:columns>
					<m:Column id="firstNameColumn">
						<m:Text id="firstName" text="{i18n>firstName}" tooltip="{i18n>firstName}"/>
					</m:Column>
					<m:Column id="lastNameColumn" minScreenWidth="Desktop" demandPopin="true">
						<m:Text id="lastName" text="{i18n>lastName}" tooltip="{i18n>lastName}"/>
					</m:Column>
					<m:Column demandPopin="true" minScreenWidth="Desktop" id="EmailColumn">
						<m:Text id="email" text="{i18n>email}" tooltip="{i18n>email}"/>
					</m:Column>
				</m:columns>
				<m:items>
					<m:ColumnListItem id="customerSearchValues">
						<m:cells>
							<m:Text text="{customerContactModel>Firstname}" tooltip="{customerContactModel>Firstname}"/>
							<m:Text text="{customerContactModel>Lastname}" tooltip="{customerContactModel>Lastname}"/>
							<m:Text text="{customerContactModel>EmailAddr}" tooltip="{customerContactModel>EmailAddr}"/>
						</m:cells>
					</m:ColumnListItem>
				</m:items>
			</m:Table>
			<m:FlexBox height="100%" alignItems="Start" justifyContent="Center" id="showMoreBtnAlignment">
				<m:items>
					<m:Button id="showMoreBtn" type="Emphasized" text="{i18n>showMore}" tooltip="{i18n>showMore}" press="showMoreCase"
						visible="{buttonControlModel>/caseMoreButton}"/>
				</m:items>
			</m:FlexBox>
		</m:content>
		<m:beginButton>
			<m:Button id="ok" text="{i18n>ok}" tooltip="{i18n>ok}" press="onCloseCustomerContactSearch" visible="false"/>
		</m:beginButton>
		<m:endButton>
			<m:Button id="cancel" text="{i18n>cancel}" tooltip="{i18n>cancel}" press="onCloseCustomerContactSearch" visible="true"/>
		</m:endButton>
	</m:Dialog>
</core:FragmentDefinition>