<core:FragmentDefinition xmlns="sap.ui.table" xmlns:core="sap.ui.core" xmlns:f="sap.ui.layout.form" xmlns:m="sap.m" xmlns:l="sap.ui.layout">
	<m:Dialog id="PageSizeDialog" title="{i18n>selectPageSize}" tooltip="{i18n>selectPageSize}">
		<m:content>
			<m:ComboBox
				id="pageSizeCombo"
				items="{SRListPageModel>/}"
				selectedKey="10"
				width="100%"
				class="classPageSizeCombo">
				<core:Item key="{SRListPageModel>key}" text="{SRListPageModel>value}" />
			</m:ComboBox>
			<m:MessageStrip id="msgStripError" text="{i18n>txtErrorMsgStrip}" type="Error" visible="true" showIcon="true" showCloseButton="true" class="sapUiMediumMarginBottom classMsgStripErrorPageSize"></m:MessageStrip>
		</m:content>
		<m:beginButton>
			<m:Button id="ok" text="{i18n>ok}" tooltip="{i18n>ok}" press="setPageSize"/>
		</m:beginButton>
		<m:endButton>
			<m:Button id="cancel" text="{i18n>cancel}" tooltip="{i18n>cancel}" press="onClosePageSizeDialog"/>
		</m:endButton>
	</m:Dialog>
</core:FragmentDefinition>