<core:FragmentDefinition xmlns="sap.m" xmlns:l="sap.ui.layout" xmlns:f="sap.ui.layout.form" xmlns:core="sap.ui.core">
	<ResponsivePopover id="idSOGHintPopover" title="{i18n>serviceOrderGroupHint}"
		placement="Right" initialFocus="content" contentWidth="35rem" modal="true">
		<content>
			<VBox wrap="Wrap">
				<Text text="{i18n>serviceOrderGroupHintContent}" class="sapUiSmallMargin"/>
			</VBox>
		</content>
		<endButton>
			<Button id="close" text="{i18n>close}" press="handleServiceOrderGroupHintPopoverClose"/>
		</endButton>
	</ResponsivePopover>
</core:FragmentDefinition>