<core:FragmentDefinition xmlns="sap.m" xmlns:l="sap.ui.layout" xmlns:f="sap.ui.layout.form" xmlns:core="sap.ui.core">
	<ResponsivePopover id="shareSRPopOver" showCloseButton="true" placement="Bottom">
		<content>
			<List >
				<items>
					<DisplayListItem label="Email" value="{Tel}" type="Active" press="handleEmailPress"/>
					<DisplayListItem label="Copy URL" value="{Sms}" type="Active" press="handleCopyURLPress"/>
				</items>
			</List>
		</content>
	</ResponsivePopover>
</core:FragmentDefinition>