<core:FragmentDefinition xmlns="sap.m" xmlns:u="sap.ui.unified" xmlns:fb="sap.ui.comp.filterbar" xmlns:table="sap.ui.table"
	xmlns:core="sap.ui.core" xmlns:l="sap.ui.layout" xmlns:app="http://schemas.sap.com/sapui5/extension/sap.ui.core.CustomData/1">
	<Dialog id="dialogSystem" title="{i18n>selectSystem}" tooltip="{i18n>selectSystem}">
		<content>
			<fb:FilterBar id="filterbar" showFilterConfiguration="false" search="onSystemSearchInDialog" useToolbar="false">
				<fb:filterItems>
					<fb:FilterItem name="A" label="{i18n>customerId}">
						<fb:control>
							<Input id="idCustomerInput" submit="onSystemSearchInDialog" type="Number" tooltip="{i18n>customerIDPromptText}"
								placeholder="{i18n>customerIDPromptText}"/>
						</fb:control>
					</fb:FilterItem>
					<fb:FilterItem name="D" label="{i18n>txtRelatedPartner}">
						<fb:control>
							<HBox>
								<ComboBox id="comboRelatedPartner" change="onRelatedPartnerSelection" selectedKey="Y" tooltip="{i18n>txtPromptRelatedPartner}">
									<core:Item key="Y" text="Yes"/>
									<core:Item key="N" text="No"/>
								</ComboBox>
								<Button icon="sap-icon://question-mark" press="showRelatedPartnerHint" type="Transparent" tooltip="{i18n>txtRelatedPartner}" enabled="true"></Button>
							</HBox>
						</fb:control>
					</fb:FilterItem>
					<fb:FilterItem name="B" label="{i18n>installationNumber}">
						<fb:control>
							<Input id="idInstallationNumber" submit="onSystemSearchInDialog" type="Number" tooltip="{i18n>installationNumberPromptText}"
								placeholder="{i18n>installationNumberPromptText}"/>
						</fb:control>
					</fb:FilterItem>
					<fb:FilterItem name="C" label="{i18n>systemID}">
						<fb:control>
							<Input id="idSystemID" submit="onSystemSearchInDialog" tooltip="{i18n>systemIDPromptText}" placeholder="{i18n>systemIDPromptText}"/>
						</fb:control>
					</fb:FilterItem>
					<fb:FilterItem name="E" label="{i18n>systemRole}">
						<fb:control>
							<ComboBox busy="{busyIndicatorModel>/dropdownList}" id="comboSystemRole" selectedKey="" change="onSystemRoleSelection" tooltip="{i18n>systemRolePromptText}" placeholder="{i18n>systemRolePromptText}"
								showSecondaryValues="true" items="{path: 'carSystemRoleModel>/'}">
								<core:ListItem key="{carSystemRoleModel>DdlbKey}" text="{carSystemRoleModel>DdlbKey}" additionalText="{carSystemRoleModel>Value}"/>
							</ComboBox>
						</fb:control>
					</fb:FilterItem>
				</fb:filterItems>
			</fb:FilterBar>
			<MessageStrip id="idMsgStripSystemDialogInfo" type="Information" showIcon="true"
				visible="true" showCloseButton="false" ></MessageStrip>
			<MessageStrip text="{i18n>enterCustomerIdorInstallationNumber}" type="Error" id="idMsgStripFilterBarSystemDialog" showIcon="true"
				visible="false" showCloseButton="true" class="sapUiTinyMarginBottom sapUiTinyMarginBeginEnd"></MessageStrip>
			<table:Table id="systemTable" selectionMode="Single" rows="{systemModel>/}" visibleRowCount="8" selectionBehavior="RowOnly"
				enableCellFilter="true" rowSelectionChange="okSystemDialogCloseCase" filter="onFilterSystemByColumn" rowHeight="40px">
				<table:extension>
					<OverflowToolbar>
						<Title id="titleSystemTable" text="{i18n>systemTableHeaderTitle}"/>
						<ToolbarSpacer/>
						<Button icon="sap-icon://clear-filter" tooltip="{i18n>clearAllFilters}" type="Transparent" press="clearAllSystemTableFilters"/>
						<ToolbarSeparator/>
					</OverflowToolbar>
				</table:extension>
				<table:columns>
					<table:Column filterProperty="Customer" sortProperty="Customer" defaultFilterOperator="Contains">
						<Label text="{i18n>customerId}" tooltip="{i18n>customerId}"/>
						<table:template>
							<Text app:system="{systemModel>}" text="{systemModel>Customer}" tooltip="{systemModel>Customer}" wrapping="false"/>
						</table:template>
					</table:Column>
					<table:Column filterProperty="InstNo" sortProperty="InstNo" defaultFilterOperator="Contains">
						<Label text="{i18n>installationNumber}" tooltip="{i18n>installationNumber}"/>
						<table:template>
							<Text text="{systemModel>InstNo}" tooltip="{systemModel>InstNo}" wrapping="false"/>
						</table:template>
					</table:Column>
					<table:Column filterProperty="Sid" id="idColumnSID" sortProperty="Sid" defaultFilterOperator="Contains">
						<Label text="{i18n>systemID}" tooltip="{i18n>systemID}"/>
						<table:template>
							<!--Text text="{systemModel>Sid}" tooltip="{systemModel>Sid}" wrapping="false"/-->
							<HBox>
								<HBox class="classIconSWS">
									<core:Icon src="sap-icon://disconnected"
										visible="{parts: ['systemModel>SolmanSid','systemModel>DeployModT' ,'systemModel>shallAppendSolmanAtBotton'], formatter: '.formatter.formatSystemIcon' }" color="#8B0000"
										tooltip="{i18n>txtMissingSolman}"></core:Icon>
								</HBox>
								<Text text="{systemModel>Sid}" tooltip="{systemModel>Sid}" wrapping="false"/>
							</HBox>
						</table:template>
					</table:Column>
					<table:Column filterProperty="SysDescription" sortProperty="SysDescription" defaultFilterOperator="Contains">
						<Label text="{i18n>systemDescription}" tooltip="{i18n>systemDescription}"/>
						<table:template>
							<Text text="{systemModel>SysDescription}" tooltip="{systemModel>SysDescription}" wrapping="true"/>
						</table:template>
					</table:Column>
					<table:Column filterProperty="SystemUsage" sortProperty="SystemUsage" defaultFilterOperator="Contains">
						<Label text="{i18n>systemUsage}" tooltip="{i18n>systemUsage}"/>
						<table:template>
							<Text text="{systemModel>SystemUsage}" tooltip="{systemModel>SystemUsage}" wrapping="false"/>
						</table:template>
					</table:Column>
					<table:Column filterProperty="DeployModT" sortProperty="DeployModT" defaultFilterOperator="Contains">
						<Label text="{i18n>deploymentModel}" tooltip="{i18n>deploymentModel}"/>
						<table:template>
							<Text text="{systemModel>DeployModT}" tooltip="{systemModel>DeployModT}" wrapping="false"/>
						</table:template>
					</table:Column>
					<table:Column filterProperty="CarSysRoleText" sortProperty="CarSysRoleText" defaultFilterOperator="Contains">
						<Label text="{i18n>systemRole}" tooltip="{i18n>systemRole}"/>
						<table:template>
							<Text text="{systemModel>CarSysRoleText}" tooltip="{systemModel>CarSysRoleText}" wrapping="true"/>
						</table:template>
					</table:Column>
					<table:Column filterProperty="SolmanSid" sortProperty="SolmanSid" defaultFilterOperator="Contains">
						<Label text="{i18n>solManagerID}" tooltip="{i18n>solManagerID}"/>
						<table:template>
							<Text text="{systemModel>SolmanSid}" tooltip="{systemModel>SolmanSid}" wrapping="false"/>
						</table:template>
					</table:Column>
				</table:columns>
				<table:footer>
					<!--OverflowToolbar id="infobar"></OverflowToolbar-->
					<!--core:Icon src="sap-icon://sys-help-2"></core:Icon-->	
					<Link class="classLinkSO" wrapping="true" target="_blank" text="{i18n>txtSystemHelp}" tooltip="{i18n>txtSystemHelp}" href="https://sap.sharepoint.com/teams/SRSApp/HELP%20Cannot%20use%20my%20System/Home.aspx"></Link>
				</table:footer>
			</table:Table>
		</content>
		<beginButton></beginButton>
		<endButton>
			<Button id="cancelSystemDialog" text="{i18n>cancel}" tooltip="{i18n>cancel}" press="onSystemDialogCloseCase" visible="true"/>
		</endButton>
	</Dialog>
</core:FragmentDefinition>