<mvc:View xmlns:core="sap.ui.core" xmlns="sap.m" xmlns:ui="sap.ui.table" xmlns:mvc="sap.ui.core.mvc" xmlns:u="sap.ui.unified" xmlns:app="http://schemas.sap.com/sapui5/extension/sap.ui.core.CustomData/1"
	controllerName="com.sap.mcc.workplace.CardComponent.MyCases.MyCases">
	<ScrollContainer id="s1" vertical='true'>
		<ui:Table id="tableMyCases" selectionMode="None" rows="{cardModel>/cases}" enableCellFilter="true" alternateRowColors="true" ariaLabelledBy="title" noData="{= ${cardModel>/busy} ? 'Loading data...' : 'No Data'}"
		visibleRowCount="{= ${cardModel>/cases}.length > 9 ? 10 : ${cardModel>/cases}.length}">
			<ui:columns>
				<ui:Column width="4rem" autoResizable="true" filterProperty="RatingText" sortProperty="RatingID" hAlign="Center">
					<Label text="Rating" tooltip="Rating"/>
					<ui:template>
						<!--
					<m:Text text="{casechecker>RatingText}" wrapping="false"/>-->
						<core:Icon class="sapUiTinyMarginEnd" src="sap-icon://circle-task-2" tooltip="{cardModel>RatingText}"
							color="{path: 'cardModel>RatingText', formatter: '.formatter.ratingColor' }"/>
					</ui:template>
				</ui:Column>
				<ui:Column width="5.2rem" autoResizable="true" filterProperty="CaseID" sortProperty="CaseIDCaseID">
					<Label text="Case ID" tooltip="Case ID"/>
					<ui:template>
						<Link text="{cardModel>CaseID}" tooltip="{cardModel>CaseID}" target="_blank" press="onCaseIdPressed"/>
					</ui:template>
				</ui:Column>
				<ui:Column width="14rem" autoResizable="true" filterProperty="CaseTitle" sortProperty="CaseTitle">
					<Label text="Case Title" tooltip="Case Title"/>
					<ui:template>
						<Text text="{cardModel>CaseTitle}" tooltip="{cardModel>CaseTitle} "/>
					</ui:template>
				</ui:Column>
				<ui:Column width="14rem" autoResizable="true" filterProperty="CustomerName" sortProperty="CustomerName">
					<Label text="Customer Name" tooltip="Customer Name"/>
					<ui:template>
						<Link text="{cardModel>CustomerName}" tooltip="{cardModel>CustomerName}" press="onCustomerPressed" target="_blank" wrapping="false"/>
					</ui:template>
				</ui:Column>
				<ui:Column width="auto" autoResizable="true" filterProperty="StatusText" sortProperty="StatusText">
					<Label text="Status" tooltip="Status"/>
					<ui:template>
						<Text text="{cardModel>StatusText}" tooltip="{cardModel>StatusText}" wrapping="false"/>
					</ui:template>
				</ui:Column>
				<ui:Column width="5rem" autoResizable="true" sortProperty="CreateTime">
					<ui:menu>
						<u:Menu>
							<u:items>
								<u:MenuItem text="Sort Ascending" select="onSortDate" app:Property="CreateTime" app:TableID="tableMyCases" app:OpenFor="true"
									app:sort="asc" icon="sap-icon://sort-ascending"/>
								<u:MenuItem text="Sort Descending" select="onSortDate" app:Property="CreateTime" app:TableID="tableMyCases" app:OpenFor="true"
									app:sort="dsc" icon="sap-icon://sort-descending"/>
								<!--<u:MenuTextFieldItem label="Filter" select="onDateFilter" app:Property="CreateTime" app:TableID="open-ccm-cases"
									icon="sap-icon://filter"/>-->
							</u:items>
						</u:Menu>
					</ui:menu>
					<Label text="Open For" tooltip="Open For"/>
					<ui:template>
						<ObjectStatus text="{ path: 'cardModel>CreateTime', formatter: '.formatter.getDaysSince' }"
							state="{path: 'cardModel>CreateTime', formatter: '.formatter.setTextColorOpenFor'}"
							tooltip="{path: 'cardModel>CreateTime', formatter: '.formatter.getDaysSince'}"/>
					</ui:template>
				</ui:Column>
				<ui:Column width="auto" autoResizable="true" filterProperty="Region" sortProperty="Region">
					<Label text="Region" tooltip="Region"/>
					<ui:template>
						<Text text="{cardModel>Region}" tooltip="{cardModel>Region}" wrapping="false"/>
					</ui:template>
				</ui:Column>
				<ui:Column width="auto" autoResizable="true" filterProperty="ResponsiblePerson" sortProperty="ResponsiblePerson">
					<Label text="Responsible Person" tooltip="Responsible Person"/>
					<ui:template>
						<Link text="{cardModel>ResponsiblePerson}" tooltip="{cardModel>ResponsiblePerson}"
							href="https://people.wdf.sap.corp/profiles/{cardModel>Responsible}" target="_blank" wrapping="false"/>
					</ui:template>
				</ui:Column>
				<ui:Column width="3rem" autoResizable="true" filterProperty="CQI" sortProperty="CQI" visible="{cardModel>/visibleCQI}">
					<Label text="CQI" tooltip="Case Quality Index"/>
					<ui:template>
						<Link text="{cardModel>CQI}" tooltip="CQI: {cardModel>CQI}" wrapping="false" press="openCQIPopover"/> 
					</ui:template>
				</ui:Column>
			</ui:columns>
		</ui:Table>
	</ScrollContainer>
</mvc:View>