<mvc:View xmlns:core="sap.ui.core" xmlns="sap.m" xmlns:viz="sap.viz.ui5.controls" xmlns:layout="sap.ui.layout" xmlns:mvc="sap.ui.core.mvc"
	xmlns:viz.feeds="sap.viz.ui5.controls.common.feeds" xmlns:viz.data="sap.viz.ui5.data" xmlns:container="sap.suite.ui.commons"
	controllerName="com.sap.mcc.workplace.CardComponent.GlobalEscalationByStatus.GlobalEscalationByStatus">
	<ScrollContainer id="s1" vertical='true'>
			<container:ChartContainer id="idChartContainer" showFullScreen="true" autoAdjustHeight="false" busy="{cardModel>/busy}"
				busyIndicatorDelay="0">
				<container:content>
					<container:ChartContainerContent icon="sap-icon://line-chart" title="Line Chart">
						<container:content>
							<viz:VizFrame id="idVizFramePLM" selectData="onSelectGripperData" uiConfig="{applicationSet:'fiori'}" vizType='column' height="20rem">
								<viz:dataset>
									<viz.data:FlattenedDataset data="{dataModel>/Data}">
										<viz.data:dimensions>
											<viz.data:DimensionDefinition name="Category" value="{Category}"/>
										</viz.data:dimensions>
										<viz.data:measures>
											<viz.data:MeasureDefinition name="On going" value="{Ongoing}"/>
											<viz.data:MeasureDefinition name="Last Week" value="{LastWeek}"/>
										</viz.data:measures>
									</viz.data:FlattenedDataset>
								</viz:dataset>
								<viz:feeds>
									<viz.feeds:FeedItem uid="valueAxis" type="Measure" values="On going"/>
									<viz.feeds:FeedItem uid="valueAxis" type="Measure" values="Last Week"/>
									<viz.feeds:FeedItem uid="categoryAxis" type="Dimension" values="Category"/>
								</viz:feeds>
							</viz:VizFrame>
						</container:content>
					</container:ChartContainerContent>
				</container:content>
			</container:ChartContainer>
	</ScrollContainer>
</mvc:View>