<mvc:View xmlns:core="sap.ui.core" xmlns="sap.m" xmlns:ui="sap.ui.table" xmlns:mvc="sap.ui.core.mvc"
	controllerName="com.sap.mcc.workplace.CardComponent.MyActivities.MyActivities">
	<ScrollContainer id="s1" vertical='true'>
		<ui:Table id="myActivitiesTable" selectionMode="None" rows="{cardModel>/activities}" enableCellFilter="true" alternateRowColors="true" ariaLabelledBy="title" noData="{= ${cardModel>/busy} ? 'Loading data...' : 'No Data'}"
		visibleRowCount="{= ${cardModel>/activities}.length > 9 ? 10 : ${cardModel>/activities}.length}">
			<ui:columns>
				<ui:Column width="5.2rem" autoResizable="true" filterProperty="ActivityID" sortProperty="ActivityID">
					<Label text="Activity ID" tooltip="Activity ID"/>
					<ui:template>
						<Link text="{cardModel>ActivityID}" tooltip="{cardModel>ActivityID} " press="onLinkPress"/>
					</ui:template>
				</ui:Column> 
				<ui:Column width="5.2rem" autoResizable="true" filterProperty="CaseID" sortProperty="CaseID" defaultFilterOperator="EQ">
					<Label text="Case ID" tooltip="Case ID"/>
					<ui:template>
						<Link text="{cardModel>CaseID}" tooltip="{cardModel>CaseID} " press="onCaseIdPressed"/>
					</ui:template>
				</ui:Column> 
				<ui:Column width="14rem" autoResizable="true" filterProperty="Description" sortProperty="Description">
					<Label text="Description" tooltip="Description"/>
					<ui:template>
						<Text text="{cardModel>Description}" tooltip="{cardModel>Description}" wrapping="false"/>
					</ui:template>
				</ui:Column>
				<ui:Column width="14rem" autoResizable="true" filterProperty="CustomerName" sortProperty="CustomerName">
					<Label text="Customer" tooltip="Customer"/>
					<ui:template>
						<Text text="{cardModel>CustomerName}" tooltip="{cardModel>CustomerName}" wrapping="false"/>
					</ui:template>
				</ui:Column>
				<ui:Column width="auto" autoResizable="true" filterProperty="CategoryDesc" sortProperty="CategoryDesc">
					<Label text="Category" tooltip="Category"/>
					<ui:template>
						<Text text="{cardModel>CategoryDesc}" tooltip="{cardModel>CategoryDesc}" wrapping="false"/>
					</ui:template>
				</ui:Column>
				<ui:Column width="auto" autoResizable="true" sortProperty="PlannedEndDate">
				<!--<ui:Column width="auto" autoResizable="true" filterProperty="PlannedEndDate" sortProperty="PlannedEndDate" defaultFilterOperator="EQ" filterType="\{type: 'sap.ui.model.type.Date', formatOptions: \{style: 'medium', UTC: true\}, constraints: \{\} \}">-->
					<Label text="Due Date" tooltip="Due Date"/>
					<ui:template>
						<ObjectStatus
							text="{path:'cardModel>PlannedEndDate', type: 'sap.ui.model.type.Date', formatOptions: { style: 'medium' }}" state="{path: 'cardModel>PlannedEndDate', formatter: '.formatter.overdueDate'}"/>
					</ui:template>
				</ui:Column>
				<ui:Column width="auto" autoResizable="true" filterProperty="StatusDesc" sortProperty="StatusDesc">
					<Label text="Status" tooltip="Status"/>
					<ui:template>
						<Text text="{cardModel>StatusDesc}" tooltip="{cardModel>StatusDesc}" wrapping="false"/>
					</ui:template>
				</ui:Column>
			</ui:columns>
		</ui:Table>
	</ScrollContainer>
</mvc:View>