<?xml version="1.0" encoding="UTF-8"?>
<mvc:View xmlns:mvc="sap.ui.core.mvc" xmlns="sap.m" xmlns:core="sap.ui.core"
	controllerName="com.sap.mcc.workplace.CardComponent.ExpertAvailability.ExpertAvailability">
	<ScrollContainer id="s1" vertical="true">
		<VBox>
			<Table id="ZS01" items="{/zs01_set}">
				<columns>
					<Column width="6em">
						<Text text="CID"/>
					</Column>
					<Column minScreenWidth="Tablet" demandPopin="true" width="6em" sortProperty="WorkloadIndicator">
						<Text text="Indicator"/>
					</Column>
					<Column minScreenWidth="Tablet" demandPopin="true" width="6em">
						<Text text="Esca Count"/>
					</Column>
					<Column minScreenWidth="Tablet" demandPopin="true" width="6em">
						<Text text="Eng Count"/>
					</Column>
					<Column minScreenWidth="Tablet" demandPopin="true">
						<Text text="Escas"/>
					</Column>
				</columns>
				<items>
					<ColumnListItem>
						<cells>
							<Text text="{UserID}"/>
							<Text text="{WorkloadIndicator}"/>
							<Text text="{EscalationCount}"/>
							<Text text="{EngagementCount}"/>
							<List id="Esca_List" items="{path:'Escalations', templateShareable:false}">
								<StandardListItem title="{CustomerName}"/>
							</List>
						</cells>
					</ColumnListItem>
				</items>
			</Table>
		</VBox>
	</ScrollContainer>
</mvc:View>