{
  "run": [
    {
      "filePath": "/webapp/index.html",
      "previewMode": 1,
      "dataMode": 1,
      "workspace": "withoutWorkspace",
      "ui5ActiveVersion": "",
      "ui5VerSource": null,
      "isDefaultVersion": 0,
      "urlParameters": [],
      "urlParametersNotNeeded": true,
      "hashParameter": "",
      "backendSystem": [
        {
          "source": "GW_PGP_WEB",
          "destinations": "GW_PGP_WEB"
        },
        {
          "source": "SMP_NG_WEB",
          "destinations": "SMP_NG_WEB"
        }
      ],
      "_metadata": {
        "id": 434440,
        "runnerId": "webapprunner",
        "displayName": "Run index.html",
        "lastRunTimeStamp": 1535597861138
      }
    },
    {
      "filePath": "/webapp/test/unit/indexUnit.qunit.html",
      "previewMode": 1,
      "dataMode": 1,
      "ui5ActiveVersion": null,
      "ui5VerSource": null,
      "isDefaultVersion": 0,
      "workspace": "withoutWorkspace",
      "urlParameters": [],
      "backendSystem": [],
      "_metadata": {
        "runnerId": "qunitrunner",
        "id": 9391020,
        "displayName": "Run indexUnit.qunit.html",
        "lastRunTimeStamp": 1535597820431
      }
    },
    {
      "filePath": "/webapp/test/unit/indexUnit.qunit.html",
      "previewMode": 1,
      "dataMode": 1,
      "ui5ActiveVersion": null,
      "ui5VerSource": null,
      "isDefaultVersion": 0,
      "workspace": "withoutWorkspace",
      "urlParameters": [],
      "backendSystem": [],
      "_metadata": {
        "runnerId": "qunitrunner",
        "id": 9926847,
        "displayName": "Run indexUnit.qunit.html",
        "lastRunTimeStamp": 1530068020224
      }
    },
    {
      "filePath": "/index.html",
      "previewMode": 0,
      "dataMode": 1,
      "workspace": "withoutWorkspace",
      "ui5ActiveVersion": "1.36.9",
      "ui5VerSource": "external",
      "isDefaultVersion": 1,
      "urlParameters": [
        {
          "paramName": "",
          "paramValue": ""
        }
      ],
      "urlParametersNotNeeded": false,
      "hashParameter": "",
      "backendSystem": [
        {
          "source": "GW_PGP_WEB",
          "destinations": "GW_PGP_WEB"
        },
        {
          "source": "SMP_NG_WEB",
          "destinations": "SMP_NG_WEB"
        }
      ],
      "_metadata": {
        "id": 4418890,
        "runnerId": "webapprunner",
        "displayName": "Run index.html with other version"
      }
    }
  ]
}