{
	"welcomeFile": "/webapp/index.html",
	"routes": [{
		"path": "/webapp/resources/sapit",
		"target": {
			"type": "application",
			"name": "sapitlibrary"
		},
		"description": ""
	}, {
		"path": "/resources/sapit",
		"target": {
			"type": "application",
			"name": "sapitlibrary"
		},
		"description": ""
	}, {
		"path": "/resources",
		"target": {
			"type": "application",
			"name": "sapui5preview",
			"entryPath": "/resources"
		},
		"description": "SAPUI5 Resources"
	}, {
		"path": "/resources",
		"target": {
			"type": "service",
			"name": "sapui5",
			"entryPath": "/resources"
		},
		"description": "SAPUI5 Resources"
	}, {
		"path": "/test-resources",
		"target": {
			"type": "application",
			"name": "sapui5preview",
			"entryPath": "/test-resources"
		},
		"description": "SAPUI5 Resources"
	}, {
		"path": "/test-resources",
		"target": {
			"type": "service",
			"name": "sapui5",
			"entryPath": "/test-resources"
		},
		"description": "SAPUI5 Resources"
	}, {
		"path": "/webapp/resources",
		"target": {
			"type": "application",
			"name": "sapui5preview",
			"entryPath": "/resources"
		},
		"description": "SAPUI5 Resources"
	}, {
		"path": "/webapp/resources",
		"target": {
			"type": "service",
			"name": "sapui5",
			"entryPath": "/resources"
		},
		"description": "SAPUI5 Resources"
	}, {
		"path": "/webapp/test-resources",
		"target": {
			"type": "application",
			"name": "sapui5preview",
			"entryPath": "/test-resources"
		},
		"description": "SAPUI5 Test Resources"
	}, {
		"path": "/webapp/test-resources",
		"target": {
			"type": "service",
			"name": "sapui5",
			"entryPath": "/test-resources"
		},
		"description": "SAPUI5 Test Resources"
	}, {
		"path": "/sap/opu/odata",
		"target": {
			"type": "destination",
			"name": "int_pg",
			"entryPath": "/sap/opu/odata"
		},
		"description": "PG* Landscape connection"
	}, {
		"path": "/services/customer/search",
		"target": {
			"type": "destination",
			"name": "int_pg",
			"entryPath": "/sap/opu/odata/sap/ZS_ESCALATIONS/"
		},
		"description": "Gateway to PG*/ to get Customer F4 helpsearch Result"
	}, {
		"path": "/intic",
		"target": {
			"type": "destination",
			"name": "int_ic"
		},
		"description": "IC* Landscape connection"
	}, {
		"path": "/services/ism",
		"target": {
			"type": "destination",
			"name": "int_ism"
		},
		"description": "Incident Solution Matching API"
	}, {
		"path": "/applications",
		"target": {
			"type": "application",
			"name": "*"
		},
		"description": "HANA Cloud Platform Applications"
	}],
	"securityConstraints": [{
		"permission": "p_sap_employees",
		"description": "Only SAPEmployees are allowed to access the application",
		"protectedPaths": ["/"]
	}, {
		"permission": "p_neo-app.json_access",
		"description": "Protects the Access to the neo-app.json",
		"protectedPaths": ["neo-app.json"]
	}]
}