<mvc:View xmlns:l="sap.ui.layout" xmlns:ui="sap.ui.table" xmlns:core="sap.ui.core" xmlns="sap.m" xmlns:mvc="sap.ui.core.mvc"
	xmlns:app="http://schemas.sap.com/sapui5/extension/sap.ui.core.CustomData/1"
	controllerName="com.sap.mcc.workplace.CardComponent.OpenEscRequests.OpenEscRequests">
	<ScrollContainer width="100%" vertical="true" horizontal="false">
		<ui:Table id="table-mcs-openEscalationRequests" selectionMode="None" rows="{cardModel>/data}" enableCellFilter="true" cellClick="onSelectionChange"
			alternateRowColors="true" noData="{= ${cardModel>/busy} ? 'Loading data...' : 'No Data'}"
			visibleRowCount="{= ${cardModel>/data}.length > 9 ? 10 : ${cardModel>/data}.length}">
			<ui:columns>
				<ui:Column width="13em" autoResizable="true" filterProperty="CustomerName" sortProperty="CustomerName">
					<Label text="{i18n>customerName}"/>
					<ui:template>
						<Link text="{cardModel>CustomerName}" tooltip="{cardModel>CustomerName}" press="onCustomerPressed"/>
					</ui:template>
				</ui:Column>
				<ui:Column width="13em" autoResizable="true" filterProperty="Description" sortProperty="Description">
					<Label text="{i18n>description}"/>
					<ui:template>
						<Text text="{cardModel>Description}"/>
					</ui:template>
				</ui:Column>
				<ui:Column width="8em" autoResizable="true" filterProperty="EmployeeResponsibleName" sortProperty="EmployeeResponsibleName">
					<Label text="{i18n>employee}"/>
					<ui:template>
						<Text text="{cardModel>EmployeeResponsibleName}"/>
					</ui:template>
				</ui:Column>
				<ui:Column width="8em" autoResizable="true" filterProperty="CreatedAt" sortProperty="CreatedAt">
					<Label text="{i18n>createDate}"/>
					<ui:template>
						<Text text="{ path: 'cardModel>CreatedAt', type: 'sap.ui.model.type.Date', formatOptions: {style: 'medium'} }"/>
					</ui:template>
				</ui:Column>
				<ui:Column width="8em" autoResizable="true" filterProperty="CreatedAt" sortProperty="CreatedAt">
					<Label text="{i18n>openFor}"/>
					<ui:template>
						<ObjectStatus text="{ path: 'cardModel>CreatedAt', formatter: '.formatter.getDaysSince' }"
							state="{path: 'cardModel>CreatedAt', formatter: '.formatter.setTextColorOpenFor'}"
							tooltip="{path: 'cardModel>CreatedAt', formatter: '.formatter.getDaysSince'}"/>
					</ui:template>
				</ui:Column>
				<ui:Column width="8em" autoResizable="true" filterProperty="StatusDesc" sortProperty="StatusDesc">
					<Label text="{i18n>status}"/>
					<ui:template>
						<Text text="{cardModel>StatusDesc}"/>
					</ui:template>
				</ui:Column>
			</ui:columns>
		</ui:Table>
	</ScrollContainer>
</mvc:View>