<mvc:View xmlns:core="sap.ui.core" xmlns="sap.m" xmlns:mvc="sap.ui.core.mvc" xmlns:ui="sap.ui.table" 
xmlns:app="http://schemas.sap.com/sapui5/extension/sap.ui.core.CustomData/1" xmlns:u="sap.ui.unified"
controllerName="com.sap.mcc.workplace.CardComponent.CloudOutage.CloudOutage">
	<ScrollContainer width="100%" vertical="true" horizontal="false">
		
		<ui:Table id="table-mcs-cloudOutage" rows="{cardModel>/data}" alternateRowColors="true" enableCellFilter="true"
		cellClick="onSelectionChange" selectionMode="None" noData="{= ${cardModel>/busy} ? 'Loading data...' : 'No Data'}"
		filter="onFilter">
			<ui:columns>
				<ui:Column filterProperty="activity_location" sortProperty="activity_location">
					<Label text="{i18n>location}" />
					<ui:template>
						<Text text="{cardModel>activity_location}" wrapping='false'/>
					</ui:template>
				</ui:Column>
				<ui:Column filterProperty="activity_description" sortProperty="activity_description">
					<Label text="{i18n>description}" />
					<ui:template>
						<Text text="{cardModel>activity_description}" wrapping='false'/>
					</ui:template>
				</ui:Column>
				<ui:Column filterProperty="activity_create_date" sortProperty="activity_create_date">
					<ui:menu>
						<u:Menu>
							<u:items>
								<u:MenuItem text="Sort Ascending" select="onSortDate" app:Property="activity_create_date" app:TableID="table-mcs-cloudOutage" app:sort="asc" icon="sap-icon://sort-ascending"/>
								<u:MenuItem text="Sort Descending" select="onSortDate" app:Property="activity_create_date" app:TableID="table-mcs-cloudOutage" app:sort="dsc" icon="sap-icon://sort-descending"/>
								<u:MenuTextFieldItem label="Filter" select="onDateFilter" app:Property="activity_create_date" app:TableID="table-mcs-cloudOutage" icon="sap-icon://filter"/>
							</u:items>
						</u:Menu>
					</ui:menu>
					<Label text="{i18n>createDate}" />
					<ui:template>
						<Text text="{ path: 'cardModel>activity_create_date', type: 'sap.ui.model.type.Date', formatOptions: {style: 'medium'} }" wrapping='false'/>
					</ui:template>
				</ui:Column>
				<ui:Column filterProperty="activity_create_date" sortProperty="activity_create_date">
					<Label text="{i18n>openFor}" />
					<ui:template>
						<Text text="{ parts: ['cardModel>activity_create_date','cardModel>activity_create_time'], formatter: '.getDays' }" wrapping='false'/>
					</ui:template>
				</ui:Column>
				<ui:Column filterProperty="activity_person_name" sortProperty="activity_person_name">
					<Label text="{i18n>employee}" />
					<ui:template>
						<Text text="{cardModel>activity_person_name}" wrapping='false'/>
					</ui:template>
				</ui:Column>
				<ui:Column filterProperty="activity_status_desc" sortProperty="activity_status_desc">
					<Label text="{i18n>status}" />
					<ui:template>
						<Text text="{cardModel>activity_status_desc}" wrapping='false'/>
					</ui:template>
				</ui:Column>
				<ui:Column filterProperty="activity_id" sortProperty="activity_id">
					<Label text="{i18n>country}" />
					<ui:template>
						<Text text="{cardModel>activity_id}" wrapping='false'/>
					</ui:template>
				</ui:Column>
			</ui:columns>
		</ui:Table>
	</ScrollContainer>
</mvc:View>