<mvc:View xmlns:l="sap.ui.layout" xmlns:core="sap.ui.core" xmlns:mvc="sap.ui.core.mvc" xmlns="sap.m"
	xmlns:app="http://schemas.sap.com/sapui5/extension/sap.ui.core.CustomData/1"
	controllerName="com.sap.mcc.workplace.CardComponent.Roadmap.Roadmap">
	<ScrollContainer width="100%" vertical="true" horizontal="false" height="{= ${cardModel>/customers}.length >= 1 ? '30rem' : 'auto'}">
		<VBox items="{path: 'cardModel>/cases', sorter: {path : 'CustomerName'}, templateShareable:false}"
			class="sapUiTinyMarginEnd sapUiTinyMarginTopBottom" width="100%">
			<Panel expandable="true" width="auto" class="sapUiTinyMargin">
				<headerToolbar>
					<OverflowToolbar height="3.3rem" style="Clear">
						<ObjectIdentifier title="{cardModel>CaseID} - {cardModel>CustomerName}" titleActive="true" app:caseID="{cardModel>CaseID}"
							titlePress="onItemPress"/>
						<ToolbarSpacer/>
						<ProgressIndicator width="15%" percentValue="{cardModel>Roadmap/Progress}" displayValue="{cardModel>Roadmap/Progress}%" showValue="true"
							displayOnly="true"/>
					</OverflowToolbar>
				</headerToolbar>
				<content>
					<Title titleStyle="H5" text="Next Steps:" class="sapUiTinyMarginTop"/>
					<Table class="sapUiSizeCompact SorterColor" alternateRowColors="true" items="{ path:'cardModel>Roadmap/Steps', templateShareable:false }"
						width="100%">
						<columns>
							<Column mergeDuplicates="true" width="20%" minScreenWidth="Tablet" demandPopin="true">
								<header>
									<Text text="Phase Name"/>
								</header>
							</Column>
							<Column width="80%">
								<header>
									<Text text="Title" class="sapUiSmallMarginBegin"/>
								</header>
							</Column>
						</columns>
						<ColumnListItem>
							<Text text="{cardModel>phaseName}"/>
							<Text text="{cardModel>name}"/>
						</ColumnListItem>
					</Table>
				</content>
			</Panel>
		</VBox>
	</ScrollContainer>
</mvc:View>