{
	"welcomeFile": "/webapp/index.html",
	"sendWelcomeFileRedirect": false,
	"routes": [{
		"path": "/webapp/resources",
		"target": {
			"type": "service",
			"name": "sapui5",
			"entryPath": "/resources"
		},
		"description": "SAPUI5 Resources"
	}, {
		"path": "/resources",
		"target": {
			"type": "service",
			"name": "sapui5",
			"entryPath": "/resources"
		},
		"description": "SAPUI5 Resources"
	}, {
		"path": "/test-resources",
		"target": {
			"type": "service",
			"name": "sapui5",
			"entryPath": "/test-resources"
		},
		"description": "SAPUI5 Test Resources"
	}, {
		"path": "/sap/opu/odata",
		"target": {
			"type": "destination",
			"name": "int_ic",
			"entryPath": "/sap/opu/odata"
		},
		"description": "PG* Landscape connection"
	},
	{
		"path": "/intis",
		"target": {
			"type": "destination",
			"name": "int_is"
		},
		"description": "IS* Landscape connection"
	},
	{
		"path": "/servicenow",
		"target": {
			"type": "destination",
			"name": "int_snow_uta_bs"
		},
		"description": "Service Now instance of Sandbox"
	},
	{
		"path": "/services/customer/search",
		"target": {
			"type": "destination",
			"name": "int_pg",
			"entryPath": "/sap/opu/odata/sap/ZS_ESCALATIONS/"

		},
		"description": "Gateway to PG*/ to get Customer F4 helpsearch Result"
	}, {
		"path": "/services/ism",
		"target": {
			"type": "destination",
			"name": "int_ism"
		},
		"description": "Incident Solution Matching API"
	}, {
		"path": "/applications",
		"target": {
			"type": "application",
			"name": "*"
		},
		"description": "HANA Cloud Platform Applications"
	},{
      "path": "/help",
      "target": {
        "type": "destination",
        "name": "java_xs0pcd",
        "entryPath": "/help"
      },
      "description": "Java Help Backend"
    },
    {
      "path": "/services/userapi",
      "target": {
        "type": "service",
        "name": "userapi"
        }
	}],
	"securityConstraints": [{
		"permission": "p_sap_employees",
		"description": "Only SAPEmployees are allowed to access the application",
		"protectedPaths": [
			"/"
		]
	}, {
		"permission": "p_neo-app.json_access",
		"description": "Protects the Access to the neo-app.json",
		"protectedPaths": [
			"neo-app.json"
		]
	}]
}