{
	"routes": [{
		"path": "/webapp/resources/sapit",
		"target": {
			"type": "application",
			"name": "sapitlibrary"
		},
		"description": ""
	}, {
		"path": "/resources/sapit",
		"target": {
			"type": "application",
			"name": "sapitlibrary"
		},
		"description": ""
	},  {
		"path": "/sap/ui5/1/resources/sapit",
		"target": {
			"type": "application",
			"name": "sapitlibrary"
		},
		"description": ""
	},{
		"path": "/resources",
		"target": {
			"type": "service",
			"name": "sapui5",
			"entryPath": "/resources"
		},
		"description": "SAPUI5 Resources"
	}, {
		"path": "/test-resources",
		"target": {
			"type": "service",
			"name": "sapui5",
			"entryPath": "/test-resources"
		},
		"description": "SAPUI5 Test Resources"
	}, {
		"path": "/dbmanager/",
		"target": {
			"type": "destination",
			"name": "int_scpmcsdbmanager"
		},
		"description": "Connection to our SCP database II"
	}, {
		"path": "/int_mcshana",
		"target": {
			"type": "destination",
			"name": "int_mcshana"
		},
		"description": "CF HANA OData Service"
	}, {
		"path": "/services/userapi",
		"target": {
			"type": "service",
			"name": "userapi"
		}
	}, {
		"path": "/int_ic",
		"target": {
			"type": "destination",
			"name": "int_ic"
		}
	}, {
		"path": "/int_bc",
		"target": {
			"type": "destination",
			"name": "int_bc"
		}
	}, {
		"path": "/executeRuleCheck",
		"target": {
			"type": "destination",
			"name": "int_casecheckerservice",
			"entryPath": "/executeRuleCheck"
		},
		"description": ""
	}],
	"welcomeFile": "index.html",
	"sendWelcomeFileRedirect": true
}