<mvc:View xmlns:l="sap.ui.layout" xmlns:core="sap.ui.core" xmlns:mvc="sap.ui.core.mvc" xmlns="sap.m"
	controllerName="com.sap.mcc.workplace.CardComponent.TeamMeeting.TeamMeeting">
	<VBox>
		<FlexBox alignItems="Start" justifyContent="SpaceBetween" class="sapUiSmallMarginBeginEnd sapUiSmallMarginTop">
			<items>
				<Title text="{i18n>standup}" titleStyle="H3" />
				<Image id="teamMeetingImage" densityAware="false" tooltip="Head" width="50px">
				</Image>
			</items>
		</FlexBox>
		<l:VerticalLayout width="100%">
			<l:content>
				<core:HTML content='&lt;div class=&quot;content&quot;&gt;&lt;ul&gt;&lt;li&gt;What do I do today? (Very high level)&lt;li&gt;Do I need help/support?&lt;li&gt;Can I offer time?&lt;/&gt;&lt;div&gt;'/>
			</l:content>
		</l:VerticalLayout>
	</VBox>
</mvc:View>