{
	"welcomeFile": "/webapp/index.html",
	"sendWelcomeFileRedirect": false,
	"routes": [{
		"path": "/webapp/resources",
		"target": {
			"type": "service",
			"name": "sapui5",
			"entryPath": "/resources"
		},
		"description": "SAPUI5 Resources"
	}, {
		"path": "/resources",
		"target": {
			"type": "service",
			"name": "sapui5",
			"entryPath": "/resources"
		},
		"description": "SAPUI5 Resources"
	}, {
		"path": "/test-resources",
		"target": {
			"type": "service",
			"name": "sapui5",
			"entryPath": "/test-resources"
		},
		"description": "SAPUI5 Test Resources"
	}, {
		"path": "/sap/opu/odata",
		"target": {
			"type": "destination",
			"name": "int_ic",
			"entryPath": "/sap/opu/odata"
		},
		"description": "PG* Landscape connection"
	}, {
		"path": "/applications",
		"target": {
			"type": "application",
			"name": "*"
		},
		"description": "HANA Cloud Platform Applications"
	}],
	"securityConstraints": [{
		"permission": "p_sap_employees",
		"description": "Only SAPEmployees are allowed to access the application",
		"protectedPaths": [
			"/"
		]
	}, {
		"permission": "p_neo-app.json_access",
		"description": "Protects the Access to the neo-app.json",
		"protectedPaths": [
			"neo-app.json"
		]
	}]
}