<mvc:View xmlns:core="sap.ui.core" xmlns="sap.m"  xmlns:mvc="sap.ui.core.mvc"
	controllerName="com.sap.mcc.workplace.CardComponent.ERAcceptanceRate.ERAcceptanceRate">
	<ScrollContainer id="s1" vertical='true'>
		<VBox class="sapUiSmallMarginBegin sapUiSmallMarginTop sapUiSmallMarginBottom">
			<Label text="accepted out of total" class="sapUiSmallMarginEnd"/>
			<HBox width="95%" class="sapUiSmallMarginTop">
				<items>
					<VBox width="33%">
						<Title text="Current ({cardModel>/data/year})" titleStyle="H5" level="H5"/>
						<NumericContent
							value="{cardModel>/data/percentage}"
							valueColor="{path: 'cardModel>/data/percentage', formatter:'.formatter.NumericContentColor'}"
							scale= "%"
							class="sapUiMediumMarginEnd" width="auto"/>
						<Text text="{cardModel>/data/accepted} out of {cardModel>/data/total}"/>
					</VBox>
					<VBox width="65%" class="sapUiMediumMarginBegin sapUiSmallMarginTop">
						<items>
							<HBox class="sapUiSmallMarginBottom">
								<Title text="{cardModel>/data/year1}:  " titleStyle="H6" level="H6"/>
								<Text text="{cardModel>/data/per1}%" id="per1text" class="sapUiSmallMarginBegin sapUiSmallMarginEnd"/>
								<Text text="&#8594; {cardModel>/data/accepted1} / {cardModel>/data/total1}"/>
							</HBox>
							<HBox class="sapUiSmallMarginBottom">
								<Title text="{cardModel>/data/year2}:  " titleStyle="H6" level="H6"/>
								<Text text="{cardModel>/data/per2}%" id="per2text" class="sapUiSmallMarginBegin sapUiSmallMarginEnd"/>
								<Text text="&#8594; {cardModel>/data/accepted2} / {cardModel>/data/total2}"/>
							</HBox>
							<HBox>
								<Title text="{cardModel>/data/year3}:  " titleStyle="H6" level="H6"/>
								<Text text="{cardModel>/data/per3}%" id="per3text" class="sapUiSmallMarginBegin sapUiSmallMarginEnd"/>
								<Text text="&#8594; {cardModel>/data/accepted3} / {cardModel>/data/total3}"/>
							</HBox>
						</items>
					</VBox>
				</items>
			</HBox>
		</VBox>
	</ScrollContainer>
</mvc:View>