<?xml version="1.0" encoding="utf-8"?>
<edmx:Edmx Version="1.0" xmlns:edmx="http://schemas.microsoft.com/ado/2007/06/edmx" xmlns:m="http://schemas.microsoft.com/ado/2007/08/dataservices/metadata" xmlns:sap="http://www.sap.com/Protocols/SAPData">
    <edmx:DataServices m:DataServiceVersion="2.0">
        <Schema Namespace="/SVT/USER_PROFILE_SRV" xml:lang="en" sap:schema-version="1" xmlns="http://schemas.microsoft.com/ado/2008/09/edm">
            <EntityType Name="Subscription" sap:semantics="subscriptions" sap:content-version="1">
                <Key>
                    <PropertyRef Name="ID"/>
                </Key>
                <Property Name="ID" Type="Edm.String" Nullable="false" MaxLength="32" sap:label="Sub. ID" sap:creatable="false" sap:updatable="false" sap:filterable="false"/>
                <Property Name="user" Type="Edm.String" MaxLength="12" m:FC_TargetPath="SyndicationAuthorName" m:FC_KeepInContent="false" sap:label="User Name" sap:creatable="false" sap:filterable="false"/>
                <Property Name="updated" Type="Edm.DateTime" Precision="0" m:FC_TargetPath="SyndicationUpdated" m:FC_KeepInContent="false" sap:label="Time Stamp" sap:creatable="false" sap:filterable="false"/>
                <Property Name="title" Type="Edm.String" MaxLength="255" m:FC_TargetPath="SyndicationTitle" m:FC_KeepInContent="false" sap:label="Title" sap:filterable="false"/>
                <Property Name="deliveryAddress" Type="Edm.String" sap:label="Delivery Address" sap:filterable="false"/>
                <Property Name="persistNotifications" Type="Edm.Boolean" sap:label="Persist Notification" sap:filterable="false"/>
                <Property Name="collection" Type="Edm.String" MaxLength="40" sap:label="Collection" sap:filterable="false"/>
                <Property Name="filter" Type="Edm.String" sap:label="Filter" sap:filterable="false"/>
                <Property Name="select" Type="Edm.String" MaxLength="255" sap:label="Select" sap:filterable="false"/>
                <Property Name="changeType" Type="Edm.String" MaxLength="30" sap:label="Change Type"/>
            </EntityType>
            <EntityType Name="Notification" sap:semantics="notifications" sap:content-version="1">
                <Key>
                    <PropertyRef Name="ID"/>
                </Key>
                <Property Name="ID" Type="Edm.String" Nullable="false" MaxLength="32" sap:label="Notification ID"/>
                <Property Name="collection" Type="Edm.String" MaxLength="40" sap:label="Collection"/>
                <Property Name="title" Type="Edm.String" m:FC_TargetPath="SyndicationTitle" m:FC_KeepInContent="false" sap:label="Notif. Text"/>
                <Property Name="updated" Type="Edm.DateTime" Precision="0" m:FC_TargetPath="SyndicationUpdated" m:FC_KeepInContent="false" sap:label="Time Stamp"/>
                <Property Name="changeType" Type="Edm.String" MaxLength="30" sap:label="Change Type"/>
                <Property Name="entriesOfInterest" Type="Edm.Int32" sap:label="No. of Entries"/>
                <Property Name="recipient" Type="Edm.String" MaxLength="112" sap:label="Recipient" sap:creatable="false" sap:updatable="false"/>
            </EntityType>
            <EntityType Name="Category" sap:content-version="1">
                <Key>
                    <PropertyRef Name="Name"/>
                </Key>
                <Property Name="Name" Type="Edm.String" Nullable="false" MaxLength="16" sap:creatable="false" sap:updatable="false"/>
                <Property Name="Text" Type="Edm.String" Nullable="false" MaxLength="32" sap:creatable="false" sap:updatable="false" sap:filterable="false"/>
                <Property Name="Description" Type="Edm.String" Nullable="false" MaxLength="128" sap:creatable="false" sap:updatable="false" sap:sortable="false" sap:filterable="false"/>
            </EntityType>
            <EntityType Name="Field" sap:content-version="1">
                <Key>
                    <PropertyRef Name="Attribute"/>
                    <PropertyRef Name="Name"/>
                </Key>
                <Property Name="Attribute" Type="Edm.String" Nullable="false" MaxLength="32" sap:creatable="false" sap:updatable="false"/>
                <Property Name="Name" Type="Edm.String" Nullable="false" MaxLength="32" sap:creatable="false" sap:updatable="false"/>
                <Property Name="Datatype" Type="Edm.String" Nullable="false" MaxLength="3" sap:creatable="false" sap:updatable="false"/>
                <Property Name="Text" Type="Edm.String" Nullable="false" MaxLength="32" sap:creatable="false" sap:updatable="false" sap:filterable="false"/>
                <Property Name="Description" Type="Edm.String" Nullable="false" MaxLength="255" sap:creatable="false" sap:updatable="false" sap:sortable="false" sap:filterable="false"/>
            </EntityType>
            <EntityType Name="Entry" sap:content-version="1">
                <Key>
                    <PropertyRef Name="Username"/>
                    <PropertyRef Name="Attribute"/>
                    <PropertyRef Name="Field"/>
                </Key>
                <Property Name="Username" Type="Edm.String" Nullable="false" MaxLength="12" sap:creatable="false" sap:updatable="false"/>
                <Property Name="Attribute" Type="Edm.String" Nullable="false" MaxLength="32" sap:creatable="false" sap:updatable="false"/>
                <Property Name="Field" Type="Edm.String" Nullable="false" MaxLength="32" sap:creatable="false" sap:updatable="false"/>
                <Property Name="Value" Type="Edm.String" Nullable="false" MaxLength="1024" sap:sortable="false" sap:filterable="false"/>
                <Property Name="Text" Type="Edm.String" Nullable="false" sap:creatable="false" sap:updatable="false" sap:sortable="false" sap:filterable="false"/>
                <NavigationProperty Name="Attributes" Relationship="/SVT/USER_PROFILE_SRV.EntryAttribute" FromRole="FromRole_EntryAttribute" ToRole="ToRole_EntryAttribute"/>
            </EntityType>
            <EntityType Name="Attribute" sap:content-version="1">
                <Key>
                    <PropertyRef Name="Name"/>
                </Key>
                <Property Name="Name" Type="Edm.String" Nullable="false" MaxLength="32" sap:creatable="false" sap:updatable="false"/>
                <Property Name="Category" Type="Edm.String" Nullable="false" MaxLength="16" sap:creatable="false" sap:updatable="false"/>
                <Property Name="Datatype" Type="Edm.String" Nullable="false" MaxLength="3" sap:creatable="false" sap:updatable="false"/>
                <Property Name="Datasource" Type="Edm.String" Nullable="false" MaxLength="4" sap:creatable="false" sap:updatable="false"/>
                <Property Name="Visible" Type="Edm.Boolean" Nullable="false" sap:label="Indicator" sap:creatable="false" sap:updatable="false"/>
                <Property Name="Text" Type="Edm.String" Nullable="false" MaxLength="32" sap:creatable="false" sap:updatable="false" sap:filterable="false"/>
                <Property Name="Description" Type="Edm.String" Nullable="false" MaxLength="255" sap:creatable="false" sap:updatable="false" sap:sortable="false" sap:filterable="false"/>
                <NavigationProperty Name="Entries" Relationship="/SVT/USER_PROFILE_SRV.AttributeEntry" FromRole="FromRole_AttributeEntry" ToRole="ToRole_AttributeEntry"/>
            </EntityType>
            <Association Name="AttributeEntry" sap:content-version="1">
                <End Type="/SVT/USER_PROFILE_SRV.Attribute" Multiplicity="1" Role="FromRole_AttributeEntry"/>
                <End Type="/SVT/USER_PROFILE_SRV.Entry" Multiplicity="*" Role="ToRole_AttributeEntry"/>
                <ReferentialConstraint>
                    <Principal Role="FromRole_AttributeEntry">
                        <PropertyRef Name="Name"/>
                    </Principal>
                    <Dependent Role="ToRole_AttributeEntry">
                        <PropertyRef Name="Attribute"/>
                    </Dependent>
                </ReferentialConstraint>
            </Association>
            <Association Name="EntryAttribute" sap:content-version="1">
                <End Type="/SVT/USER_PROFILE_SRV.Entry" Multiplicity="*" Role="FromRole_EntryAttribute"/>
                <End Type="/SVT/USER_PROFILE_SRV.Attribute" Multiplicity="1" Role="ToRole_EntryAttribute"/>
            </Association>
            <EntityContainer Name="/SVT/USER_PROFILE_SRV_Entities" m:IsDefaultEntityContainer="true" sap:supported-formats="atom json xlsx">
                <EntitySet Name="SubscriptionCollection" EntityType="/SVT/USER_PROFILE_SRV.Subscription" sap:content-version="1"/>
                <EntitySet Name="NotificationCollection" EntityType="/SVT/USER_PROFILE_SRV.Notification" sap:creatable="false" sap:updatable="false" sap:deletable="false" sap:addressable="false" sap:content-version="1"/>
                <EntitySet Name="Categories" EntityType="/SVT/USER_PROFILE_SRV.Category" sap:creatable="false" sap:updatable="false" sap:deletable="false" sap:pageable="false" sap:content-version="1"/>
                <EntitySet Name="Fields" EntityType="/SVT/USER_PROFILE_SRV.Field" sap:creatable="false" sap:updatable="false" sap:deletable="false" sap:pageable="false" sap:content-version="1"/>
                <EntitySet Name="Entries" EntityType="/SVT/USER_PROFILE_SRV.Entry" sap:searchable="true" sap:requires-filter="true" sap:content-version="1"/>
                <EntitySet Name="Attributes" EntityType="/SVT/USER_PROFILE_SRV.Attribute" sap:creatable="false" sap:updatable="false" sap:deletable="false" sap:pageable="false" sap:content-version="1"/>
                <AssociationSet Name="AttributeEntries" Association="/SVT/USER_PROFILE_SRV.AttributeEntry" sap:creatable="false" sap:updatable="false" sap:deletable="false" sap:content-version="1">
                    <End EntitySet="Attributes" Role="FromRole_AttributeEntry"/>
                    <End EntitySet="Entries" Role="ToRole_AttributeEntry"/>
                </AssociationSet>
                <AssociationSet Name="EntriesAttribute" Association="/SVT/USER_PROFILE_SRV.EntryAttribute" sap:creatable="false" sap:updatable="false" sap:deletable="false" sap:content-version="1">
                    <End EntitySet="Entries" Role="FromRole_EntryAttribute"/>
                    <End EntitySet="Attributes" Role="ToRole_EntryAttribute"/>
                </AssociationSet>
            </EntityContainer>
            <atom:link rel="self" href="https://pgtmain.wdf.sap.corp/sap/opu/odata/SVT/USER_PROFILE_SRV/$metadata" xmlns:atom="http://www.w3.org/2005/Atom"/>
            <atom:link rel="latest-version" href="https://pgtmain.wdf.sap.corp/sap/opu/odata/SVT/USER_PROFILE_SRV/$metadata" xmlns:atom="http://www.w3.org/2005/Atom"/>
        </Schema>
    </edmx:DataServices>
</edmx:Edmx>