<mvc:View xmlns:core="sap.ui.core" xmlns="sap.m" xmlns:mvc="sap.ui.core.mvc" xmlns:ui="sap.ui.table"
	controllerName="com.sap.mcc.workplace.CardComponent.BusinessDowns.BusinessDowns">
	<ScrollContainer width="100%" vertical="true" horizontal="false">
		<ui:Table id="table-mcs-openBusinessDowns" rows="{cardModel>/results}" alternateRowColors="true" enableCellFilter="true"
		cellClick="onSelectionChange" selectionMode="None" noData="{= ${cardModel>/busy} ? 'Loading data...' : 'No Data'}"
		visibleRowCount="{= ${cardModel>/results}.length > 9 ? 10 : ${cardModel>/results}.length}">
			<ui:columns>
				<ui:Column filterProperty="CustomerName" sortProperty="CustomerName">
					<Label text="{i18n>customerName}" />
					<ui:template>
						<Text text="{cardModel>CustomerName}" wrapping='false'/>
					</ui:template>
				</ui:Column>
				<ui:Column filterProperty="CaseTitle" sortProperty="CaseTitle">
					<Label text="{i18n>issue}" />
					<ui:template>
						<Text text="{cardModel>CaseTitle}" wrapping='false'/>
					</ui:template>
				</ui:Column>
				<ui:Column filterProperty="CreateTime" sortProperty="CreateTime">
					<Label text="{i18n>openFor}" />
					<ui:template>
						<Text text="{ path: 'cardModel>CreateTime', formatter: '.formatter.getDaysSince' }" wrapping='false'/>
					</ui:template>
				</ui:Column>
				<ui:Column filterProperty="CreateTime" sortProperty="CreateTime">
					<Label text="{i18n>createDate}" />
					<ui:template>
						<Text text="{ path: 'cardModel>CreateTime',  type: 'sap.ui.model.type.Date', formatOptions: { style: 'medium', UTC: true }}" wrapping='false'/>
					</ui:template>
				</ui:Column>
				<ui:Column filterProperty="CustomerCountry" sortProperty="CustomerCountry">
					<Label text="{i18n>country}" />
					<ui:template>
						<Text text="{cardModel>CustomerCountry}" wrapping='false'/>
					</ui:template>
				</ui:Column>
				<ui:Column filterProperty="CaseID" sortProperty="CaseID">
					<Label text="{i18n>caseId}" />
					<ui:template>
						<Text text="{cardModel>CaseID}" wrapping='false'/>
					</ui:template>
				</ui:Column>
				<ui:Column>
					<Label text="{i18n>Type}"/>
					<ui:template>
						<Text text="{cardModel>Type}" wrapping="false" />
					</ui:template>
				</ui:Column>
				<ui:Column filterProperty="StatusText" sortProperty="StatusText">
					<Label text="{i18n>status}" />
					<ui:template>
						<Text text="{cardModel>StatusText}" wrapping='false'/>
					</ui:template>
				</ui:Column>
			</ui:columns>
		</ui:Table>		
	</ScrollContainer>
</mvc:View>