[{
	"name": "MainCustomerId",
	"type": "String",
	"label": "Main Customer Id"
}, {
	"name": "MainCustomerName",
	"type": "String",
	"label": "Main Customer Name"
}, {
	"name": "ExtKey",
	"type": "String",
	"label": "Case ID"
}, {
	"name": "CaseTitle",
	"type": "String",
	"label": "Case Description"
}, {
	"name": "StatOrdernoText",
	"type": "String",
	"label": "Case Status"
}, {
	"name": "CategoryText",
	"type": "String",
	"label": "Category Description"
}, {
	"name": "InitiativeText",
	"type": "String",
	"label": "Initiative"
}, {
	"name": "ReasonCodeText",
	"type": "String",
	"label": "Reason"
}, {
	"name": "ZzfcusttypText",
	"type": "String",
	"label": "Customer Type"
}, {
	"name": "ZzfgoliveD",
	"type": "DateTime",
	"label": "Go Live"
}, {
	"name": "ChangeTime",
	"type": "DateTime",
	"label": "Change Time"
},{
	"name": "CaseGuid",
	"type": "String",
	"label": "Case Key"
}, {
	"name": "CaseType",
	"type": "String",
	"label": "Case Type"
}, {
	"name": "CreatedBy",
	"type": "String",
	"label": "Created By"
}, {
	"name": "CreateTime",
	"type": "DateTime",
	"label": "Create Time"
}, {
	"name": "ChangedBy",
	"type": "String",
	"label": "Changed By"
}, {
	"name": "ClosedBy",
	"type": "String",
	"label": "Closed By"
}, {
	"name": "ClosingTime",
	"type": "DateTime",
	"label": "Closing Time"
}, {
	"name": "PlanEndDate",
	"type": "DateTime",
	"label": "Planned Close Date"
}, {
	"name": "Processor",
	"type": "String",
	"label": "Processor"
}, {
	"name": "Responsible",
	"type": "String",
	"label": "Person Respons."
}, {
	"name": "EscalReason",
	"type": "String",
	"label": "Escalation Reason"
}, {
	"name": "Category",
	"type": "String",
	"label": "Category"
}, {
	"name": "Priority",
	"type": "String",
	"label": "Priority"
}, {
	"name": "StatLine",
	"type": "String",
	"label": "System Status"
}, {
	"name": "StatUserLine",
	"type": "String",
	"label": "User Status"
}, {
	"name": "MainPv",
	"type": "String",
	"label": "PPMS Key"
}, {
	"name": "MainPvt",
	"type": "String",
	"label": "Main Product Description"
}, {
	"name": "MainPl",
	"type": "String",
	"label": "Main Product Line Number"
}, {
	"name": "MainPlt",
	"type": "String",
	"label": "Main Product Line Name"
}, {
	"name": "MainPc",
	"type": "String",
	"label": "Main Product Category"
}, {
	"name": "MainPct",
	"type": "String",
	"label": "Main Product Category Name"
}, {
	"name": "CrmCaseTitle",
	"type": "String",
	"label": "Heading"
}, {
	"name": "ProdCatId",
	"type": "String",
	"label": "Product Cat."
}, {
	"name": "ZzsSalesOrg",
	"type": "String",
	"label": "Sales Org (tech.)"
}, {
	"name": "ZzsRating",
	"type": "String",
	"label": "Rating"
}, {
	"name": "ZzsServiceOrg",
	"type": "String",
	"label": "Service Org (tech.)"
}, {
	"name": "ZzsRiskAmount",
	"type": "Decimal",
	"label": "Revenue at Risk"
}, {
	"name": "ZzsRskAmtCurr",
	"type": "String",
	"label": "Currency"
}, {
	"name": "ZzsRiskLevel",
	"type": "String",
	"label": "Risk Level"
}, {
	"name": "ZzsStatReason",
	"type": "String",
	"label": "Reason for Status"
}, {
	"name": "ZzsStatReasonText",
	"type": "String",
	"label": "Text"
}, {
	"name": "ZzsServorgUnit",
	"type": "String",
	"label": "Service Org. Unit"
}, {
	"name": "Zzfvaluediscovws",
	"type": "String",
	"label": "Value Discovery Work"
}, {
	"name": "Zzfarchroadsrv",
	"type": "String",
	"label": "Architecture and Rao"
}, {
	"name": "Zzftechmigrpract",
	"type": "String",
	"label": "Technical Migration"
}, {
	"name": "Zzfmigrationplan",
	"type": "String",
	"label": "Migration Planning"
}, {
	"name": "Zzfinnovstrategy",
	"type": "String",
	"label": "Innovation Strategy"
}, {
	"name": "Zzfengapackage",
	"type": "String",
	"label": "Engagement Package"
}, {
	"name": "Zzfhanafinance",
	"type": "String",
	"label": "S/4HANA Finance"
}, {
	"name": "Zzfhanalogistics",
	"type": "String",
	"label": "S/4HANA Logistics"
}, {
	"name": "Zzficcengdevpro",
	"type": "String",
	"label": "Prototyping/PoC"
}, {
	"name": "Zzficcenggapval",
	"type": "String",
	"label": "Gap Validation"
}, {
	"name": "Zzficcenginteval",
	"type": "String",
	"label": "Integration Validati"
}, {
	"name": "Zzficcengothfocu",
	"type": "String",
	"label": "Other ICC Topic"
}, {
	"name": "Zzficcengstatus",
	"type": "String",
	"label": "ICC Engagement Statu"
}, {
	"name": "Zzficcroaddiscov",
	"type": "String",
	"label": "Roadmap/Discovery"
}, {
	"name": "Zzficcmodelcompa",
	"type": "String",
	"label": "Model Company"
}, {
	"name": "Zzficcuserexperi",
	"type": "String",
	"label": "User Experience"
}, {
	"name": "Zzficctranstoops",
	"type": "String",
	"label": "Transition to Operat"
}, {
	"name": "Zzfqgatesno",
	"type": "String",
	"label": "No."
}, {
	"name": "Zzfqgatesstart",
	"type": "DateTime",
	"label": "Start Date"
}, {
	"name": "Zzfqgatesfinish",
	"type": "DateTime",
	"label": "Finish Date"
}, {
	"name": "Zzfqgatesstatus",
	"type": "String",
	"label": "Status"
}, {
	"name": "Zzfqgatessevere",
	"type": "String",
	"label": "Severity"
}, {
	"name": "Zzfqgatesphases",
	"type": "String",
	"label": "Target Phase"
}, {
	"name": "ZzsExternal",
	"type": "String",
	"label": "External"
}, {
	"name": "ZzsScenario",
	"type": "String",
	"label": "Scenario Type"
}, {
	"name": "ZzsMarketUnit",
	"type": "String",
	"label": "Market Unit"
}, {
	"name": "ZzsMaincontract",
	"type": "String",
	"label": "Main Contract"
}, {
	"name": "ZzsSnowSysid",
	"type": "String",
	"label": "SYS_ID"
}, {
	"name": "ZzsIncidentPoi",
	"type": "String",
	"label": "BCP Incident Pointer"
}, {
	"name": "ZzsProctype",
	"type": "String",
	"label": "Process Type"
}, {
	"name": "ZzsTrend",
	"type": "String",
	"label": "Trend"
}, {
	"name": "ZzsTrendImage",
	"type": "String",
	"label": "Trend Image"
}, {
	"name": "Zzfivengstatus",
	"type": "String",
	"label": "IV Engagement Status"
}, {
	"name": "PartnerNo",
	"type": "String",
	"label": "Partner Number"
}, {
	"name": "PartnerFct",
	"type": "String",
	"label": "Partner Function"
}, {
	"name": "CrmMainPartner",
	"type": "String",
	"label": "Main Partner"
}, {
	"name": "ProductId",
	"type": "String",
	"label": "Product ID"
}, {
	"name": "MainProduct",
	"type": "String",
	"label": "MainProduct"
}, {
	"name": "Pv",
	"type": "String",
	"label": "PPMS Key"
}, {
	"name": "Pvt",
	"type": "String",
	"label": "Description"
}, {
	"name": "Pl",
	"type": "String",
	"label": "Product Line Number"
}, {
	"name": "Plt",
	"type": "String",
	"label": "Product Line Name"
}, {
	"name": "Pc",
	"type": "String",
	"label": "Product Category"
}, {
	"name": "Pct",
	"type": "String",
	"label": "Product Category Nam"
}, {
	"name": "Zsfflwupdt",
	"type": "DateTime",
	"label": "Follow-up date"
}, {
	"name": "Zzfcusttyp",
	"type": "String",
	"label": "Customer Type"
}, {
	"name": "Zzfcsttpdt",
	"type": "String",
	"label": "Details to cust type"
}, {
	"name": "Zzfprjtype",
	"type": "String",
	"label": "Project Type"
}, {
	"name": "Zzfprjphs",
	"type": "String",
	"label": "Project Phase"
}, {
	"name": "Zzfprojlead",
	"type": "String",
	"label": "Project Lead"
}, {
	"name": "Zzfprojcmnt",
	"type": "String",
	"label": "Project Comments"
}, {
	"name": "Zzfprjstrtd",
	"type": "DateTime",
	"label": "Project Start"
}, {
	"name": "ZzfrolloutD",
	"type": "DateTime",
	"label": "Rollout"
}, {
	"name": "Zzfglrloutd",
	"type": "String",
	"label": "Descr GL Rollout"
}, {
	"name": "Zzfscenario",
	"type": "String",
	"label": "Scenario"
}, {
	"name": "Zzfusecassc",
	"type": "String",
	"label": "Use Case Scope"
}, {
	"name": "Zzfusecasdt",
	"type": "String",
	"label": "Use Case details"
}, {
	"name": "ZzfnumUsrs",
	"type": "String",
	"label": "Number of user"
}, {
	"name": "Zzfimplpart",
	"type": "String",
	"label": "Implementation partn"
}, {
	"name": "Zzfagsinvol",
	"type": "String",
	"label": "SAP Involvement"
}, {
	"name": "ZzsAgsRefCust",
	"type": "String",
	"label": "Reference Customer"
}, {
	"name": "Zzfsolmanstatus",
	"type": "String",
	"label": "Solution Manager Sta"
}, {
	"name": "Zzfheccustomer",
	"type": "String",
	"label": "SAP HEC Customer"
}, {
	"name": "Zzfsupchannel",
	"type": "String",
	"label": "Support Channel"
}, {
	"name": "Zzfsysnoprod",
	"type": "String",
	"label": "SAP System Number"
}, {
	"name": "Zzfonpremcloud",
	"type": "String",
	"label": "Deployment Type"
}, {
	"name": "Zzfsapprogram",
	"type": "String",
	"label": "SAP Program"
}, {
	"name": "Zzfld0000dv",
	"type": "String",
	"label": "Use Case (Scope)"
}, {
	"name": "Zzfld0000dw",
	"type": "String",
	"label": "Use Case (Scope) det"
}, {
	"name": "Zzfld0000dx",
	"type": "String",
	"label": "HANA HW provider"
}, {
	"name": "Zzfld0000dy",
	"type": "String",
	"label": "HANA HW mem Prod GB"
}, {
	"name": "Zzfld0000dz",
	"type": "String",
	"label": "Current HANA Rev"
}, {
	"name": "Zzfld0000e0",
	"type": "String",
	"label": "Expected data vol GB"
}, {
	"name": "Zzfld0000e1",
	"type": "String",
	"label": "HANA HW cores total"
}, {
	"name": "Zzfld0000e2",
	"type": "String",
	"label": "HANA scale-out numb"
}, {
	"name": "Zzfld0000e3",
	"type": "String",
	"label": "HANA Source System"
}, {
	"name": "Zzfld0000e4",
	"type": "String",
	"label": "High Availabl used"
}, {
	"name": "Zzfld0000e5",
	"type": "String",
	"label": "Max concurrent users"
}, {
	"name": "Zzfld0000e6",
	"type": "String",
	"label": "Replication Technolo"
}, {
	"name": "Zzfld0000e7",
	"type": "String",
	"label": "Dscr avlbl sys lndsc"
}, {
	"name": "Zzfld0000e8",
	"type": "String",
	"label": "Dscr avlbl bus proc"
}, {
	"name": "Zzfld0000e9",
	"type": "String",
	"label": "Dscr avlbl interface"
}, {
	"name": "Zzfld0000qo",
	"type": "String",
	"label": "Remote connect. BOBJ"
}, {
	"name": "Zzfld0000qp",
	"type": "String",
	"label": "Remote connect. HANA"
}, {
	"name": "Zzfhanastaserv",
	"type": "String",
	"label": "Statistic Server"
}, {
	"name": "Zzfhanamultiten",
	"type": "String",
	"label": "Multi-Tenant DB"
}, {
	"name": "Zzfhanabackup",
	"type": "String",
	"label": "Backup"
}, {
	"name": "Zzfhanainstno",
	"type": "String",
	"label": "SAP System number"
}, {
	"name": "Zzflicesold",
	"type": "String",
	"label": "License Sold"
}, {
	"name": "Zzfrptlicen",
	"type": "String",
	"label": "RPT License"
}, {
	"name": "Zzfrptliced",
	"type": "DateTime",
	"label": "RPT License enddate"
}, {
	"name": "Zzfdevices",
	"type": "String",
	"label": "Devices"
}, {
	"name": "Zzfprddescr",
	"type": "String",
	"label": "Products description"
}, {
	"name": "Zzfnwswkrn",
	"type": "String",
	"label": "NW Switch kernel"
}, {
	"name": "Zzflinkinfo",
	"type": "String",
	"label": "Link to further info"
}, {
	"name": "Zzfprojecid",
	"type": "String",
	"label": "Project ID"
}, {
	"name": "ZzfglCheck",
	"type": "String",
	"label": "GL Check"
}, {
	"name": "Zzfcqcbpopr",
	"type": "String",
	"label": "CQC BPPO RPO"
}, {
	"name": "Zzf000Gls",
	"type": "String",
	"label": "GLS"
}, {
	"name": "Zzfsolbscfg",
	"type": "String",
	"label": "Solman Basic Config"
}, {
	"name": "Zzfsysadmop",
	"type": "String",
	"label": "SysAdmin Admin Ops"
}, {
	"name": "Zzfsysadmtr",
	"type": "String",
	"label": "SysAdmin Moni_Tro"
}, {
	"name": "Zzfriskaval",
	"type": "String",
	"label": "Risk evaluation"
}, {
	"name": "Zzfewaimpls",
	"type": "String",
	"label": "EWA impl Status"
}, {
	"name": "Zzflastrevd",
	"type": "DateTime",
	"label": "Last Review"
}, {
	"name": "Zzfnextrevd",
	"type": "DateTime",
	"label": "Next Review"
}, {
	"name": "Zzfcarelevel",
	"type": "String",
	"label": "Customer Type"
}, {
	"name": "Zzfactionorg",
	"type": "String",
	"label": "Actionable Org."
}, {
	"name": "IiZzfivengstatus",
	"type": "String",
	"label": "IV Engagement Status"
}, {
	"name": "Zzfivstartdate",
	"type": "DateTime",
	"label": "IV Start Date"
}, {
	"name": "Zzfivenddate",
	"type": "DateTime",
	"label": "IV End Date"
}, {
	"name": "Zzfivplandays",
	"type": "String",
	"label": "Planned IV Days"
}, {
	"name": "Zzfivscenarios",
	"type": "String",
	"label": "Scenarios IV Scope"
}, {
	"name": "Zzfivdataconsist",
	"type": "String",
	"label": "Data Consistency"
}, {
	"name": "Zzfivexceptmgmt",
	"type": "String",
	"label": "Exception Management"
}, {
	"name": "Zzfivsysintqueue",
	"type": "String",
	"label": "Integration & Queues"
}, {
	"name": "Zzfivperfscala",
	"type": "String",
	"label": "Speed & Scalability"
}, {
	"name": "Zzfivjobvolproc",
	"type": "String",
	"label": "Job & Volume Process"
}, {
	"name": "IcZzficcengdevpro",
	"type": "String",
	"label": "Prototyping/PoC"
}, {
	"name": "IcZzficcengbluesup",
	"type": "String",
	"label": "Build Design Support"
}, {
	"name": "IcZzficcenggapval",
	"type": "String",
	"label": "Gap Validation"
}, {
	"name": "IcZzficcenginteval",
	"type": "String",
	"label": "Integration Validati"
}, {
	"name": "IcZzficcengothfocu",
	"type": "String",
	"label": "Other ICC Topic"
}, {
	"name": "IcZzficcengothfoci",
	"type": "String",
	"label": "Other ICC Topic Desc"
}, {
	"name": "IcZzficcengsolman",
	"type": "String",
	"label": "SolMan-ST ICC Add on"
}, {
	"name": "IcZzficcengcustinf",
	"type": "String",
	"label": "ICC Customer Info"
}, {
	"name": "IcZzficcengaction",
	"type": "String",
	"label": "ICC Action Plan"
}, {
	"name": "IcZzficcengobject",
	"type": "String",
	"label": "ICC Objectives"
}, {
	"name": "IcZzficcengstatus",
	"type": "String",
	"label": "ICC Engagement Statu"
}, {
	"name": "IcZzficcoverplanda",
	"type": "String",
	"label": "Overall planned ICC"
}, {
	"name": "IcZzficcstartdate",
	"type": "DateTime",
	"label": "ICC Start Date"
}, {
	"name": "IcZzficcenddate",
	"type": "DateTime",
	"label": "ICC End Date"
}, {
	"name": "IcZzficcroaddiscov",
	"type": "String",
	"label": "Roadmap/Discovery"
}, {
	"name": "IcZzficcmodelcompa",
	"type": "String",
	"label": "Model Company"
}, {
	"name": "IcZzficcuserexperi",
	"type": "String",
	"label": "User Experience"
}, {
	"name": "IcZzficctranstoops",
	"type": "String",
	"label": "Transition to Operat"
}]