[
    {"name":"MainCustomerId","type":"String","label":"Main Customer Id","visible": true}
    ,{"name":"MainCustomerName","type":"String","label":"Main Customer Name","visible": true}
    ,{"name":"ExtKey","type":"String","label":"Case ID","visible": true}
    ,{"name":"CaseTitle","type":"String","label":"Case Description","visible": true}
    ,{"name":"StatOrdernoText","type":"String","label":"Case Status","visible": true}
    ,{"name":"CategoryText","type":"String","label":"Category Description","visible": true}
    ,{"name":"InitiativeText","type":"String","label":"Initiative","visible": true}
    ,{"name":"ReasonCodeText","type":"String","label":"Reason","visible": true}
    ,{"name":"ZzfcusttypText","type":"String","label":"Customer Type","visible": true}
    ,{"name":"ChangeTime","type":"Date","label":"Change Time","visible": true}
    ,{"name":"ZzfgoliveD","type":"Date","label":"Go Live","visible": true}
    ,{"name":"CaseGuid","type":"String","label":"Case Key","visible": false}
    ,{"name":"CaseType","type":"String","label":"Case Type","visible": false}
    ,{"name":"CreatedBy","type":"String","label":"Created By","visible": false}
    ,{"name":"CreateTime","type":"Date","label":"Create Time","visible": false}
    ,{"name":"ChangedBy","type":"String","label":"Changed By","visible": false}
    ,{"name":"ClosedBy","type":"String","label":"Closed By","visible": false}
    ,{"name":"ClosingTime","type":"Date","label":"Closing Time","visible": false}
    ,{"name":"PlanEndDate","type":"Date","label":"Planned Close Date","visible": false}
    ,{"name":"Processor","type":"String","label":"Processor","visible": false}
    ,{"name":"Responsible","type":"String","label":"Person Respons.","visible": false}
    ,{"name":"EscalReason","type":"String","label":"Escalation Reason","visible": false}
    ,{"name":"Category","type":"String","label":"Category","visible": false}
    ,{"name":"Priority","type":"String","label":"Priority","visible": false}
    ,{"name":"StatLine","type":"String","label":"System Status","visible": false}
    ,{"name":"StatUserLine","type":"String","label":"User Status","visible": false}
    ,{"name":"MainServiceTeam","type":"String","label":"Partner Number","visible": false}
    ,{"name":"MainPv","type":"String","label":"Main PPMS Key","visible": false}
    ,{"name":"MainPvt","type":"String","label":"Main Product Description","visible": false}
    ,{"name":"MainPl","type":"String","label":"Main Product Line Number","visible": false}
    ,{"name":"MainPlt","type":"String","label":"Main Product Line Name","visible": false}
    ,{"name":"MainPc","type":"String","label":"Main Product Category","visible": false}
    ,{"name":"MainPct","type":"String","label":"Main Product Category Name","visible": false}
    ,{"name":"CrmCaseTitle","type":"String","label":"Heading","visible": false}
    ,{"name":"ProdCatId","type":"String","label":"Product Cat.","visible": false}
    ,{"name":"ZzsSalesOrg","type":"String","label":"Sales Org (tech.)","visible": false}
    ,{"name":"ZzsRating","type":"String","label":"Rating","visible": false}
    ,{"name":"ZzsServiceOrg","type":"String","label":"Service Org (tech.)","visible": false}
    ,{"name":"ZzsRiskAmount","type":"Decimal","label":"Revenue at Risk","visible": false}
    ,{"name":"ZzsRskAmtCurr","type":"String","label":"Currency","visible": false}
    ,{"name":"ZzsRiskLevel","type":"String","label":"Risk Level","visible": false}
    ,{"name":"ZzsStatReason","type":"String","label":"Reason for Status","visible": false}
    ,{"name":"ZzsStatReasonText","type":"String","label":"Text","visible": false}
    ,{"name":"ZzsServorgUnit","type":"String","label":"Service Org. Unit","visible": false}
    ,{"name":"Zzfqgatesno","type":"String","label":"No.","visible": false}
    ,{"name":"ZzsExternal","type":"String","label":"External","visible": false}
    ,{"name":"ZzsScenario","type":"String","label":"Scenario Type","visible": false}
    ,{"name":"ZzsMarketUnit","type":"String","label":"Market Unit","visible": false}
    ,{"name":"ZzsMaincontract","type":"String","label":"Main Contract","visible": false}
    ,{"name":"ZzsSnowSysid","type":"String","label":"SYS_ID","visible": false}
    ,{"name":"ZzsIncidentPoi","type":"String","label":"BCP Incident Pointer","visible": false}
    ,{"name":"ZzsProctype","type":"String","label":"Process Type","visible": false}
    ,{"name":"ZzsTrend","type":"String","label":"Trend","visible": false}
    ,{"name":"ZzsTrendImage","type":"String","label":"Trend Image","visible": false}
    ,{"name":"PartnerNo","type":"String","label":"Partner Number","visible": false}
    ,{"name":"PartnerFct","type":"String","label":"Partner Function","visible": false}
    ,{"name":"CrmMainPartner","type":"String","label":"Main Partner","visible": false}
    ,{"name":"ProductId","type":"String","label":"Product ID","visible": false}
    ,{"name":"MainProduct","type":"String","label":"Main Product","visible": false}
    ,{"name":"Pv","type":"String","label":"PPMS Key","visible": false}
    ,{"name":"Pvt","type":"String","label":"Description","visible": false}
    ,{"name":"Pl","type":"String","label":"Product Line Number","visible": false}
    ,{"name":"Plt","type":"String","label":"Product Line Name","visible": false}
    ,{"name":"Pc","type":"String","label":"Product Category","visible": false}
    ,{"name":"Pct","type":"String","label":"Product Category Nam","visible": false}
    ,{"name":"Zsfflwupdt","type":"Date","label":"Follow-up date","visible": false}
    ,{"name":"Zzfcusttyp","type":"String","label":"Customer Type","visible": false}
    ,{"name":"Zzfcsttpdt","type":"String","label":"Details to cust type","visible": false}
    ,{"name":"Zzfprjtype","type":"String","label":"Project Type","visible": false}
    ,{"name":"Zzfprjphs","type":"String","label":"Project Phase","visible": false}
    ,{"name":"Zzfprojlead","type":"String","label":"Project Lead","visible": false}
    ,{"name":"Zzfprojcmnt","type":"String","label":"Project Comments","visible": false}
    ,{"name":"Zzfprjstrtd","type":"Date","label":"Project Start","visible": false}
    ,{"name":"ZzfrolloutD","type":"Date","label":"Rollout","visible": false}
    ,{"name":"Zzfglrloutd","type":"String","label":"Descr GL Rollout","visible": false}
    ,{"name":"Zzfscenario","type":"String","label":"Scenario","visible": false}
    ,{"name":"Zzfusecassc","type":"String","label":"Use Case Scope","visible": false}
    ,{"name":"Zzfusecasdt","type":"String","label":"Use Case details","visible": false}
    ,{"name":"ZzfnumUsrs","type":"String","label":"Number of user","visible": false}
    ,{"name":"Zzfimplpart","type":"String","label":"Implementation partn","visible": false}
    ,{"name":"Zzfagsinvol","type":"String","label":"SAP Involvement","visible": false}
    ,{"name":"ZzsAgsRefCust","type":"String","label":"Reference Customer","visible": false}
    ,{"name":"Zzfsolmanstatus","type":"String","label":"Solution Manager Sta","visible": false}
    ,{"name":"Zzfheccustomer","type":"String","label":"SAP HEC Customer","visible": false}
    ,{"name":"Zzfsupchannel","type":"String","label":"Support Channel","visible": false}
    ,{"name":"Zzfsysnoprod","type":"String","label":"SAP System Number","visible": false}
    ,{"name":"Zzfonpremcloud","type":"String","label":"Deployment Type","visible": false}
    ,{"name":"Zzfsapprogram","type":"String","label":"SAP Program","visible": false}
    ,{"name":"Zzfld0000dv","type":"String","label":"Use Case (Scope)","visible": false}
    ,{"name":"Zzfld0000dw","type":"String","label":"Use Case (Scope) det","visible": false}
    ,{"name":"Zzfcarelevel","type":"String","label":"Customer Type","visible": false}]