<?xml version="1.0" encoding="UTF-8"?>
<edmx:Edmx xmlns:edmx="http://schemas.microsoft.com/ado/2007/06/edmx" xmlns:gp="http://www.sap.com/Protocols/SAPData/GenericPlayer" xmlns:sap="http://www.sap.com/Protocols/SAPData" xmlns:ux="http://www.sap.com/Protocols/OData4SAP/UX" Version="1.0">
   <edmx:DataServices xmlns:m="http://schemas.microsoft.com/ado/2007/08/dataservices/metadata" m:DataServiceVersion="2.0">
      <Schema xmlns="http://schemas.microsoft.com/ado/2008/09/edm" Namespace="MCSCardsOVP">
         <EntityType Name="CardPositions">
            <Key>
               <PropertyRef Name="ID" />
            </Key>
            <Property Name="ID" Type="Edm.Guid" Nullable="false" />
            <Property Name="User" Type="Edm.String" />
            <Property Name="Profile" Type="Edm.String" />
            <Property Name="CardOrder" Type="Edm.String" />
         </EntityType>
         <EntityType Name="Cards">
            <Key>
               <PropertyRef Name="CardID" />
            </Key>
            <Property Name="CardID" Type="Edm.String" Nullable="false" />
            <Property Name="DefaultRole" Type="Edm.String" />
            <Property Name="Description" Type="Edm.String" />
            <Property Name="cardWidth" Type="Edm.Int32" />
            <Property Name="cardHeight" Type="Edm.Int32" />
            <Property Name="LayoutColumns" Type="Edm.Int32" />
            <Property Name="FilterProperty" Type="Edm.String" />
         </EntityType>
         <EntityType Name="Links">
            <Key>
               <PropertyRef Name="LinkID" />
            </Key>
            <Property Name="LinkID" Type="Edm.Guid" Nullable="false" />
            <Property Name="Url" Type="Edm.String" />
            <Property Name="Description" Type="Edm.String" />
            <Property Name="CreatedBy" Type="Edm.String" />
            <NavigationProperty Name="UserLinks" Relationship="MCSCardsOVP.UserLinks_Links" FromRole="Links" ToRole="UserLinks" />
         </EntityType>
         <EntityType Name="Roles">
            <Key>
               <PropertyRef Name="ID" />
            </Key>
            <Property Name="ID" Type="Edm.Guid" Nullable="false" />
            <Property Name="RoleID" Type="Edm.String" />
            <Property Name="RoleName" Type="Edm.String" />
            <Property Name="CreatedBy" Type="Edm.String" />
            <NavigationProperty Name="UserRoles" Relationship="MCSCardsOVP.UserRoles_Roles" FromRole="Roles" ToRole="UserRoles" />
         </EntityType>
         <EntityType Name="UserLinks">
            <Key>
               <PropertyRef Name="ID" />
            </Key>
            <Property Name="ID" Type="Edm.Guid" Nullable="false" />
            <Property Name="UserID" Type="Edm.String" />
            <Property Name="LinkOrder" Type="Edm.Int32" />
            <Property Name="Links_LinkID" Type="Edm.Guid" />
            <NavigationProperty Name="Links" Relationship="MCSCardsOVP.UserLinks_Links" FromRole="UserLinks" ToRole="Links" />
         </EntityType>
         <EntityType Name="UserRoles">
            <Key>
               <PropertyRef Name="ID" />
            </Key>
            <Property Name="ID" Type="Edm.Guid" Nullable="false" />
            <Property Name="UserID" Type="Edm.String" />
            <Property Name="RoleID" Type="Edm.String" />
            <Property Name="Position" Type="Edm.Int32" />
            <Property Name="CardOrder" Type="Edm.String" />
            <Property Name="Roles_ID" Type="Edm.Guid" />
            <NavigationProperty Name="Roles" Relationship="MCSCardsOVP.UserRoles_Roles" FromRole="UserRoles" ToRole="Roles" />
         </EntityType>
         <Association Name="UserLinks_Links">
            <End Type="MCSCardsOVP.UserLinks" Multiplicity="*" Role="UserLinks" />
            <End Type="MCSCardsOVP.Links" Multiplicity="0..1" Role="Links" />
            <ReferentialConstraint>
               <Principal Role="Links">
                  <PropertyRef Name="LinkID" />
               </Principal>
               <Dependent Role="UserLinks">
                  <PropertyRef Name="Links_LinkID" />
               </Dependent>
            </ReferentialConstraint>
         </Association>
         <Association Name="UserRoles_Roles">
            <End Type="MCSCardsOVP.UserRoles" Multiplicity="*" Role="UserRoles" />
            <End Type="MCSCardsOVP.Roles" Multiplicity="0..1" Role="Roles" />
            <ReferentialConstraint>
               <Principal Role="Roles">
                  <PropertyRef Name="ID" />
               </Principal>
               <Dependent Role="UserRoles">
                  <PropertyRef Name="Roles_ID" />
               </Dependent>
            </ReferentialConstraint>
         </Association>
         <EntityContainer Name="EntityContainer" m:IsDefaultEntityContainer="true">
            <EntitySet Name="CardPositions" EntityType="MCSCardsOVP.CardPositions" />
            <EntitySet Name="Cards" EntityType="MCSCardsOVP.Cards" />
            <EntitySet Name="Links" EntityType="MCSCardsOVP.Links" />
            <EntitySet Name="Roles" EntityType="MCSCardsOVP.Roles" />
            <EntitySet Name="UserLinks" EntityType="MCSCardsOVP.UserLinks" />
            <EntitySet Name="UserRoles" EntityType="MCSCardsOVP.UserRoles" />
            <AssociationSet Name="UserLinks_Links" Association="MCSCardsOVP.UserLinks_Links">
               <End EntitySet="UserLinks" Role="UserLinks" />
               <End EntitySet="Links" Role="Links" />
            </AssociationSet>
            <AssociationSet Name="UserRoles_Roles" Association="MCSCardsOVP.UserRoles_Roles">
               <End EntitySet="UserRoles" Role="UserRoles" />
               <End EntitySet="Roles" Role="Roles" />
            </AssociationSet>
         </EntityContainer>
      </Schema>
   </edmx:DataServices>
</edmx:Edmx>