{
	"welcomeFile": "/webapp/test/testFLPService.html",
	"headerWhiteList": ["X-HTTP-Method"],
	"routes": [
		{
		"path": "/resources/sapit",
		"target": {
			"type": "application",
			"name": "sapitlibrary"
		},
		"description": ""
	},
	{
		"path": "/webapp/resources",
		"target": {
			"type": "service",
			"name": "sapui5",
			"entryPath": "/resources"
		},
		"description": "SAPUI5 Resources"
	}, {
		"path": "/webapp/test-resources",
		"target": {
			"type": "service",
			"name": "sapui5",
			"entryPath": "/test-resources"
		},
		"description": "SAPUI5 Test Resources"
	}, {
		"path": "/resources",
		"target": {
			"type": "service",
			"name": "sapui5",
			"entryPath": "/resources"
		},
		"description": "SAPUI5 Resources"
	}, {
		"path": "/test-resources",
		"target": {
			"type": "service",
			"name": "sapui5",
			"entryPath": "/test-resources"
		},
		"description": "SAPUI5 Test Resources"
	},{
		"path": "/ext_xalm",
		"target": {
			"type": "destination",
			"name": "ext_xalm"
		},
		"description": "Access to ISD Hub"
	}, {
		"path": "/int_ic",
		"target": {
			"type": "destination",
			"name": "int_ic"
		},
		"description": "Access to ICD/ICT/ICP"
	}, {
		"path": "/services/userapi",
		"target": {
			"type": "service",
			"name": "userapi"
		},
		"description": "Access to user API"
	}, {
		"path": "/webapp/resources/sapit",
		"target": {
			"type": "application",
			"name": "sapitlibrary"
		},
		"description": ""
	}],
	"securityConstraints": [{
		"permission": "p_sap_employees",
		"description": "Only SAP Employees are allowed to access the application",
		"protectedPaths": ["/"]
	}, {
		"permission": "p_neo-app.json_access",
		"description": "Protects the Access to the neo-app.json",
		"protectedPaths": ["neo-app.json"]
	}]
}