<mvc:View xmlns:core="sap.ui.core" xmlns="sap.m" xmlns:viz="sap.viz.ui5.controls" xmlns:layout="sap.ui.layout" xmlns:mvc="sap.ui.core.mvc"
	xmlns:viz.feeds="sap.viz.ui5.controls.common.feeds" xmlns:viz.data="sap.viz.ui5.data" height="75%" xmlns:container="sap.suite.ui.commons"
	controllerName="com.sap.mcc.workplace.CardComponent.ETimeline.ETimeline">
	<ScrollContainer id="s1" vertical='true'>
		<container:ChartContainer id="chart-mcs-globalEscalations" showFullScreen="true" autoAdjustHeight="false" busy="{cardModel>/busy}"
			busyIndicatorDelay="0">
			<container:content>
				<container:ChartContainerContent icon="sap-icon://line-chart" title="Line Chart">
					<container:content>
						<viz:VizFrame id="idVizFrame" height="400px" width="100%" uiConfig="{applicationSet:'fiori'}"/>
					</container:content>
				</container:ChartContainerContent>
			</container:content>
		</container:ChartContainer>
	</ScrollContainer>
</mvc:View>