"ID"	"ROLEID"	"ROLENAME"	"CREATEDBY"
"d7ad3bef-2ace-445e-b4b0-b0b8736fdceb"	"MCSEMEATeamView"	"MCS EMEA
  Team View"	"Default"
"726cf317-b58b-4e3f-b5a0-0600949f90f7"	"QDTeamLead"	"QD Team Lead"	"Default"
"e4ebaea8-f5f1-4e60-82ff-a2e58ecdabd0"	"RegionalManager"	"Regional MCS Manager
  / MCS Global"	"Default"
"1f3c10ed-1cd8-4e1c-9588-371095341b24"	"GlobalEscalationManager"	"Global Escalation Manager"	"Default"
"3e1f1c91-fc2d-4f15-845d-920353eb5ce8"	"DutyManager"	"Duty Manager"	"Default"
"f8abb0d2-25b1-4511-84ea-e709daacab39"	"CentralControlTeam"	"Central Control Team"	"Default"