"CARDID"	"DEFAULTROLE"	"DESCRIPTION"	"CARDWIDTH"	"CARDHEIGHT"	"LAYOUTCOLUMNS"	"FILTERPROPERTY"	"CARDNAME"	"CARDTYPE"
"CCTMonitor"	"CentralControlTeam"	"Overview card for the cct lead"	"40"	"22"	"8"	"Region"	"CCT Monitor"	
"CaseChecker"	"GlobalEscalationManager"	"CaseChecker Card; Filter parameters:; Responsible Person, CaseID; Test fasd"	"20"	"20"	"8"	"CaseId;ResponsiblePerson"	"MCC Quality Checker"	
"MyCustomers"	"GlobalEscalationManager"	"My Customers Card"	"20"	"20"	"6"	"CaseId;ResponsiblePerson"	"My Customers"	
"Roadmap"	"GlobalEscalationManager"	"Roadmap Card"	"20"	"20"	"8"	"CaseId;ResponsiblePerson"	"Escalation Manager Roadmap"	
"OpenCases"	"RegionalManager"	"Open Cases"	"20"	"20"	"10"	"Region;Processor"	"Open Cases"	
"MCCInbox"	"DutyManager"	"Sap Board Mcc inbox.; Reload interval: 2 min.; Filter parameters:; activity_service_team = 0026670166, activity_status = E0010, E0011. activity_cat = Z91, ZB2, Z89, activity_result_desc = Z2ZS460001, Z2ZS460002, Z2ZS460003, Z2ZS460004 ,Z2ZS460000, activity_priority = 1"	"40"	"22"	"6"		"MCC Inbox"	
"GlobalEscalationByStatus"	"MCSEMEATeamView"	"Global Escalations touched (created, opened, closed) during the current week vs previous week.; Reload interval: 15 min.; Filter parameters:; Case Type = ZS01, Process Type = ZSPRCTYP01 or ZSPRCTYP06, Status = 20 or 30 or 40"	"40"	"22"	"8"	"Region"	"Global Escalation by status"	
"QDMonitor"	"QDTeamLead"	"Q&D Monitor ; Reload interval: 2 min.; Filter parameters:;"	"40"	"22"	"8"		"QD Monitor"	
"ServiceMCS"	"QDTeamLead"	"Activities for mcs serviceTeam.; Reload interval: 2 min.; Filter parameters:; activity_service_team = 29029183, activity_status = E0010, E0011."	"40"	"22"	"8"		"Service MCS"	
"GlobalEscalationTimeline"	"MCSEMEATeamView"	"Escalation requests touched (created, opened, closed) during the current year (Unassigned service teams are excluded).; Reload interval: 15 min.; Filter parameters:; activity_process_type = ZS31, activity_status = E0010, E0011, E0013, E0014"	"40"	"16"	"4"	"Region"	"Global Escalation Timeline"	
"CloudOutage"	"DutyManager;QDTeamLead;CentralControlTeam"	"Major Cloud Outage ; Reload interval: 5 min.; Filter parameters: Activity partner = 19467420, Priority = Very High, Status = In Process Backoffice"	"40"	"22"	"6"		"Cloud Outage"	
"BusinessDownsBCP"	"CentralControlTeam"	"Currently open Business downs from bcp.; Reload interval: 2 min.; Filter parameters:; EscltnStatus = 15"	"40"	"22"	"8"		"Business Downs BCP"	
"OpenEscRequests"	"DutyManager;QDTeamLead;MCSEMEATeamView;CentralControlTeam;RegionalManager"	"Currently open Escalation requests. ; Reload interval: 5 min.; Filter parameters:; activity_process_type = ZS31, activity_status = E0010, E0011"	"40"	"22"	"8"	"Region"	"Open Escalation Requests"	
"WorklistDutyManager"	"DutyManager"	"Duty Manager worklist.; Reload interval: 2 min.; Filter parameters:; EscltnStatus = 15, QdJudgement = 2,4"	"40"	"22"	"8"		"Worklist Duty Manager"	
"ETimeline"	"MCSEMEATeamView"	"Global Escalations touched (created, opened, closed) during the current year.; Reload interval: 15 min.; Filter parameters:; Case Type = ZS01, Process Type = ZSPRCTYP01 or ZSPRCTYP06, Status = 20 or 30 or 40"	"40"	"22"	"4"	"Region"	"Escalation Timeline"	
"BDTimeline"	"DutyManager;MCSEMEATeamView"	"Business downs touched (created, opened, closed) during the current year.; Reload interval: 15 min.; Filter parameters:; Case Type = ZS01, Process Type = ZSPRCTYP02 or ZSPRCTYP03, Status = 20 or 30 or 40 or 60"	"40"	"16"	"6"	"Region"	"Business Down Timeline"	
"Statistics"	"DutyManager;RegionalManager"	"Overview of open escalations requests by region.; Reload interval: 5 min.; Filter parameters:; activity_process_type = ZS31, activity_status = E0010, E0011, activity_service team = 3612380, 3584574, 3612382, 9804549"	"90"	"13"	"15"	"Region"	"Statistics"	
"ERTouchedTimeline"	"MCSEMEATeamView"	"Global Escalations touched (created, opened, closed) during the current week vs previous week.; Reload interval: 15 min.; Filter parameters:; Case Type = ZS01, Process Type = ZSPRCTYP01 or ZSPRCTYP06, Status = 20 or 30 or 40"	"40"	"22"	"8"	"Region"	"Escalation Request touched Timeline"	
"ServiceMCC"	"QDTeamLead"	"Activites for mcc serviceTeam.; Reload interval: 2 min.; Filter parameters:; activity_service_team eq '0029029183' and (activity_status eq 'E0011' or activity_status eq 'E0012' or activity_status eq 'E0018' or activity_status eq 'E0019' or activity_status eq 'E0020' or activity_status eq 'E0021' or activity_status eq 'E0022' or activity_status eq 'E0023' or activity_status eq 'E0024' or activity_status eq 'E0025')"	"40"	"22"	"8"		"Service MCC"	
"CCTQueue"	"CentralControlTeam"	"CIM CCT Queue; Reload interval: 5min; Filter parameters: activity_service_team eq '14083268' and (activity_status eq 'E0010' or activity_status eq 'E0011' or activity_status eq 'E0019' or activity_status eq 'E0020')"	"40"	"22"	"8"		"CCT Queue"	
"WorklistQD"	"QDTeamLead"	"Q&D Lead worklist.; Reload interval: 2 min.; Filter parameters:; EscltnStatus = 15, QdJudgement = 1, MccStatus = 1, 2"	"40"	"22"	"8"		"Worklist QD"	
"TeamMeeting"	"MCSEMEATeamView"	"Stand Up Meeting - Card"	"24"	"22"	"4"		"Team Meeting"	
"QDStatistics"	"QDTeamLead"	"Overview of open escalations requests by region.; Reload interval: 5 min.; Filter parameters:; activity_process_type = ZS31, activity_status = E0010, E0011, activity_service team = 3612380, 3584574, 3612382, 9804549"	"40"	"22"	"4"		"QD Statistics"	
"BusinessDowns"	"DutyManager;MCSEMEATeamView;RegionalManager"	"Currently open Business downs .; Reload interval: 5 min.; Filter parameters:; Case Type = ZS01, Process Type = ZSPRCTYP02 or ZSPRCTYP03, Status = 20 or 30"	"40"	"22"	"8"		"Business Downs"	
"QuickAccess"	"GlobalEscalationManager"	"Quick Access"	"20"	"20"	"4"		"Quick Access"	
"QuickLinks"	"GlobalEscalationManager"	"Quick Links"	"20"	"20"	"4"		"Quick Links"	
"LessonsLearned"	"MCSEMEATeamView"	"[IN DEVELOPMENT] Lessons Learned "	"20"	"20"	"4"		"Lessons Learned"	
"BDStatistics"	"CentralControlTeam"	"Business downs touched (created, open or closed) today.; Reload interval: 5 min.; Filter parameters:; Case Type = ZS01, Process Type = ZSPRCTYP02 or ZSPRCTYP03, Status = 20 or 30 or 40 or 60"	"30"	"22"	"4"		"Business Down Statistics"	