<mvc:View controllerName="com.sap.mcc.workplace.CardComponent.WorklistDutyManager.WorklistDutyManager" xmlns:ui="sap.ui.table"
	xmlns:core="sap.ui.core" xmlns:mvc="sap.ui.core.mvc" xmlns="sap.m" xmlns:html="http://www.w3.org/1999/xhtml" width="100%"
	xmlns:w="sap.ui.integration.widgets" xmlns:app="http://schemas.sap.com/sapui5/extension/sap.ui.core.CustomData/1" 
	xmlns:u="sap.ui.unified" displayBlock="true">
	<ScrollContainer width="100%" vertical="true" horizontal="false">
		<ui:Table id="table-mcs-worklistDM" rows="{cardModel>/data}" alternateRowColors="true" enableCellFilter="true"
		cellClick="onSelectionChange" selectionMode="None" noData="{= ${cardModel>/busy} ? 'Loading data...' : 'No Data'}"
		filter="onFilter" visibleRowCount="{= ${cardModel>/data}.length > 9 ? 10 : ${cardModel>/data}.length}">
			<ui:columns>
				<ui:Column filterProperty="CustomerName" sortProperty="CustomerName">
					<Label text="{i18n>customerName}" />
					<ui:template>
						<Link text="{cardModel>CustomerName}" press="onCustomerPressed"/>
					</ui:template>
				</ui:Column>
				<ui:Column filterProperty="Description" sortProperty="Description">
					<Label text="{i18n>issue}" />
					<ui:template>
						<Text text="{cardModel>Description}" wrapping='false'/>
					</ui:template>
				</ui:Column>
				<ui:Column filterProperty="EsclTimestamp" sortProperty="EsclTimestamp">
					<Label text="{i18n>businessDownSince}" />
					<ui:template>
						<Text text="{ path: 'cardModel>EsclTimestamp', formatter: '.getDays' }" wrapping='false'/>
					</ui:template>
				</ui:Column>
				<ui:Column filterProperty="EsclTimestamp" sortProperty="EsclTimestamp">
					<ui:menu>
						<u:Menu>
							<u:items>
								<u:MenuItem text="Sort Ascending" select="onSortDate" app:Property="EsclTimestamp" app:TableID="table-mcs-worklistDM"
									app:sort="asc" icon="sap-icon://sort-ascending"/>
								<u:MenuItem text="Sort Descending" select="onSortDate" app:Property="EsclTimestamp" app:TableID="table-mcs-worklistDM"
									app:sort="dsc" icon="sap-icon://sort-descending"/>
								<u:MenuTextFieldItem label="Filter" select="onDateFilter" app:Property="EsclTimestamp" app:TableID="table-mcs-worklistDM"
									icon="sap-icon://filter"/>
							</u:items>
						</u:Menu>
					</ui:menu>
					<Label text="{i18n>escalationDate}" />
					<ui:template>
						<Text text="{ path: 'cardModel>EsclTimestamp', type: 'sap.ui.model.type.Date', formatOptions: {style: 'medium'} }" wrapping='false'/>
					</ui:template>
				</ui:Column>
				<ui:Column filterProperty="CountryTxt" sortProperty="CountryTxt">
					<Label text="{i18n>country}" />
					<ui:template>
						<Text text="{cardModel>CountryTxt}" wrapping='false'/>
					</ui:template>
				</ui:Column>
				<ui:Column filterProperty="result" sortProperty="result">
					<Label text="Check Point" />
					<ui:template>
						<Text text="{cardModel>result}" wrapping='false'/>
					</ui:template>
				</ui:Column>
				<ui:Column filterProperty="IncidentId" sortProperty="IncidentId">
					<Label text="{i18n>incidentId}" />
					<ui:template>
						<Text text="{cardModel>IncidentId}" wrapping='false'/>
					</ui:template>
				</ui:Column>
				<ui:Column filterProperty="QdJudgement" sortProperty="QdJudgement">
					<Label text="{i18n>qdJudgement}" />
					<ui:template>
						<Text text="{ path: 'cardModel>QdJudgement', formatter: '.formatQdJudgement' }" wrapping='false'/>
					</ui:template>
				</ui:Column>
				<ui:Column filterProperty="PriorityTxt" sortProperty="PriorityTxt">
					<Label text="{i18n>PriorityTxt}" />
					<ui:template>
						<Text text="{cardModel>PriorityTxt}" wrapping='false'/>
					</ui:template>
				</ui:Column>
				<ui:Column filterProperty="StatusSysTxt" sortProperty="StatusSysTxt">
					<Label text="{i18n>StatusSysTxt}" />
					<ui:template>
						<Text text="{cardModel>StatusSysTxt}" wrapping='false'/>
					</ui:template>
				</ui:Column>
			</ui:columns>
		</ui:Table>
	</ScrollContainer>
</mvc:View>