<mvc:View xmlns:core="sap.ui.core" xmlns="sap.m" xmlns:mvc="sap.ui.core.mvc" xmlns:ui="sap.ui.table"
xmlns:app="http://schemas.sap.com/sapui5/extension/sap.ui.core.CustomData/1" controllerName="com.sap.mcc.workplace.CardComponent.ServiceMCC.ServiceMCC">
	<ScrollContainer width="100%" vertical="true" horizontal="false">
		<ui:Table id="table-mcc-serviceTeam" rows="{cardModel>/data}" alternateRowColors="true" enableCellFilter="true"
		cellClick="onSelectionChange" selectionMode="None" noData="{= ${cardModel>/busy} ? 'Loading data...' : 'No Data'}"
		visibleRowCount="{= ${cardModel>/data}.length > 9 ? 10 : ${cardModel>/data}.length}">
			<ui:columns>
				<ui:Column filterProperty="account_name_F" sortProperty="account_name_F">
					<Label text="{i18n>customerName}" />
					<ui:template>
						<Link text="{cardModel>account_name_F}" tooltip="{cardModel>account_name_F}"
							href="{ path:'cardModel>activity_customer', formatter: '.formatURL'}" target="_blank"/>
					</ui:template>
				</ui:Column>
				<ui:Column filterProperty="activity_description" sortProperty="activity_description">
					<Label text="{i18n>description}" />
					<ui:template>
						<Text text="{cardModel>activity_description}" wrapping='false'/>
					</ui:template>
				</ui:Column>
				<ui:Column filterProperty="activity_person_name" sortProperty="activity_person_name">
					<Label text="{i18n>employee}" />
					<ui:template>
						<Link text="{cardModel>activity_person_name}" press="openEmployeePopover" app:UserId="{cardModel>activity_person_user_id}"/>
					</ui:template>
				</ui:Column>
				<ui:Column filterProperty="activity_status_desc" sortProperty="activity_status_desc">
					<Label text="{i18n>category}" />
					<ui:template>
						<Text text="{cardModel>activity_cat_desc}" wrapping='false'/>
					</ui:template>
				</ui:Column>
				<ui:Column filterProperty="activity_id" sortProperty="activity_id">
					<Label text="{i18n>activityId}" />
					<ui:template>
						<Text text="{cardModel>activity_id}" wrapping='false'/>
					</ui:template>
				</ui:Column>
				<ui:Column filterProperty="activity_reason_desc" sortProperty="activity_reason_desc">
					<Label text="{i18n>reason}" />
					<ui:template>
						<Text text="{cardModel>activity_reason_desc}" wrapping='false'/>
					</ui:template>
				</ui:Column>
			</ui:columns>
		</ui:Table>
	</ScrollContainer>
</mvc:View>