{
	"d": {
		"results": [{
			"__metadata": {
				"id": "https://pgtmain.wdf.sap.corp/sap/opu/odata/sap/ZS_AGS_DASHBOARDS_SRV/ResActivityCapaSet(BegDate=datetime'2016-09-24T23%3A00%3A00',EndDate=datetime'2016-11-19T23%3A59%3A59')",
				"uri": "https://pgtmain.wdf.sap.corp/sap/opu/odata/sap/ZS_AGS_DASHBOARDS_SRV/ResActivityCapaSet(BegDate=datetime'2016-09-24T23%3A00%3A00',EndDate=datetime'2016-11-19T23%3A59%3A59')",
				"type": "ZS_AGS_DASHBOARDS_SRV.ResActivityCapa"
			},
			"BegDate": "\/Date(1468195200000)\/",
			"EndDate": "\/Date(1473030000000)\/",
			"OrgId": "30015950",
			"Days": 6,
			"GWMsg": "",
			"ActName": "Services",
			"ResServiceTeam": "",
			"ResQualification": "",
			"ResServiceArea": ""
		}, {
			"__metadata": {
				"id": "https://pgtmain.wdf.sap.corp/sap/opu/odata/sap/ZS_AGS_DASHBOARDS_SRV/ResActivityCapaSet(BegDate=datetime'2016-09-24T23%3A00%3A00',EndDate=datetime'2016-11-19T23%3A59%3A59')",
				"uri": "https://pgtmain.wdf.sap.corp/sap/opu/odata/sap/ZS_AGS_DASHBOARDS_SRV/ResActivityCapaSet(BegDate=datetime'2016-09-24T23%3A00%3A00',EndDate=datetime'2016-11-19T23%3A59%3A59')",
				"type": "ZS_AGS_DASHBOARDS_SRV.ResActivityCapa"
			},
			"BegDate": "\/Date(1468195200000)\/",
			"EndDate": "\/Date(1473030000000)\/",
			"OrgId": "30015950",
			"Days": 17,
			"GWMsg": "",
			"ActName": "Backoffice",
			"ResServiceTeam": "",
			"ResQualification": "",
			"ResServiceArea": ""
		}, {
			"__metadata": {
				"id": "https://pgtmain.wdf.sap.corp/sap/opu/odata/sap/ZS_AGS_DASHBOARDS_SRV/ResActivityCapaSet(BegDate=datetime'2016-09-24T23%3A00%3A00',EndDate=datetime'2016-11-19T23%3A59%3A59')",
				"uri": "https://pgtmain.wdf.sap.corp/sap/opu/odata/sap/ZS_AGS_DASHBOARDS_SRV/ResActivityCapaSet(BegDate=datetime'2016-09-24T23%3A00%3A00',EndDate=datetime'2016-11-19T23%3A59%3A59')",
				"type": "ZS_AGS_DASHBOARDS_SRV.ResActivityCapa"
			},
			"BegDate": "\/Date(1468195200000)\/",
			"EndDate": "\/Date(1473030000000)\/",
			"OrgId": "30015950",
			"Days": 0,
			"GWMsg": "",
			"ActName": "Deployment Room",
			"ResServiceTeam": "",
			"ResQualification": "",
			"ResServiceArea": ""
		}, {
			"__metadata": {
				"id": "https://pgtmain.wdf.sap.corp/sap/opu/odata/sap/ZS_AGS_DASHBOARDS_SRV/ResActivityCapaSet(BegDate=datetime'2016-09-24T23%3A00%3A00',EndDate=datetime'2016-11-19T23%3A59%3A59')",
				"uri": "https://pgtmain.wdf.sap.corp/sap/opu/odata/sap/ZS_AGS_DASHBOARDS_SRV/ResActivityCapaSet(BegDate=datetime'2016-09-24T23%3A00%3A00',EndDate=datetime'2016-11-19T23%3A59%3A59')",
				"type": "ZS_AGS_DASHBOARDS_SRV.ResActivityCapa"
			},
			"BegDate": "\/Date(1468195200000)\/",
			"EndDate": "\/Date(1473030000000)\/",
			"OrgId": "30015950",
			"Days": 0,
			"GWMsg": "",
			"ActName": "Expertise on Demand",
			"ResServiceTeam": "",
			"ResQualification": "",
			"ResServiceArea": ""
		}, {
			"__metadata": {
				"id": "https://pgtmain.wdf.sap.corp/sap/opu/odata/sap/ZS_AGS_DASHBOARDS_SRV/ResActivityCapaSet(BegDate=datetime'2016-09-24T23%3A00%3A00',EndDate=datetime'2016-11-19T23%3A59%3A59')",
				"uri": "https://pgtmain.wdf.sap.corp/sap/opu/odata/sap/ZS_AGS_DASHBOARDS_SRV/ResActivityCapaSet(BegDate=datetime'2016-09-24T23%3A00%3A00',EndDate=datetime'2016-11-19T23%3A59%3A59')",
				"type": "ZS_AGS_DASHBOARDS_SRV.ResActivityCapa"
			},
			"BegDate": "\/Date(1468195200000)\/",
			"EndDate": "\/Date(1473030000000)\/",
			"OrgId": "30015950",
			"Days": 0,
			"GWMsg": "",
			"ActName": "Development",
			"ResServiceTeam": "",
			"ResQualification": "",
			"ResServiceArea": ""
		}, {
			"__metadata": {
				"id": "https://pgtmain.wdf.sap.corp/sap/opu/odata/sap/ZS_AGS_DASHBOARDS_SRV/ResActivityCapaSet(BegDate=datetime'2016-09-24T23%3A00%3A00',EndDate=datetime'2016-11-19T23%3A59%3A59')",
				"uri": "https://pgtmain.wdf.sap.corp/sap/opu/odata/sap/ZS_AGS_DASHBOARDS_SRV/ResActivityCapaSet(BegDate=datetime'2016-09-24T23%3A00%3A00',EndDate=datetime'2016-11-19T23%3A59%3A59')",
				"type": "ZS_AGS_DASHBOARDS_SRV.ResActivityCapa"
			},
			"BegDate": "\/Date(1468195200000)\/",
			"EndDate": "\/Date(1473030000000)\/",
			"OrgId": "30015950",
			"Days": 0,
			"GWMsg": "",
			"ActName": "Escalation",
			"ResServiceTeam": "",
			"ResQualification": "",
			"ResServiceArea": ""
		}, {
			"__metadata": {
				"id": "https://pgtmain.wdf.sap.corp/sap/opu/odata/sap/ZS_AGS_DASHBOARDS_SRV/ResActivityCapaSet(BegDate=datetime'2016-09-24T23%3A00%3A00',EndDate=datetime'2016-11-19T23%3A59%3A59')",
				"uri": "https://pgtmain.wdf.sap.corp/sap/opu/odata/sap/ZS_AGS_DASHBOARDS_SRV/ResActivityCapaSet(BegDate=datetime'2016-09-24T23%3A00%3A00',EndDate=datetime'2016-11-19T23%3A59%3A59')",
				"type": "ZS_AGS_DASHBOARDS_SRV.ResActivityCapa"
			},
			"BegDate": "\/Date(1468195200000)\/",
			"EndDate": "\/Date(1473030000000)\/",
			"OrgId": "30015950",
			"Days": 0,
			"GWMsg": "",
			"ActName": "Others",
			"ResServiceTeam": "",
			"ResQualification": "",
			"ResServiceArea": ""
		}]
	}
}