{
    "d": {
        "results": [{
            "__metadata": {
                "id": "https://pgtmain.wdf.sap.corp/sap/opu/odata/sap/ZS_AGS_DASHBOARDS_SRV/ResCapacityHSet(OrgId='',BegDate=datetime'2016-07-10T23%3A00%3A00',EndDate=datetime'2016-09-04T22%3A59%3A59')",
                "uri": "https://pgtmain.wdf.sap.corp/sap/opu/odata/sap/ZS_AGS_DASHBOARDS_SRV/ResCapacityHSet(OrgId='',BegDate=datetime'2016-07-10T23%3A00%3A00',EndDate=datetime'2016-09-04T22%3A59%3A59')",
                "type": "ZS_AGS_DASHBOARDS_SRV.ResCapacityH"
            },
            "OrgId": "30015950",
            "BegDate": "\/Date(1468195200000)\/",
            "ResRequestDays": 0,
            "NewSODays": 435,
            "OldSODays": 0,
            "EndDate": "\/Date(1473030000000)\/",
            "TotalRes": 153,
            "SchedulDays": 491,
            "CustomerNo": 6,
            "CoverQuali": 3,
            "NoProdDays": 0,
            "OpenDays": 0,
            "TeamProdDays": 491,
            "CumulativeTotals": 0,
            "OnsiteDays": 431,
            "RemoteDays": 4,
            "TotalDays": 8568,
            "EMEADays": 0,
            "APJDays": 0,
            "LADays": 0,
            "NADays": 0,
            "TALDays": 56,
            "ResServiceTeam": "",
            "ResQualification": "",
            "ResServiceArea": "",
            "DemandServiceTeam": "50008194",
            "DemandQualification": "",
            "DemandUserStatus": "",
            "GWMsg": "",
            "MemberDays": 1404,
            "UnstaffedDemDays": 1038,
            "AvailableCapacity": 334,
            "ResSchedObjectSet": {
                "__deferred": {
                    "uri": "https://pgtmain.wdf.sap.corp/sap/opu/odata/sap/ZS_AGS_DASHBOARDS_SRV/ResCapacityHSet(OrgId='',BegDate=datetime'2016-07-10T23%3A00%3A00',EndDate=datetime'2016-09-04T22%3A59%3A59')/ResSchedObjectSet"
                }
            },
            "ResServCapacitySet": {
                "__deferred": {
                    "uri": "https://pgtmain.wdf.sap.corp/sap/opu/odata/sap/ZS_AGS_DASHBOARDS_SRV/ResCapacityHSet(OrgId='',BegDate=datetime'2016-07-10T23%3A00%3A00',EndDate=datetime'2016-09-04T22%3A59%3A59')/ResServCapacitySet"
                }
            },
            "ResSubUnitAvaSet": {
                "__deferred": {
                    "uri": "https://pgtmain.wdf.sap.corp/sap/opu/odata/sap/ZS_AGS_DASHBOARDS_SRV/ResCapacityHSet(OrgId='',BegDate=datetime'2016-07-10T23%3A00%3A00',EndDate=datetime'2016-09-04T22%3A59%3A59')/ResSubUnitAvaSet"
                }
            },
            "ResRoleCapaSet": {
                "__deferred": {
                    "uri": "https://pgtmain.wdf.sap.corp/sap/opu/odata/sap/ZS_AGS_DASHBOARDS_SRV/ResCapacityHSet(OrgId='',BegDate=datetime'2016-07-10T23%3A00%3A00',EndDate=datetime'2016-09-04T22%3A59%3A59')/ResRoleCapaSet"
                }
            },
            "ResQualificationSet": {
                "__deferred": {
                    "uri": "https://pgtmain.wdf.sap.corp/sap/opu/odata/sap/ZS_AGS_DASHBOARDS_SRV/ResCapacityHSet(OrgId='',BegDate=datetime'2016-07-10T23%3A00%3A00',EndDate=datetime'2016-09-04T22%3A59%3A59')/ResQualificationSet"
                }
            },
            "ResTimeSpecSet": {
                "__deferred": {
                    "uri": "https://pgtmain.wdf.sap.corp/sap/opu/odata/sap/ZS_AGS_DASHBOARDS_SRV/ResCapacityHSet(OrgId='',BegDate=datetime'2016-07-10T23%3A00%3A00',EndDate=datetime'2016-09-04T22%3A59%3A59')/ResTimeSpecSet"
                }
            },
            "ResServiceSet": {
                "__deferred": {
                    "uri": "https://pgtmain.wdf.sap.corp/sap/opu/odata/sap/ZS_AGS_DASHBOARDS_SRV/ResCapacityHSet(OrgId='',BegDate=datetime'2016-07-10T23%3A00%3A00',EndDate=datetime'2016-09-04T22%3A59%3A59')/ResServiceSet"
                }
            }
        }]
    }
}
