{
    "d": {
        "results": [{
            "__metadata": {
                "id": "https://pgtmain.wdf.sap.corp/sap/opu/odata/sap/ZS_AGS_DASHBOARDS_SRV/ResCWAvaSet('201628')",
                "uri": "https://pgtmain.wdf.sap.corp/sap/opu/odata/sap/ZS_AGS_DASHBOARDS_SRV/ResCWAvaSet('201628')",
                "type": "ZS_AGS_DASHBOARDS_SRV.ResCWAva"
            },
            "BegDate": "\/Date(1468195200000)\/",
            "EndDate": "\/Date(1473030000000)\/",
            "CW": "201628",
            "DemCapacity": 0,
            "TotalCapacity": 166,
            "StaffedDemDays": 0,
            "DemForecast": 0,
            "UnstaffedDemDays": 390,
            "AvailableCapacity": 0,
            "ServiceDays": 0,
            "BackOfficeDays": 0,
            "DevRoomDays": 0,
            "EOD": 0,
            "Others": 0,
            "OrgId": "30015950",
            "ResServiceTeam": "",
            "ResQualification": "",
            "ResServiceArea": "",
            "DemandServiceTeam": "50008194",
            "DemandQualification": "0 ",
            "DemandUserStatus": "",
            "DemOverCapacity": 224
        }, {
            "__metadata": {
                "id": "https://pgtmain.wdf.sap.corp/sap/opu/odata/sap/ZS_AGS_DASHBOARDS_SRV/ResCWAvaSet('201629')",
                "uri": "https://pgtmain.wdf.sap.corp/sap/opu/odata/sap/ZS_AGS_DASHBOARDS_SRV/ResCWAvaSet('201629')",
                "type": "ZS_AGS_DASHBOARDS_SRV.ResCWAva"
            },
            "BegDate": "\/Date(1468195200000)\/",
            "EndDate": "\/Date(1473030000000)\/",
            "CW": "201629",
            "DemCapacity": 0,
            "TotalCapacity": 173,
            "StaffedDemDays": 0,
            "DemForecast": 0,
            "UnstaffedDemDays": 121,
            "AvailableCapacity": 52,
            "ServiceDays": 0,
            "BackOfficeDays": 0,
            "DevRoomDays": 0,
            "EOD": 0,
            "Others": 0,
            "OrgId": "30015950",
            "ResServiceTeam": "",
            "ResQualification": "",
            "ResServiceArea": "",
            "DemandServiceTeam": "50008194",
            "DemandQualification": "0 ",
            "DemandUserStatus": "",
            "DemOverCapacity": 0
        }, {
            "__metadata": {
                "id": "https://pgtmain.wdf.sap.corp/sap/opu/odata/sap/ZS_AGS_DASHBOARDS_SRV/ResCWAvaSet('201630')",
                "uri": "https://pgtmain.wdf.sap.corp/sap/opu/odata/sap/ZS_AGS_DASHBOARDS_SRV/ResCWAvaSet('201630')",
                "type": "ZS_AGS_DASHBOARDS_SRV.ResCWAva"
            },
            "BegDate": "\/Date(1468195200000)\/",
            "EndDate": "\/Date(1473030000000)\/",
            "CW": "201630",
            "DemCapacity": 0,
            "TotalCapacity": 172,
            "StaffedDemDays": 0,
            "DemForecast": 0,
            "UnstaffedDemDays": 85,
            "AvailableCapacity": 87,
            "ServiceDays": 0,
            "BackOfficeDays": 0,
            "DevRoomDays": 0,
            "EOD": 0,
            "Others": 0,
            "OrgId": "30015950",
            "ResServiceTeam": "",
            "ResQualification": "",
            "ResServiceArea": "",
            "DemandServiceTeam": "50008194",
            "DemandQualification": "0 ",
            "DemandUserStatus": "",
            "DemOverCapacity": 0
        }, {
            "__metadata": {
                "id": "https://pgtmain.wdf.sap.corp/sap/opu/odata/sap/ZS_AGS_DASHBOARDS_SRV/ResCWAvaSet('201631')",
                "uri": "https://pgtmain.wdf.sap.corp/sap/opu/odata/sap/ZS_AGS_DASHBOARDS_SRV/ResCWAvaSet('201631')",
                "type": "ZS_AGS_DASHBOARDS_SRV.ResCWAva"
            },
            "BegDate": "\/Date(1468195200000)\/",
            "EndDate": "\/Date(1473030000000)\/",
            "CW": "201631",
            "DemCapacity": 0,
            "TotalCapacity": 143,
            "StaffedDemDays": 0,
            "DemForecast": 0,
            "UnstaffedDemDays": 125,
            "AvailableCapacity": 18,
            "ServiceDays": 0,
            "BackOfficeDays": 0,
            "DevRoomDays": 0,
            "EOD": 0,
            "Others": 0,
            "OrgId": "30015950",
            "ResServiceTeam": "",
            "ResQualification": "",
            "ResServiceArea": "",
            "DemandServiceTeam": "50008194",
            "DemandQualification": "0 ",
            "DemandUserStatus": "",
            "DemOverCapacity": 0
        }, {
            "__metadata": {
                "id": "https://pgtmain.wdf.sap.corp/sap/opu/odata/sap/ZS_AGS_DASHBOARDS_SRV/ResCWAvaSet('201632')",
                "uri": "https://pgtmain.wdf.sap.corp/sap/opu/odata/sap/ZS_AGS_DASHBOARDS_SRV/ResCWAvaSet('201632')",
                "type": "ZS_AGS_DASHBOARDS_SRV.ResCWAva"
            },
            "BegDate": "\/Date(1468195200000)\/",
            "EndDate": "\/Date(1473030000000)\/",
            "CW": "201632",
            "DemCapacity": 0,
            "TotalCapacity": 180,
            "StaffedDemDays": 0,
            "DemForecast": 0,
            "UnstaffedDemDays": 52,
            "AvailableCapacity": 128,
            "ServiceDays": 0,
            "BackOfficeDays": 0,
            "DevRoomDays": 0,
            "EOD": 0,
            "Others": 0,
            "OrgId": "30015950",
            "ResServiceTeam": "",
            "ResQualification": "",
            "ResServiceArea": "",
            "DemandServiceTeam": "50008194",
            "DemandQualification": "0 ",
            "DemandUserStatus": "",
            "DemOverCapacity": 0
        }, {
            "__metadata": {
                "id": "https://pgtmain.wdf.sap.corp/sap/opu/odata/sap/ZS_AGS_DASHBOARDS_SRV/ResCWAvaSet('201633')",
                "uri": "https://pgtmain.wdf.sap.corp/sap/opu/odata/sap/ZS_AGS_DASHBOARDS_SRV/ResCWAvaSet('201633')",
                "type": "ZS_AGS_DASHBOARDS_SRV.ResCWAva"
            },
            "BegDate": "\/Date(1468195200000)\/",
            "EndDate": "\/Date(1473030000000)\/",
            "CW": "201633",
            "DemCapacity": 0,
            "TotalCapacity": 178,
            "StaffedDemDays": 0,
            "DemForecast": 0,
            "UnstaffedDemDays": 73,
            "AvailableCapacity": 105,
            "ServiceDays": 0,
            "BackOfficeDays": 0,
            "DevRoomDays": 0,
            "EOD": 0,
            "Others": 0,
            "OrgId": "30015950",
            "ResServiceTeam": "",
            "ResQualification": "",
            "ResServiceArea": "",
            "DemandServiceTeam": "50008194",
            "DemandQualification": "0 ",
            "DemandUserStatus": "",
            "DemOverCapacity": 0
        }, {
            "__metadata": {
                "id": "https://pgtmain.wdf.sap.corp/sap/opu/odata/sap/ZS_AGS_DASHBOARDS_SRV/ResCWAvaSet('201634')",
                "uri": "https://pgtmain.wdf.sap.corp/sap/opu/odata/sap/ZS_AGS_DASHBOARDS_SRV/ResCWAvaSet('201634')",
                "type": "ZS_AGS_DASHBOARDS_SRV.ResCWAva"
            },
            "BegDate": "\/Date(1468195200000)\/",
            "EndDate": "\/Date(1473030000000)\/",
            "CW": "201634",
            "DemCapacity": 0,
            "TotalCapacity": 180,
            "StaffedDemDays": 0,
            "DemForecast": 0,
            "UnstaffedDemDays": 46,
            "AvailableCapacity": 134,
            "ServiceDays": 0,
            "BackOfficeDays": 0,
            "DevRoomDays": 0,
            "EOD": 0,
            "Others": 0,
            "OrgId": "30015950",
            "ResServiceTeam": "",
            "ResQualification": "",
            "ResServiceArea": "",
            "DemandServiceTeam": "50008194",
            "DemandQualification": "0 ",
            "DemandUserStatus": "",
            "DemOverCapacity": 0
        }, {
            "__metadata": {
                "id": "https://pgtmain.wdf.sap.corp/sap/opu/odata/sap/ZS_AGS_DASHBOARDS_SRV/ResCWAvaSet('201635')",
                "uri": "https://pgtmain.wdf.sap.corp/sap/opu/odata/sap/ZS_AGS_DASHBOARDS_SRV/ResCWAvaSet('201635')",
                "type": "ZS_AGS_DASHBOARDS_SRV.ResCWAva"
            },
            "BegDate": "\/Date(1468195200000)\/",
            "EndDate": "\/Date(1473030000000)\/",
            "CW": "201635",
            "DemCapacity": 0,
            "TotalCapacity": 210,
            "StaffedDemDays": 0,
            "DemForecast": 30,
            "UnstaffedDemDays": 50,
            "AvailableCapacity": 130,
            "ServiceDays": 0,
            "BackOfficeDays": 0,
            "DevRoomDays": 0,
            "EOD": 0,
            "Others": 0,
            "OrgId": "30015950",
            "ResServiceTeam": "",
            "ResQualification": "",
            "ResServiceArea": "",
            "DemandServiceTeam": "50008194",
            "DemandQualification": "0 ",
            "DemandUserStatus": "",
            "DemOverCapacity": 0
        }]
    }
}
