{
	"d": {
		"results": [{
			"__metadata": {
				"id": "https://pgtmain.wdf.sap.corp/sap/opu/odata/sap/ZS_AGS_DASHBOARDS_SRV/ResRoleCapaSet(BegDate=datetime'2016-09-24T23%3A00%3A00',EndDate=datetime'2016-11-19T23%3A59%3A59')",
				"uri": "https://pgtmain.wdf.sap.corp/sap/opu/odata/sap/ZS_AGS_DASHBOARDS_SRV/ResRoleCapaSet(BegDate=datetime'2016-09-24T23%3A00%3A00',EndDate=datetime'2016-11-19T23%3A59%3A59')",
				"type": "ZS_AGS_DASHBOARDS_SRV.ResRoleCapa"
			},
			"OrgId": "30015950",
			"Role": "Team Lead",
			"BegDate": "\/Date(1468195200000)\/",
			"EndDate": "\/Date(1473030000000)\/",
			"GWMsg": "",
			"Days": 6,
			"ResServiceTeam": "",
			"ResQualification": "",
			"ResServiceArea": ""
		}]
	}
}