{
    "d": {
        "results": [{
            "__metadata": {
                "id": "https://pgtmain.wdf.sap.corp/sap/opu/odata/sap/ZS_AGS_DASHBOARDS_SRV/ResSubUnitAvaSet(ParentId='50025384',OrgId='50171632',BegDate=datetime'2016-06-26T23%3A00%3A00',EndDate=datetime'2016-08-21T23%3A00%3A00')",
                "uri": "https://pgtmain.wdf.sap.corp/sap/opu/odata/sap/ZS_AGS_DASHBOARDS_SRV/ResSubUnitAvaSet(ParentId='50025384',OrgId='50171632',BegDate=datetime'2016-06-26T23%3A00%3A00',EndDate=datetime'2016-08-21T23%3A00%3A00')",
                "type": "ZS_AGS_DASHBOARDS_SRV.ResSubUnitAva"
            },
            "ParentId": "50025384",
            "OrgId": "50171632",
            "ProDays": 0,
            "BegDate": "\/Date(1468195200000)\/",
            "EndDate": "\/Date(1473030000000)\/",
            "NonDays": 0,
            "OpenDays": 56,
            "OrgTxt": "360 System Check Team EMEA",
            "GWMsg": ""
        }, {
            "__metadata": {
                "id": "https://pgtmain.wdf.sap.corp/sap/opu/odata/sap/ZS_AGS_DASHBOARDS_SRV/ResSubUnitAvaSet(ParentId='50025384',OrgId='50202614',BegDate=datetime'2016-06-26T23%3A00%3A00',EndDate=datetime'2016-08-21T23%3A00%3A00')",
                "uri": "https://pgtmain.wdf.sap.corp/sap/opu/odata/sap/ZS_AGS_DASHBOARDS_SRV/ResSubUnitAvaSet(ParentId='50025384',OrgId='50202614',BegDate=datetime'2016-06-26T23%3A00%3A00',EndDate=datetime'2016-08-21T23%3A00%3A00')",
                "type": "ZS_AGS_DASHBOARDS_SRV.ResSubUnitAva"
            },
            "ParentId": "50025384",
            "OrgId": "50202614",
            "ProDays": 0,
            "BegDate": "\/Date(1468195200000)\/",
            "EndDate": "\/Date(1473030000000)\/",
            "NonDays": 0,
            "OpenDays": 0,
            "OrgTxt": "NA S/4 HANA VPR",
            "GWMsg": ""
        }, {
            "__metadata": {
                "id": "https://pgtmain.wdf.sap.corp/sap/opu/odata/sap/ZS_AGS_DASHBOARDS_SRV/ResSubUnitAvaSet(ParentId='50025384',OrgId='50025384',BegDate=datetime'2016-06-26T23%3A00%3A00',EndDate=datetime'2016-08-21T23%3A00%3A00')",
                "uri": "https://pgtmain.wdf.sap.corp/sap/opu/odata/sap/ZS_AGS_DASHBOARDS_SRV/ResSubUnitAvaSet(ParentId='50025384',OrgId='50025384',BegDate=datetime'2016-06-26T23%3A00%3A00',EndDate=datetime'2016-08-21T23%3A00%3A00')",
                "type": "ZS_AGS_DASHBOARDS_SRV.ResSubUnitAva"
            },
            "ParentId": "50025384",
            "OrgId": "50025384",
            "ProDays": 0,
            "BegDate": "\/Date(1468195200000)\/",
            "EndDate": "\/Date(1473030000000)\/",
            "NonDays": 0,
            "OpenDays": 56,
            "OrgTxt": "360 System Check Team EMEA",
            "GWMsg": ""
        }, {
            "__metadata": {
                "id": "https://pgtmain.wdf.sap.corp/sap/opu/odata/sap/ZS_AGS_DASHBOARDS_SRV/ResSubUnitAvaSet(ParentId='50025384',OrgId='50025384',BegDate=datetime'2016-06-26T23%3A00%3A00',EndDate=datetime'2016-08-21T23%3A00%3A00')",
                "uri": "https://pgtmain.wdf.sap.corp/sap/opu/odata/sap/ZS_AGS_DASHBOARDS_SRV/ResSubUnitAvaSet(ParentId='50025384',OrgId='50025384',BegDate=datetime'2016-06-26T23%3A00%3A00',EndDate=datetime'2016-08-21T23%3A00%3A00')",
                "type": "ZS_AGS_DASHBOARDS_SRV.ResSubUnitAva"
            },
            "ParentId": "50025384",
            "OrgId": "50025384",
            "ProDays": 0,
            "BegDate": "\/Date(1468195200000)\/",
            "EndDate": "\/Date(1473030000000)\/",
            "NonDays": 0,
            "OpenDays": 0,
            "OrgTxt": "NA S/4 HANA VPR",
            "GWMsg": ""
        }, {
            "__metadata": {
                "id": "https://pgtmain.wdf.sap.corp/sap/opu/odata/sap/ZS_AGS_DASHBOARDS_SRV/ResSubUnitAvaSet(ParentId='50025384',OrgId='30015950',BegDate=datetime'2016-06-26T23%3A00%3A00',EndDate=datetime'2016-08-21T23%3A00%3A00')",
                "uri": "https://pgtmain.wdf.sap.corp/sap/opu/odata/sap/ZS_AGS_DASHBOARDS_SRV/ResSubUnitAvaSet(ParentId='50025384',OrgId='30015950',BegDate=datetime'2016-06-26T23%3A00%3A00',EndDate=datetime'2016-08-21T23%3A00%3A00')",
                "type": "ZS_AGS_DASHBOARDS_SRV.ResSubUnitAva"
            },
            "ParentId": "50025384",
            "OrgId": "30015950",
            "ProDays": 0,
            "BegDate": "\/Date(1468195200000)\/",
            "EndDate": "\/Date(1473030000000)\/",
            "NonDays": 47,
            "OpenDays": 1969,
            "OrgTxt": "COE Ireland HANA",
            "GWMsg": ""
        }, {
            "__metadata": {
                "id": "https://pgtmain.wdf.sap.corp/sap/opu/odata/sap/ZS_AGS_DASHBOARDS_SRV/ResSubUnitAvaSet(ParentId='50025384',OrgId='30101366',BegDate=datetime'2016-06-26T23%3A00%3A00',EndDate=datetime'2016-08-21T23%3A00%3A00')",
                "uri": "https://pgtmain.wdf.sap.corp/sap/opu/odata/sap/ZS_AGS_DASHBOARDS_SRV/ResSubUnitAvaSet(ParentId='50025384',OrgId='30101366',BegDate=datetime'2016-06-26T23%3A00%3A00',EndDate=datetime'2016-08-21T23%3A00%3A00')",
                "type": "ZS_AGS_DASHBOARDS_SRV.ResSubUnitAva"
            },
            "ParentId": "50025384",
            "OrgId": "30101366",
            "ProDays": 0,
            "BegDate": "\/Date(1468195200000)\/",
            "EndDate": "\/Date(1473030000000)\/",
            "NonDays": 0,
            "OpenDays": 840,
            "OrgTxt": "COE UI Development",
            "GWMsg": ""
        }, {
            "__metadata": {
                "id": "https://pgtmain.wdf.sap.corp/sap/opu/odata/sap/ZS_AGS_DASHBOARDS_SRV/ResSubUnitAvaSet(ParentId='50025384',OrgId='30101200',BegDate=datetime'2016-06-26T23%3A00%3A00',EndDate=datetime'2016-08-21T23%3A00%3A00')",
                "uri": "https://pgtmain.wdf.sap.corp/sap/opu/odata/sap/ZS_AGS_DASHBOARDS_SRV/ResSubUnitAvaSet(ParentId='50025384',OrgId='30101200',BegDate=datetime'2016-06-26T23%3A00%3A00',EndDate=datetime'2016-08-21T23%3A00%3A00')",
                "type": "ZS_AGS_DASHBOARDS_SRV.ResSubUnitAva"
            },
            "ParentId": "50025384",
            "OrgId": "30101200",
            "ProDays": 0,
            "BegDate": "\/Date(1468195200000)\/",
            "EndDate": "\/Date(1473030000000)\/",
            "NonDays": 147,
            "OpenDays": 749,
            "OrgTxt": "CoE Order Management",
            "GWMsg": ""
        }, {
            "__metadata": {
                "id": "https://pgtmain.wdf.sap.corp/sap/opu/odata/sap/ZS_AGS_DASHBOARDS_SRV/ResSubUnitAvaSet(ParentId='50025384',OrgId='30106280',BegDate=datetime'2016-06-26T23%3A00%3A00',EndDate=datetime'2016-08-21T23%3A00%3A00')",
                "uri": "https://pgtmain.wdf.sap.corp/sap/opu/odata/sap/ZS_AGS_DASHBOARDS_SRV/ResSubUnitAvaSet(ParentId='50025384',OrgId='30106280',BegDate=datetime'2016-06-26T23%3A00%3A00',EndDate=datetime'2016-08-21T23%3A00%3A00')",
                "type": "ZS_AGS_DASHBOARDS_SRV.ResSubUnitAva"
            },
            "ParentId": "50025384",
            "OrgId": "30106280",
            "ProDays": 0,
            "BegDate": "\/Date(1468195200000)\/",
            "EndDate": "\/Date(1473030000000)\/",
            "NonDays": 0,
            "OpenDays": 0,
            "OrgTxt": "CoE Insurance",
            "GWMsg": ""
        }, {
            "__metadata": {
                "id": "https://pgtmain.wdf.sap.corp/sap/opu/odata/sap/ZS_AGS_DASHBOARDS_SRV/ResSubUnitAvaSet(ParentId='50025384',OrgId='30101183',BegDate=datetime'2016-06-26T23%3A00%3A00',EndDate=datetime'2016-08-21T23%3A00%3A00')",
                "uri": "https://pgtmain.wdf.sap.corp/sap/opu/odata/sap/ZS_AGS_DASHBOARDS_SRV/ResSubUnitAvaSet(ParentId='50025384',OrgId='30101183',BegDate=datetime'2016-06-26T23%3A00%3A00',EndDate=datetime'2016-08-21T23%3A00%3A00')",
                "type": "ZS_AGS_DASHBOARDS_SRV.ResSubUnitAva"
            },
            "ParentId": "50025384",
            "OrgId": "30101183",
            "ProDays": 22,
            "BegDate": "\/Date(1468195200000)\/",
            "EndDate": "\/Date(1473030000000)\/",
            "NonDays": 0,
            "OpenDays": 1154,
            "OrgTxt": "CoE Enterprise Support",
            "GWMsg": ""
        }, {
            "__metadata": {
                "id": "https://pgtmain.wdf.sap.corp/sap/opu/odata/sap/ZS_AGS_DASHBOARDS_SRV/ResSubUnitAvaSet(ParentId='50025384',OrgId='30101184',BegDate=datetime'2016-06-26T23%3A00%3A00',EndDate=datetime'2016-08-21T23%3A00%3A00')",
                "uri": "https://pgtmain.wdf.sap.corp/sap/opu/odata/sap/ZS_AGS_DASHBOARDS_SRV/ResSubUnitAvaSet(ParentId='50025384',OrgId='30101184',BegDate=datetime'2016-06-26T23%3A00%3A00',EndDate=datetime'2016-08-21T23%3A00%3A00')",
                "type": "ZS_AGS_DASHBOARDS_SRV.ResSubUnitAva"
            },
            "ParentId": "50025384",
            "OrgId": "30101184",
            "ProDays": 4,
            "BegDate": "\/Date(1468195200000)\/",
            "EndDate": "\/Date(1473030000000)\/",
            "NonDays": 0,
            "OpenDays": 1004,
            "OrgTxt": "CoE Analytics",
            "GWMsg": ""
        }, {
            "__metadata": {
                "id": "https://pgtmain.wdf.sap.corp/sap/opu/odata/sap/ZS_AGS_DASHBOARDS_SRV/ResSubUnitAvaSet(ParentId='50025384',OrgId='30101185',BegDate=datetime'2016-06-26T23%3A00%3A00',EndDate=datetime'2016-08-21T23%3A00%3A00')",
                "uri": "https://pgtmain.wdf.sap.corp/sap/opu/odata/sap/ZS_AGS_DASHBOARDS_SRV/ResSubUnitAvaSet(ParentId='50025384',OrgId='30101185',BegDate=datetime'2016-06-26T23%3A00%3A00',EndDate=datetime'2016-08-21T23%3A00%3A00')",
                "type": "ZS_AGS_DASHBOARDS_SRV.ResSubUnitAva"
            },
            "ParentId": "50025384",
            "OrgId": "30101185",
            "ProDays": 25,
            "BegDate": "\/Date(1468195200000)\/",
            "EndDate": "\/Date(1473030000000)\/",
            "NonDays": 8,
            "OpenDays": 695,
            "OrgTxt": "CoE Manufacturing",
            "GWMsg": ""
        }, {
            "__metadata": {
                "id": "https://pgtmain.wdf.sap.corp/sap/opu/odata/sap/ZS_AGS_DASHBOARDS_SRV/ResSubUnitAvaSet(ParentId='50025384',OrgId='30097316',BegDate=datetime'2016-06-26T23%3A00%3A00',EndDate=datetime'2016-08-21T23%3A00%3A00')",
                "uri": "https://pgtmain.wdf.sap.corp/sap/opu/odata/sap/ZS_AGS_DASHBOARDS_SRV/ResSubUnitAvaSet(ParentId='50025384',OrgId='30097316',BegDate=datetime'2016-06-26T23%3A00%3A00',EndDate=datetime'2016-08-21T23%3A00%3A00')",
                "type": "ZS_AGS_DASHBOARDS_SRV.ResSubUnitAva"
            },
            "ParentId": "50025384",
            "OrgId": "30097316",
            "ProDays": 0,
            "BegDate": "\/Date(1468195200000)\/",
            "EndDate": "\/Date(1473030000000)\/",
            "NonDays": 0,
            "OpenDays": 1736,
            "OrgTxt": "CoE hybris",
            "GWMsg": ""
        }, {
            "__metadata": {
                "id": "https://pgtmain.wdf.sap.corp/sap/opu/odata/sap/ZS_AGS_DASHBOARDS_SRV/ResSubUnitAvaSet(ParentId='50025384',OrgId='30093329',BegDate=datetime'2016-06-26T23%3A00%3A00',EndDate=datetime'2016-08-21T23%3A00%3A00')",
                "uri": "https://pgtmain.wdf.sap.corp/sap/opu/odata/sap/ZS_AGS_DASHBOARDS_SRV/ResSubUnitAvaSet(ParentId='50025384',OrgId='30093329',BegDate=datetime'2016-06-26T23%3A00%3A00',EndDate=datetime'2016-08-21T23%3A00%3A00')",
                "type": "ZS_AGS_DASHBOARDS_SRV.ResSubUnitAva"
            },
            "ParentId": "50025384",
            "OrgId": "30093329",
            "ProDays": 10,
            "BegDate": "\/Date(1468195200000)\/",
            "EndDate": "\/Date(1473030000000)\/",
            "NonDays": 1,
            "OpenDays": 997,
            "OrgTxt": "COE EP/PI",
            "GWMsg": ""
        }, {
            "__metadata": {
                "id": "https://pgtmain.wdf.sap.corp/sap/opu/odata/sap/ZS_AGS_DASHBOARDS_SRV/ResSubUnitAvaSet(ParentId='50025384',OrgId='30091552',BegDate=datetime'2016-06-26T23%3A00%3A00',EndDate=datetime'2016-08-21T23%3A00%3A00')",
                "uri": "https://pgtmain.wdf.sap.corp/sap/opu/odata/sap/ZS_AGS_DASHBOARDS_SRV/ResSubUnitAvaSet(ParentId='50025384',OrgId='30091552',BegDate=datetime'2016-06-26T23%3A00%3A00',EndDate=datetime'2016-08-21T23%3A00%3A00')",
                "type": "ZS_AGS_DASHBOARDS_SRV.ResSubUnitAva"
            },
            "ParentId": "50025384",
            "OrgId": "30091552",
            "ProDays": 0,
            "BegDate": "\/Date(1468195200000)\/",
            "EndDate": "\/Date(1473030000000)\/",
            "NonDays": 0,
            "OpenDays": 672,
            "OrgTxt": "COE Integration",
            "GWMsg": ""
        }, {
            "__metadata": {
                "id": "https://pgtmain.wdf.sap.corp/sap/opu/odata/sap/ZS_AGS_DASHBOARDS_SRV/ResSubUnitAvaSet(ParentId='50025384',OrgId='30078230',BegDate=datetime'2016-06-26T23%3A00%3A00',EndDate=datetime'2016-08-21T23%3A00%3A00')",
                "uri": "https://pgtmain.wdf.sap.corp/sap/opu/odata/sap/ZS_AGS_DASHBOARDS_SRV/ResSubUnitAvaSet(ParentId='50025384',OrgId='30078230',BegDate=datetime'2016-06-26T23%3A00%3A00',EndDate=datetime'2016-08-21T23%3A00%3A00')",
                "type": "ZS_AGS_DASHBOARDS_SRV.ResSubUnitAva"
            },
            "ParentId": "50025384",
            "OrgId": "30078230",
            "ProDays": 2,
            "BegDate": "\/Date(1468195200000)\/",
            "EndDate": "\/Date(1473030000000)\/",
            "NonDays": 0,
            "OpenDays": 614,
            "OrgTxt": "COE ALM/RSLaF",
            "GWMsg": ""
        }, {
            "__metadata": {
                "id": "https://pgtmain.wdf.sap.corp/sap/opu/odata/sap/ZS_AGS_DASHBOARDS_SRV/ResSubUnitAvaSet(ParentId='50025384',OrgId='30078229',BegDate=datetime'2016-06-26T23%3A00%3A00',EndDate=datetime'2016-08-21T23%3A00%3A00')",
                "uri": "https://pgtmain.wdf.sap.corp/sap/opu/odata/sap/ZS_AGS_DASHBOARDS_SRV/ResSubUnitAvaSet(ParentId='50025384',OrgId='30078229',BegDate=datetime'2016-06-26T23%3A00%3A00',EndDate=datetime'2016-08-21T23%3A00%3A00')",
                "type": "ZS_AGS_DASHBOARDS_SRV.ResSubUnitAva"
            },
            "ParentId": "50025384",
            "OrgId": "30078229",
            "ProDays": 0,
            "BegDate": "\/Date(1468195200000)\/",
            "EndDate": "\/Date(1473030000000)\/",
            "NonDays": 0,
            "OpenDays": 1344,
            "OrgTxt": "COE Mobile/UX/Cloud",
            "GWMsg": ""
        }, {
            "__metadata": {
                "id": "https://pgtmain.wdf.sap.corp/sap/opu/odata/sap/ZS_AGS_DASHBOARDS_SRV/ResSubUnitAvaSet(ParentId='50025384',OrgId='30015949',BegDate=datetime'2016-06-26T23%3A00%3A00',EndDate=datetime'2016-08-21T23%3A00%3A00')",
                "uri": "https://pgtmain.wdf.sap.corp/sap/opu/odata/sap/ZS_AGS_DASHBOARDS_SRV/ResSubUnitAvaSet(ParentId='50025384',OrgId='30015949',BegDate=datetime'2016-06-26T23%3A00%3A00',EndDate=datetime'2016-08-21T23%3A00%3A00')",
                "type": "ZS_AGS_DASHBOARDS_SRV.ResSubUnitAva"
            },
            "ParentId": "50025384",
            "OrgId": "30015949",
            "ProDays": 0,
            "BegDate": "\/Date(1468195200000)\/",
            "EndDate": "\/Date(1473030000000)\/",
            "NonDays": 0,
            "OpenDays": 672,
            "OrgTxt": "COE Financials/HCM",
            "GWMsg": ""
        }, {
            "__metadata": {
                "id": "https://pgtmain.wdf.sap.corp/sap/opu/odata/sap/ZS_AGS_DASHBOARDS_SRV/ResSubUnitAvaSet(ParentId='50025384',OrgId='30012419',BegDate=datetime'2016-06-26T23%3A00%3A00',EndDate=datetime'2016-08-21T23%3A00%3A00')",
                "uri": "https://pgtmain.wdf.sap.corp/sap/opu/odata/sap/ZS_AGS_DASHBOARDS_SRV/ResSubUnitAvaSet(ParentId='50025384',OrgId='30012419',BegDate=datetime'2016-06-26T23%3A00%3A00',EndDate=datetime'2016-08-21T23%3A00%3A00')",
                "type": "ZS_AGS_DASHBOARDS_SRV.ResSubUnitAva"
            },
            "ParentId": "50025384",
            "OrgId": "30012419",
            "ProDays": 0,
            "BegDate": "\/Date(1468195200000)\/",
            "EndDate": "\/Date(1473030000000)\/",
            "NonDays": 15,
            "OpenDays": 1161,
            "OrgTxt": "COE BW",
            "GWMsg": ""
        }, {
            "__metadata": {
                "id": "https://pgtmain.wdf.sap.corp/sap/opu/odata/sap/ZS_AGS_DASHBOARDS_SRV/ResSubUnitAvaSet(ParentId='50025384',OrgId='30012415',BegDate=datetime'2016-06-26T23%3A00%3A00',EndDate=datetime'2016-08-21T23%3A00%3A00')",
                "uri": "https://pgtmain.wdf.sap.corp/sap/opu/odata/sap/ZS_AGS_DASHBOARDS_SRV/ResSubUnitAvaSet(ParentId='50025384',OrgId='30012415',BegDate=datetime'2016-06-26T23%3A00%3A00',EndDate=datetime'2016-08-21T23%3A00%3A00')",
                "type": "ZS_AGS_DASHBOARDS_SRV.ResSubUnitAva"
            },
            "ParentId": "50025384",
            "OrgId": "30012415",
            "ProDays": 7,
            "BegDate": "\/Date(1468195200000)\/",
            "EndDate": "\/Date(1473030000000)\/",
            "NonDays": 35,
            "OpenDays": 1638,
            "OrgTxt": "COE Technology/Basis",
            "GWMsg": ""
        }, {  
            "__metadata":{  
               "id":"https://pgtmain.wdf.sap.corp/sap/opu/odata/sap/ZS_AGS_DASHBOARDS_SRV/ResSubUnitAvaSet(ParentId='',OrgId='30015950',BegDate=datetime'2016-07-10T23%3A00%3A00',EndDate=datetime'2016-09-03T23%3A00%3A00')",
               "uri":"https://pgtmain.wdf.sap.corp/sap/opu/odata/sap/ZS_AGS_DASHBOARDS_SRV/ResSubUnitAvaSet(ParentId='',OrgId='30015950',BegDate=datetime'2016-07-10T23%3A00%3A00',EndDate=datetime'2016-09-03T23%3A00%3A00')",
               "type":"ZS_AGS_DASHBOARDS_SRV.ResSubUnitAva"
            },
            "ParentId":"",
            "OrgId":"30015950",
            "ProDays":0,
            "BegDate": "\/Date(1468195200000)\/",
            "EndDate": "\/Date(1473030000000)\/",
            "NonDays":32,
            "OpenDays":1372,
            "OrgTxt":"COE Ireland HANA",
            "GWMsg":""
         }]
    }
}
