{
    "d": {
        "results": [{
            "__metadata": {
                "id": "https://pgtmain.wdf.sap.corp/sap/opu/odata/sap/ZS_AGS_DASHBOARDS_SRV/SearchVariants(ApplicationId='SAP.COE.CAPACITY.ANALYSISPilot05',VariantSetName='CAPACITYANALYSISPilot05')",
                "uri": "https://pgtmain.wdf.sap.corp/sap/opu/odata/sap/ZS_AGS_DASHBOARDS_SRV/SearchVariants(ApplicationId='SAP.COE.CAPACITY.ANALYSISPilot05',VariantSetName='CAPACITYANALYSISPilot05')",
                "type": "ZS_AGS_DASHBOARDS_SRV.SearchVariant"
            },
            "ApplicationId": "SAP.COE.CAPACITY.ANALYSISPilot05",
            "VariantSetName": "CAPACITYANALYSISPilot05",
            "VariantDetails": {
                "results": [{
                    "__metadata": {
                        "id": "https://pgtmain.wdf.sap.corp/sap/opu/odata/sap/ZS_AGS_DASHBOARDS_SRV/VariantDetails(guid'089E016C-A3C2-1ED6-9283-720E778F372C')",
                        "uri": "https://pgtmain.wdf.sap.corp/sap/opu/odata/sap/ZS_AGS_DASHBOARDS_SRV/VariantDetails(guid'089E016C-A3C2-1ED6-9283-720E778F372C')",
                        "type": "ZS_AGS_DASHBOARDS_SRV.VariantData"
                    },
                    "VariantId": "089E016C-A3C2-1ED6-9283-720E778F372C",
                    "ApplicationId": "SAP.COE.CAPACITY.ANALYSISPilot05",
                    "VariantSetName": "CAPACITYANALYSISPilot05",
                    "VariantDisplayName": "Default",
                    "OwnerId": "I327678",
                    "VariantContent": "{\"30015950\":true,\"OrgId\":[{\"id\":\"30015950\",\"name\":\"COE Ireland HANA\"}],\"DemandServiceTeam\":{\"tokens\":[{\"id\":\"50008194\",\"name\":\"RSD DELIVERY TEAM DRESDEN\"}],\"selected\":{\"50008194\":true}}}",
                    "Scope": "LOCAL",
                    "IsDefault": true,
                    "Editable": true,
                    "ExecuteOnSelect": false,
                    "IsSharing": false
                }, {
                    "__metadata": {
                        "id": "https://pgtmain.wdf.sap.corp/sap/opu/odata/sap/ZS_AGS_DASHBOARDS_SRV/VariantDetails(guid'089E016C-A3C2-1ED6-9283-720E778F372D')",
                        "uri": "https://pgtmain.wdf.sap.corp/sap/opu/odata/sap/ZS_AGS_DASHBOARDS_SRV/VariantDetails(guid'089E016C-A3C2-1ED6-9283-720E778F372D')",
                        "type": "ZS_AGS_DASHBOARDS_SRV.VariantData"
                    },
                    "VariantId": "089E016C-A3C2-1ED6-9283-720E778F372D",
                    "ApplicationId": "SAP.COE.CAPACITY.ANALYSISPilot05",
                    "VariantSetName": "CAPACITYANALYSISPilot05",
                    "VariantDisplayName": "Test 2",
                    "OwnerId": "I327678",
                    "VariantContent": "{\"30015950\":true,\"OrgId\":[{\"id\":\"30015950\",\"name\":\"COE Ireland HANA\"}],\"DemandServiceTeam\":{\"tokens\":[{\"id\":\"50008194\",\"name\":\"RSD DELIVERY TEAM DRESDEN\"}],\"selected\":{\"50008194\":true}},\"ResServiceTeam\":{\"tokens\":[{\"id\":\"50146439\",\"name\":\"COE CN INTERNS DALIAN\"}],\"selected\":{\"50146439\":true}}}",
                    "Scope": "LOCAL",
                    "IsDefault": false,
                    "Editable": true,
                    "ExecuteOnSelect": false,
                    "IsSharing": false
                }]
            }
        }]
    }
}
