<mvc:View xmlns:core="sap.ui.core" xmlns="sap.m" xmlns:mvc="sap.ui.core.mvc" xmlns:ui="sap.ui.table" xmlns:u="sap.ui.unified"
	xmlns:app="http://schemas.sap.com/sapui5/extension/sap.ui.core.CustomData/1"
	controllerName="com.sap.mcc.workplace.CardComponent.MyRecommendations.MyRecommendations">
	<ScrollContainer id="s1" vertical='true'>
		<ui:Table id="tableRecommendations" selectionMode="None" rows="{cardModel>/recommendations}" enableCellFilter="true"
			alternateRowColors="true" rowActionCount="1" noData="{= ${cardModel>/busy} ? 'Loading data...' : 'No Data'}" ariaLabelledBy="title"
			visibleRowCount="{= ${cardModel>/recommendations}.length > 9 ? 10 : ${cardModel>/recommendations}.length}">
			<ui:rowActionTemplate>
				<ui:RowAction>
					<ui:items>
						<ui:RowActionItem text="Edit Recommendation" icon="sap-icon://show-edit" press="updateRecommendation"/>
					</ui:items>
				</ui:RowAction>
			</ui:rowActionTemplate>
			<ui:columns>
				<ui:Column width="6rem" autoResizable="true" filterProperty="RecommendationsGiven" sortProperty="RecommendationsGiven">
					<Label text="Recomm.ID" tooltip="Recommendation ID"/>
					<ui:template>
						<Text text="{path:'cardModel>RecommendationsGiven'}" tooltip="{path:'cardModel>RecommendationsGiven'}" wrapping="false"/>
					</ui:template>
				</ui:Column>
				<ui:Column width="15rem" autoResizable="true" filterProperty="Tags" sortProperty="Tags">
					<Label text="Tags" tooltip="Tags"/>
					<ui:template>
						<Text text="{cardModel>Tags}" tooltip="{cardModel>Tags}" wrapping="false"/>
					</ui:template>
				</ui:Column>
				<ui:Column width="11rem" autoResizable="true" filterProperty="RecommendationType" sortProperty="RecommendationType">
					<Label text="Type" tooltip="Type"/>
					<ui:template>
						<Text text="{cardModel>RecommendationType}" tooltip="{cardModel>RecommendationType}" wrapping="false"/>
					</ui:template>
				</ui:Column>
				<ui:Column width="13rem" autoResizable="true" filterProperty="TargetResult" sortProperty="TargetResult">
					<Label text="Target Result" tooltip="Target Result"/>
					<ui:template>
						<Text text="{cardModel>TargetResult}" tooltip="{cardModel>TargetResult}" wrapping="false"/>
					</ui:template>
				</ui:Column>
				<!--<ui:Column width="13rem" autoResizable="true" filterProperty="OrganizationTarget" sortProperty="OrganizationTarget">
					<Label text="Responsible Organization" tooltip="Responsible Organization"/>
					<ui:template>
						<Text text="{cardModel>OrganizationTarget}" tooltip="{cardModel>OrganizationTarget}" wrapping="false"/>
					</ui:template>
				</ui:Column>-->
				<ui:Column width="13rem" autoResizable="true" filterProperty="Status" sortProperty="Status">
					<Label text="Status" tooltip="Status"/>
					<ui:template>
						<Text text="{cardModel>Status}" tooltip="{cardModel>Status}" wrapping="false"/>
					</ui:template>
				</ui:Column>
				<ui:Column width="6.3rem" autoResizable="true" sortProperty="createdAt">
					<!--<ui:Column autoResizable="true" filterProperty="createdAt" sortProperty="createdAt" defaultFilterOperator="EQ" filterType="\{type: 'sap.ui.model.type.Date', formatOptions: \{style: 'medium', UTC: true\}, constraints: \{\} \}">-->
					<Label text="Created On" tooltip="Created On"/>
					<ui:template>
						<Text text="{path:'cardModel>createdAt' , type: 'sap.ui.model.type.Date', formatOptions: { style: 'medium', UTC: true }}" wrapping="false"/>
					</ui:template>
				</ui:Column>
				<ui:Column width="6.3rem" autoResizable="true" sortProperty="modifiedAt">
					<!--<ui:Column autoResizable="true" filterProperty="createdAt" sortProperty="createdAt" defaultFilterOperator="EQ" filterType="\{type: 'sap.ui.model.type.Date', formatOptions: \{style: 'medium', UTC: true\}, constraints: \{\} \}">-->
					<Label text="Changed On" tooltip="Changed On"/>
					<ui:template>
						<Text text="{path:'cardModel>modifiedAt' , type: 'sap.ui.model.type.Date', formatOptions: { style: 'medium', UTC: true }}" wrapping="false"/>
					</ui:template>
				</ui:Column>
				<ui:Column width="6.3rem" autoResizable="true" sortProperty="DueDate">
					<!--<ui:Column autoResizable="true" filterProperty="DueDate" sortProperty="DueDate" defaultFilterOperator="EQ" filterType="\{type: 'sap.ui.model.type.Date', formatOptions: \{style: 'medium', UTC: true\}, constraints: \{\} \}">-->
					<Label text="Due Date " tooltip="Due Date"/>
					<ui:template>
						<Text text="{path:'cardModel>DueDate', type: 'sap.ui.model.type.Date', formatOptions: { style: 'medium'}}" wrapping="false"/>
					</ui:template>
				</ui:Column>
				<ui:Column width="9rem" id="colAuthor" autoResizable="true">
					<ui:menu>
						<u:Menu>
							<u:items>
								<u:MenuItem text="Sort Ascending" select="onSort" icon="sap-icon://sort-ascending"/>
								<u:MenuItem text="Sort Descending" select="onSort" icon="sap-icon://sort-descending"/>
								<u:MenuTextFieldItem label="Filter" select="onCustomFilter" icon="sap-icon://filter"/>
							</u:items>
						</u:Menu>
					</ui:menu>
					<Label text="Author" tooltip="Author"/>
					<ui:template>
						<Link text="{= ${cardModel>createdByName} ? ${cardModel>createdByName} : ${cardModel>createdBy}}" tooltip="{cardModel>createdBy}"
							wrapping="false" press="openEmployeePopover" app:UserId="{cardModel>createdBy}"/>
					</ui:template>
				</ui:Column>
				<ui:Column width="9rem" id="colResponsible" autoResizable="true">
					<ui:menu>
						<u:Menu>
							<u:items>
								<u:MenuItem text="Sort Ascending" select="onSort" icon="sap-icon://sort-ascending"/>
								<u:MenuItem text="Sort Descending" select="onSort" icon="sap-icon://sort-descending"/>
								<u:MenuTextFieldItem label="Filter" select="onCustomFilter" icon="sap-icon://filter"/>
							</u:items>
						</u:Menu>
					</ui:menu>
					<Label text="Responsible" tooltip="Responsible"/>
					<ui:template>
						<Link text="{= ${cardModel>ResponsibleName} ? ${cardModel>ResponsibleName} : ${cardModel>Responsible}}" tooltip="{cardModel>Responsible}"
							wrapping="false" press="openEmployeePopover" app:UserId="{cardModel>Responsible}"/>
					</ui:template>
				</ui:Column>
				<ui:Column width="5rem" autoResizable="true" filterProperty="CaseID" sortProperty="CaseID">
					<Label text="Case ID" tooltip="Case ID"/>
					<ui:template>
						<Link text="{path:'cardModel>CaseID'}" tooltip="{path:'cardModel>CaseID'}" press="onLinkPress"/>
					</ui:template>
				</ui:Column>
				<ui:Column width="9rem" autoResizable="true" filterProperty="CustomerName" sortProperty="CustomerName">
					<Label text="Customer" tooltip="Customer"/>
					<ui:template>
						<Link text="{cardModel>CustomerName}" tooltip="{cardModel>CustomerName}" press="onCustomerPressed" wrapping="false"/>
					</ui:template>
				</ui:Column>
				<ui:Column width="5.7rem" autoResizable="true" filterProperty="ServiceOrgName" sortProperty="ServiceOrgName">
					<Label text="Service Org" tooltip="Service Org"/>
					<ui:template>
						<Text text="{path: 'cardModel>ServiceOrgName', formatter: '.formatter.transformServiceOrg'}"
							tooltip="{path: 'cardModel>ServiceOrgName', formatter: '.formatter.transformServiceOrg'}" wrapping="false"/>
					</ui:template>
				</ui:Column>
				<ui:Column width="15rem" autoResizable="true" filterProperty="ServiceTeamName" sortProperty="ServiceTeamName">
					<Label text="Service Team" tooltip="Service Team"/>
					<ui:template>
						<Text text="{path: 'cardModel>ServiceTeamName', formatter: '.formatter.transformServiceTeam'}"
							tooltip="{path: 'cardModel>ServiceTeamName', formatter: '.formatter.transformServiceTeam'}" wrapping="false"/>
					</ui:template>
				</ui:Column>
				<ui:Column width="15rem" autoResizable="true" filterProperty="ProductLinesMerged" sortProperty="ProductLinesMerged">
					<Label text="Product Version" tooltip="Product Version"/>
					<ui:template>
						<!--<Text text="{cardModel>ProductLinesMerged}" tooltip="{cardModel>ProductLinesMerged}" wrapping="false"/>-->
						<FormattedText htmlText="{= ${cardModel>ProductLinesMergedFormatted} ? ${cardModel>ProductLinesMergedFormatted} : ' '}"
							tooltip="{cardModel>ProductLinesMerged}"/>
					</ui:template>
				</ui:Column>
				<ui:Column width="10rem" autoResizable="true" filterProperty="CaseTitle" sortProperty="CaseTitle">
					<Label text="Case Title" tooltip="Case Title"/>
					<ui:template>
						<Text text="{cardModel>CaseTitle}" tooltip="{cardModel>CaseTitle}" wrapping="false"/>
					</ui:template>
				</ui:Column>
			</ui:columns>
		</ui:Table>
	</ScrollContainer>
</mvc:View>