<core:FragmentDefinition xmlns="sap.m" xmlns:core="sap.ui.core" xmlns:f="sap.ui.layout.form" class="sapUiSizeCompact">
	<Dialog title="Edit Data" id="editDataId" draggable="true" resizable="false" contentWidth="50%">
		<content>
		<f:SimpleForm editable="true">
			<f:content>
				<Label text="Product Id"/>
				<Input value="{ID}" id="productIdDialog" width="50%" editable="false"/>
				<Label text="Product Name"/>
				<Input value="{Name}" id="productNameDialog" width="50%"/>
				<Label text="Release Data"/>
				<DatePicker value="{ReleaseDate}" id="dateDialog" width="50%" change="onReleaseDateChange" placeholder="yyyy-MM-dd\'T\'HH:mm:ss"/>
				<Label text="Discontinue Date"/>
				<DatePicker value="{DiscontinuedDate}" id="DdateDialog" width="50%" change="onDiscontinueDateChange" placeholder="yyyy-MM-dd\'T\'HH:mm:ss"/>
				<Label text="Rating"/>
				<RatingIndicator value="{Rating}" id="ratingDialog" liveChange="rangeIndicatorLivechange"/>
				<Label text="Description"/>
				<Input value="{Description}" id="descriptionIdDialog" width="50%"/>
				<Label text="Price"/>
				<Input value="{Price}" id="priceDialog" width="50%" liveChange="handleCurrency"/>
			</f:content>
		</f:SimpleForm>
			<Toolbar>
					<ToolbarSpacer/>
					<Button text="Submit" press="onSubmitDialogData" width="20%" type="Accept"/>
						<Button text="Cancel" press="onDialogCancel" width="20%" type="Reject"/>
				</Toolbar>
		</content>
	</Dialog>
</core:FragmentDefinition>