<core:FragmentDefinition xmlns="sap.m" xmlns:core="sap.ui.core" class="sapUiSizeCompact">
	<Dialog title="seatAssignment" resizable="true" draggable="true" afterClose="onClear">
		<content>
		
			<Bar>
				<contentLeft>
					<Label text="Recent allocated Employee Details" design="Bold"></Label>
				</contentLeft>
			</Bar>
		
		</content>
		<beginButton>
			<Button text="save" id="assignItems" icon="sap-icon://save" press="onAssignItems" visible="true"/>
		</beginButton>
		<endButton>
			<Button text="close" press="closeDialog"/>
		</endButton>
	</Dialog>
</core:FragmentDefinition>