This XML file does not appear to have any style information associated with it. The document tree is shown below.
<edmx:Edmx xmlns:edmx="http://schemas.microsoft.com/ado/2007/06/edmx" xmlns:m="http://schemas.microsoft.com/ado/2007/08/dataservices/metadata" xmlns:sap="http://www.sap.com/Protocols/SAPData" Version="1.0">
<edmx:DataServices m:DataServiceVersion="2.0">
<Schema xmlns="http://schemas.microsoft.com/ado/2008/09/edm" Namespace="ZS_APP_DLT_SRV" xml:lang="en" sap:schema-version="1">
<EntityType Name="Category" sap:content-version="1">
<Key>
<PropertyRef Name="CaseType"/>
<PropertyRef Name="CategoryID"/>
</Key>
<Property Name="CaseType" Type="Edm.String" Nullable="false" MaxLength="4" sap:label="Case Type"/>
<Property Name="CategoryID" Type="Edm.String" Nullable="false" MaxLength="4" sap:label="Category"/>
<Property Name="Description" Type="Edm.String" Nullable="false" MaxLength="60" sap:label="Text"/>
</EntityType>
<EntityType Name="Case" sap:content-version="1">
<Key>
<PropertyRef Name="CaseGuid"/>
</Key>
<Property Name="PartnerNo" Type="Edm.String" Nullable="false" MaxLength="32" sap:label="Partner Number"/>
<Property Name="Blocked" Type="Edm.String" Nullable="false" MaxLength="1" sap:label="Boolean Variable (X=true, -=false, space=unknown)"/>
<Property Name="CaseGuid" Type="Edm.Guid" Nullable="false" sap:label="Case Key"/>
<Property Name="PartnerFct" Type="Edm.String" Nullable="false" MaxLength="8" sap:label="Partner Function"/>
<Property Name="CaseType" Type="Edm.String" Nullable="false" MaxLength="4" sap:label="Case Type"/>
<Property Name="CrmMainPartner" Type="Edm.String" Nullable="false" MaxLength="1" sap:label="Main Partner"/>
<Property Name="ExtKey" Type="Edm.String" Nullable="false" MaxLength="12" sap:label="Case ID"/>
<Property Name="ExtRef" Type="Edm.String" Nullable="false" MaxLength="30" sap:label="External refer."/>
<Property Name="CreatedBy" Type="Edm.String" Nullable="false" MaxLength="12" sap:label="Created By"/>
<Property Name="CreateTime" Type="Edm.DateTime" Precision="0" sap:label="Time Stamp"/>
<Property Name="ChangedBy" Type="Edm.String" Nullable="false" MaxLength="12" sap:label="Changed By"/>
<Property Name="ChangeTime" Type="Edm.DateTime" Precision="0" sap:label="Time Stamp"/>
<Property Name="ClosedBy" Type="Edm.String" Nullable="false" MaxLength="12" sap:label="Closed By"/>
<Property Name="ClosingTime" Type="Edm.DateTime" Precision="0" sap:label="Time Stamp"/>
<Property Name="PlanEndDate" Type="Edm.DateTime" Precision="7" sap:label="Planned Close Date"/>
<Property Name="Processor" Type="Edm.String" Nullable="false" MaxLength="12" sap:label="Processor"/>
<Property Name="Responsible" Type="Edm.String" Nullable="false" MaxLength="12" sap:label="Person Respons."/>
<Property Name="CaseTitle" Type="Edm.String" Nullable="false" MaxLength="80" sap:label="Title"/>
<Property Name="EscalReason" Type="Edm.String" Nullable="false" MaxLength="2" sap:label="Escalation Reason"/>
<Property Name="Category" Type="Edm.String" Nullable="false" MaxLength="4" sap:label="Category"/>
<Property Name="Priority" Type="Edm.String" Nullable="false" MaxLength="1" sap:label="Priority"/>
<Property Name="SecureLevel" Type="Edm.String" Nullable="false" MaxLength="1" sap:label="Auth. Level"/>
<Property Name="ProfileId" Type="Edm.String" Nullable="false" MaxLength="8" sap:label="Status Profile"/>
<Property Name="StatOrderno" Type="Edm.String" Nullable="false" MaxLength="2" sap:label="Status"/>
<Property Name="StatPara" Type="Edm.String" Nullable="false" MaxLength="3" sap:label="System Status"/>
<Property Name="StatLine" Type="Edm.String" Nullable="false" MaxLength="40" sap:label="System Status"/>
<Property Name="StatUserLine" Type="Edm.String" Nullable="false" MaxLength="40" sap:label="User Status"/>
<Property Name="ReasonCode" Type="Edm.String" Nullable="false" MaxLength="4" sap:label="Reason"/>
<Property Name="CrmCaseTitle" Type="Edm.String" Nullable="false" MaxLength="80" sap:label="Heading"/>
<Property Name="CrmSchRefTime" Type="Edm.DateTime" Precision="0" sap:label="Time Stamp"/>
<Property Name="CrmBusRefTime" Type="Edm.DateTime" Precision="0" sap:label="Time Stamp"/>
<Property Name="CrmSchemaId" Type="Edm.String" Nullable="false" MaxLength="40" sap:label="Schema ID"/>
<Property Name="CrmCategoryId" Type="Edm.String" Nullable="false" MaxLength="40" sap:label="Ref. Category ID"/>
<Property Name="ProdCatId" Type="Edm.String" Nullable="false" MaxLength="20" sap:label="Product Cat."/>
<Property Name="CategoryText" Type="Edm.String" Nullable="false" MaxLength="80" sap:label="Category Description"/>
<Property Name="ZzsSalesOrg" Type="Edm.String" Nullable="false" MaxLength="14" sap:label="Sales Org (tech.)"/>
<Property Name="ZzsRating" Type="Edm.String" Nullable="false" MaxLength="1" sap:label="Rating"/>
<Property Name="ZzsServiceOrg" Type="Edm.String" Nullable="false" MaxLength="14" sap:label="Service Org (tech.)"/>
<Property Name="ZzsRiskAmount" Type="Edm.Decimal" Nullable="false" Precision="16" Scale="3" sap:label="Revenue at Risk"/>
<Property Name="ZzsRskAmtCurr" Type="Edm.String" Nullable="false" MaxLength="5" sap:label="Currency" sap:semantics="currency-code"/>
<Property Name="ZzsRiskLevel" Type="Edm.String" Nullable="false" MaxLength="1" sap:label="Risk Level"/>
<Property Name="ZzsStatReason" Type="Edm.String" Nullable="false" MaxLength="2" sap:label="Reason for Status"/>
<Property Name="Zzagsinitiat" Type="Edm.String" Nullable="false" MaxLength="4" sap:label="AGS Initiatives"/>
<Property Name="ZzsServorgUnit" Type="Edm.String" Nullable="false" MaxLength="14" sap:label="Service Org. Unit"/>
<Property Name="Zzfvaluediscovws" Type="Edm.String" Nullable="false" MaxLength="10" sap:label="Value Discovery Work"/>
<Property Name="Zzfarchroadsrv" Type="Edm.String" Nullable="false" MaxLength="10" sap:label="Architecture and Rao"/>
<Property Name="Zzftechmigrpract" Type="Edm.String" Nullable="false" MaxLength="10" sap:label="Technical Migration"/>
<Property Name="Zzfmigrationplan" Type="Edm.String" Nullable="false" MaxLength="10" sap:label="Migration Planning"/>
<Property Name="Zzfinnovstrategy" Type="Edm.String" Nullable="false" MaxLength="10" sap:label="Innovation Strategy"/>
<Property Name="Zzfengapackage" Type="Edm.String" Nullable="false" MaxLength="10" sap:label="Engagement Package"/>
<Property Name="Zzfhanafinance" Type="Edm.String" Nullable="false" MaxLength="1" sap:label="S/4HANA Finance"/>
<Property Name="Zzfhanalogistics" Type="Edm.String" Nullable="false" MaxLength="1" sap:label="S/4HANA Logistics"/>
<Property Name="Zzficcengdevpro" Type="Edm.String" Nullable="false" MaxLength="1" sap:label="Prototyping/PoC"/>
<Property Name="Zzficcenggapval" Type="Edm.String" Nullable="false" MaxLength="1" sap:label="Gap Validation"/>
<Property Name="Zzficcenginteval" Type="Edm.String" Nullable="false" MaxLength="1" sap:label="Integration Validati"/>
<Property Name="Zzficcengothfocu" Type="Edm.String" Nullable="false" MaxLength="1" sap:label="Other ICC Topic"/>
<Property Name="Zzficcengstatus" Type="Edm.String" Nullable="false" MaxLength="10" sap:label="ICC Engagement Statu"/>
<Property Name="Zzficcroaddiscov" Type="Edm.String" Nullable="false" MaxLength="1" sap:label="Roadmap/Discovery"/>
<Property Name="Zzficcmodelcompa" Type="Edm.String" Nullable="false" MaxLength="1" sap:label="Model Company"/>
<Property Name="Zzficcuserexperi" Type="Edm.String" Nullable="false" MaxLength="1" sap:label="User Experience"/>
<Property Name="Zzficctranstoops" Type="Edm.String" Nullable="false" MaxLength="1" sap:label="Transition to Operat"/>
<Property Name="Zzfqgatesno" Type="Edm.String" Nullable="false" MaxLength="4" sap:label="No."/>
<Property Name="Zzfqgatesstart" Type="Edm.DateTime" Precision="7" sap:label="Start Date"/>
<Property Name="Zzfqgatesfinish" Type="Edm.DateTime" Precision="7" sap:label="Finish Date"/>
<Property Name="Zzfqgatesstatus" Type="Edm.String" Nullable="false" MaxLength="5" sap:label="Status"/>
<Property Name="Zzfqgatessevere" Type="Edm.String" Nullable="false" MaxLength="5" sap:label="Severity"/>
<Property Name="Zzfqgatesphases" Type="Edm.String" Nullable="false" MaxLength="10" sap:label="Target Phase"/>
<Property Name="ZzsExternal" Type="Edm.String" Nullable="false" MaxLength="1" sap:label="External"/>
<Property Name="ZzsScenario" Type="Edm.String" Nullable="false" MaxLength="2" sap:label="Scenario Type"/>
<Property Name="ZzsMarketUnit" Type="Edm.String" Nullable="false" MaxLength="10" sap:label="Market Unit"/>
<Property Name="ZzsMaincontract" Type="Edm.String" Nullable="false" MaxLength="10" sap:label="Main Contract"/>
<Property Name="ZzsSnowSysid" Type="Edm.String" Nullable="false" MaxLength="32" sap:label="SYS_ID"/>
<Property Name="ZzsIncidentPoi" Type="Edm.String" Nullable="false" MaxLength="24" sap:label="BCP Incident Pointer"/>
<Property Name="Zzfld0000d5" Type="Edm.String" Nullable="false" MaxLength="4" sap:label="AGS Initiatives"/>
<Property Name="ZzsProctype" Type="Edm.String" Nullable="false" MaxLength="10" sap:label="Process Type"/>
<Property Name="ZzsTrend" Type="Edm.String" Nullable="false" MaxLength="1" sap:label="Trend"/>
<Property Name="ZzsTrendImage" Type="Edm.String" Nullable="false" MaxLength="1" sap:label="Trend Image"/>
<Property Name="Zzfivengstatus" Type="Edm.String" Nullable="false" MaxLength="10" sap:label="IV Engagement Status"/>
<Property Name="ZzsDpRelevant" Type="Edm.String" Nullable="false" MaxLength="4" sap:label="Data Protect & Sec."/>
<Property Name="ZzsDpExcept" Type="Edm.Boolean" Nullable="false" sap:label="Data Protect. Except"/>
<Property Name="Zsfflwupdt" Type="Edm.DateTime" Precision="7" sap:label="Follow-up date"/>
<Property Name="Zzfcusttyp" Type="Edm.String" Nullable="false" MaxLength="10" sap:label="Customer Type"/>
<Property Name="Zzfcsttpdt" Type="Edm.String" Nullable="false" MaxLength="50" sap:label="Details to cust type"/>
<Property Name="Zzfprjtype" Type="Edm.String" Nullable="false" MaxLength="10" sap:label="Project Type"/>
<Property Name="Zzfprjphs" Type="Edm.String" Nullable="false" MaxLength="10" sap:label="Project Phase"/>
<Property Name="Zzfprojlead" Type="Edm.String" Nullable="false" MaxLength="10" sap:label="Project Lead"/>
<Property Name="Zzfprojcmnt" Type="Edm.String" Nullable="false" MaxLength="255" sap:label="Project Comments"/>
<Property Name="Zzfprjstrtd" Type="Edm.DateTime" Precision="7" sap:label="Project Start"/>
<Property Name="ZzfgoliveD" Type="Edm.DateTime" Precision="7" sap:label="Go Live"/>
<Property Name="ZzfrolloutD" Type="Edm.DateTime" Precision="7" sap:label="Rollout"/>
<Property Name="Zzfglrloutd" Type="Edm.String" Nullable="false" MaxLength="255" sap:label="Descr GL Rollout"/>
<Property Name="Zzfscenario" Type="Edm.String" Nullable="false" MaxLength="10" sap:label="Scenario"/>
<Property Name="Zzfusecassc" Type="Edm.String" Nullable="false" MaxLength="10" sap:label="Use Case Scope"/>
<Property Name="Zzfusecasdt" Type="Edm.String" Nullable="false" MaxLength="60" sap:label="Use Case details"/>
<Property Name="ZzfnumUsrs" Type="Edm.String" Nullable="false" MaxLength="10" sap:label="Number of user"/>
<Property Name="Zzfimplpart" Type="Edm.String" Nullable="false" MaxLength="255" sap:label="Implementation partn"/>
<Property Name="Zzfagsinvol" Type="Edm.String" Nullable="false" MaxLength="10" sap:label="AGS involvement"/>
<Property Name="ZzsAgsRefCust" Type="Edm.String" Nullable="false" MaxLength="10" sap:label="Reference Customer"/>
<Property Name="Zzfsolmanstatus" Type="Edm.String" Nullable="false" MaxLength="10" sap:label="Solution Manager Sta"/>
<Property Name="Zzfheccustomer" Type="Edm.String" Nullable="false" MaxLength="1" sap:label="SAP HEC Customer"/>
<Property Name="Zzfsupchannel" Type="Edm.String" Nullable="false" MaxLength="10" sap:label="Support Channel"/>
<Property Name="Zzfptdprojectid" Type="Edm.String" Nullable="false" MaxLength="14" sap:label="PtD Project ID"/>
<Property Name="Zzfsysnoprod" Type="Edm.String" Nullable="false" MaxLength="18" sap:label="SAP System Number"/>
<Property Name="Zzfonpremcloud" Type="Edm.String" Nullable="false" MaxLength="10" sap:label="Deployment Type"/>
<Property Name="Zzfsapprogram" Type="Edm.String" Nullable="false" MaxLength="10" sap:label="SAP Program"/>
</EntityType>
<EntityType Name="Reason" sap:content-version="1">
<Key>
<PropertyRef Name="CaseType"/>
<PropertyRef Name="ReasonCode"/>
</Key>
<Property Name="CaseType" Type="Edm.String" Nullable="false" MaxLength="4" sap:label="Case Type"/>
<Property Name="ReasonCode" Type="Edm.String" Nullable="false" MaxLength="4" sap:label="Reason"/>
<Property Name="Description" Type="Edm.String" Nullable="false" MaxLength="60" sap:label="Text"/>
</EntityType>
<EntityType Name="Status" sap:content-version="1">
<Key>
<PropertyRef Name="StatOrderno"/>
</Key>
<Property Name="StatOrderno" Type="Edm.String" Nullable="false" MaxLength="2" sap:label="Status"/>
<Property Name="StatOrdnoDescr" Type="Edm.String" Nullable="false" MaxLength="40" sap:label="Status Descr."/>
</EntityType>
<EntityType Name="Rating" sap:content-version="1">
<Key>
<PropertyRef Name="Valpos"/>
</Key>
<Property Name="Valpos" Type="Edm.String" Nullable="false" MaxLength="4" sap:label="Value key"/>
<Property Name="DomvalueL" Type="Edm.String" Nullable="false" MaxLength="10" sap:label="Lower_value"/>
<Property Name="Ddtext" Type="Edm.String" Nullable="false" MaxLength="60" sap:label="Short text"/>
</EntityType>
<EntityType Name="SAPInvolvement" sap:content-version="1">
<Key>
<PropertyRef Name="Valpos"/>
</Key>
<Property Name="Valpos" Type="Edm.String" Nullable="false" MaxLength="4" sap:label="Value key"/>
<Property Name="DomvalueL" Type="Edm.String" Nullable="false" MaxLength="10" sap:label="Lower_value"/>
<Property Name="Ddtext" Type="Edm.String" Nullable="false" MaxLength="60" sap:label="Short text"/>
</EntityType>
<EntityType Name="CustomerType" sap:content-version="1">
<Key>
<PropertyRef Name="Valpos"/>
</Key>
<Property Name="Valpos" Type="Edm.String" Nullable="false" MaxLength="4" sap:label="Value key"/>
<Property Name="DomvalueL" Type="Edm.String" Nullable="false" MaxLength="10" sap:label="Lower_value"/>
<Property Name="Ddtext" Type="Edm.String" Nullable="false" MaxLength="60" sap:label="Short text"/>
</EntityType>
<EntityType Name="Scenario" sap:content-version="1">
<Key>
<PropertyRef Name="Valpos"/>
</Key>
<Property Name="Valpos" Type="Edm.String" Nullable="false" MaxLength="4" sap:label="Value key"/>
<Property Name="DomvalueL" Type="Edm.String" Nullable="false" MaxLength="10" sap:label="Lower_value"/>
<Property Name="Ddtext" Type="Edm.String" Nullable="false" MaxLength="60" sap:label="Short text"/>
</EntityType>
<EntityContainer Name="ZS_APP_DLT_SRV_Entities" m:IsDefaultEntityContainer="true" sap:supported-formats="atom json xlsx">
<EntitySet Name="CategorySet" EntityType="ZS_APP_DLT_SRV.Category" sap:content-version="1"/>
<EntitySet Name="CaseSet" EntityType="ZS_APP_DLT_SRV.Case" sap:content-version="1"/>
<EntitySet Name="ReasonSet" EntityType="ZS_APP_DLT_SRV.Reason" sap:content-version="1"/>
<EntitySet Name="StatusSet" EntityType="ZS_APP_DLT_SRV.Status" sap:content-version="1"/>
<EntitySet Name="RatingSet" EntityType="ZS_APP_DLT_SRV.Rating" sap:content-version="1"/>
<EntitySet Name="SAPInvolvementSet" EntityType="ZS_APP_DLT_SRV.SAPInvolvement" sap:content-version="1"/>
<EntitySet Name="CustomerTypeSet" EntityType="ZS_APP_DLT_SRV.CustomerType" sap:content-version="1"/>
<EntitySet Name="ScenarioSet" EntityType="ZS_APP_DLT_SRV.Scenario" sap:content-version="1"/>
</EntityContainer>
<atom:link xmlns:atom="http://www.w3.org/2005/Atom" rel="self" href="https://ICD.WDF.SAP.CORP:443/sap/opu/odata/sap/ZS_APP_DLT_SRV/$metadata"/>
<atom:link xmlns:atom="http://www.w3.org/2005/Atom" rel="latest-version" href="https://ICD.WDF.SAP.CORP:443/sap/opu/odata/sap/ZS_APP_DLT_SRV/$metadata"/>
</Schema>
</edmx:DataServices>
</edmx:Edmx>