<EntityType Name="Cases" sap:content-version="1">
<Key>
<PropertyRef Name="case_id"/>
</Key>
<Property Name="customer_logo" Type="ZS_AGS_DASHBOARDS_SRV.customer_logo" Nullable="false"/>
<Property Name="flag" Type="Edm.String" MaxLength="1" sap:unicode="false" sap:label="Single-Character Flag" sap:creatable="false" sap:updatable="false" sap:sortable="false" sap:filterable="false"/>
<Property Name="case_id" Type="Edm.String" Nullable="false" MaxLength="12" sap:unicode="false" sap:label="Case ID" sap:creatable="false" sap:updatable="false" sap:sortable="false"/>
<Property Name="case_guid" Type="Edm.String" Nullable="false" MaxLength="32" sap:unicode="false" sap:label="Case GUID" sap:creatable="false" sap:updatable="false" sap:sortable="false" sap:filterable="false"/>
<Property Name="case_type" Type="Edm.String" MaxLength="4" sap:unicode="false" sap:label="Case Type" sap:creatable="false" sap:updatable="false" sap:sortable="false"/>
<Property Name="case_type_text" Type="Edm.String" MaxLength="40" sap:unicode="false" sap:label="Case Type Text" sap:creatable="false" sap:updatable="false" sap:sortable="false" sap:filterable="false"/>
<Property Name="case_title" Type="Edm.String" MaxLength="80" sap:unicode="false" sap:label="Case Title" sap:creatable="false" sap:updatable="false" sap:sortable="false"/>
<Property Name="priority" Type="Edm.String" MaxLength="40" sap:unicode="false" sap:label="Priority" sap:creatable="false" sap:updatable="false" sap:sortable="false"/>
<Property Name="priority_text" Type="Edm.String" MaxLength="40" sap:unicode="false" sap:label="Case Priority Text" sap:creatable="false" sap:updatable="false" sap:sortable="false" sap:filterable="false"/>
<Property Name="category" Type="Edm.String" MaxLength="60" sap:unicode="false" sap:label="Case Category" sap:creatable="false" sap:updatable="false" sap:sortable="false"/>
<Property Name="category_text" Type="Edm.String" MaxLength="60" sap:unicode="false" sap:label="Case Category Text" sap:creatable="false" sap:updatable="false" sap:sortable="false" sap:filterable="false"/>
<Property Name="rating" Type="Edm.String" MaxLength="10" sap:unicode="false" sap:label="Case Rating" sap:creatable="false" sap:updatable="false" sap:sortable="false"/>
<Property Name="rating_text" Type="Edm.String" MaxLength="10" sap:unicode="false" sap:label="Case Rating Text" sap:creatable="false" sap:updatable="false" sap:sortable="false" sap:filterable="false"/>
<Property Name="escal_reason" Type="Edm.String" MaxLength="60" sap:unicode="false" sap:label="Escalation Reason" sap:creatable="false" sap:updatable="false" sap:sortable="false"/>
<Property Name="escal_reason_text" Type="Edm.String" MaxLength="60" sap:unicode="false" sap:label="Escalation Reason Text" sap:creatable="false" sap:updatable="false" sap:sortable="false" sap:filterable="false"/>
<Property Name="reason" Type="Edm.String" MaxLength="60" sap:unicode="false" sap:label="Case Reason" sap:creatable="false" sap:updatable="false" sap:sortable="false"/>
<Property Name="reason_text" Type="Edm.String" MaxLength="60" sap:unicode="false" sap:label="Case Reason Text" sap:creatable="false" sap:updatable="false" sap:sortable="false" sap:filterable="false"/>
<Property Name="initiative_code" Type="Edm.String" MaxLength="4" sap:unicode="false" sap:label="AGS Initiative Code" sap:creatable="false" sap:updatable="false" sap:sortable="false"/>
<Property Name="initiative_text" Type="Edm.String" MaxLength="60" sap:unicode="false" sap:label="AGS Initiative Text" sap:creatable="false" sap:updatable="false" sap:sortable="false" sap:filterable="false"/>
<Property Name="status" Type="Edm.String" MaxLength="40" sap:unicode="false" sap:label="Case Status" sap:creatable="false" sap:updatable="false" sap:sortable="false"/>
<Property Name="status_text" Type="Edm.String" MaxLength="40" sap:unicode="false" sap:label="Case Status Text" sap:creatable="false" sap:updatable="false" sap:sortable="false" sap:filterable="false"/>
<Property Name="service_team" Type="Edm.String" MaxLength="32" sap:unicode="false" sap:label="Service Team" sap:creatable="false" sap:updatable="false" sap:sortable="false"/>
<Property Name="service_team_name" Type="Edm.String" MaxLength="40" sap:unicode="false" sap:label="Service Team Name" sap:creatable="false" sap:updatable="false" sap:sortable="false" sap:filterable="false"/>
<Property Name="sales_org" Type="Edm.String" MaxLength="20" sap:unicode="false" sap:label="Sales Organization" sap:creatable="false" sap:updatable="false" sap:sortable="false"/>
<Property Name="service_org" Type="Edm.String" MaxLength="20" sap:unicode="false" sap:label="Service Organization" sap:creatable="false" sap:updatable="false" sap:sortable="false"/>
<Property Name="delivery_unit" Type="Edm.String" MaxLength="32" sap:unicode="false" sap:label="Delivery Unit" sap:creatable="false" sap:updatable="false" sap:sortable="false"/>
<Property Name="responsible_person" Type="Edm.String" MaxLength="60" sap:unicode="false" sap:label="Person Responsible Text" sap:creatable="false" sap:updatable="false" sap:sortable="false" sap:filterable="false"/>
<Property Name="responsible_user" Type="Edm.String" MaxLength="12" sap:unicode="false" sap:label="Person Responsible" sap:creatable="false" sap:updatable="false" sap:sortable="false"/>
<Property Name="create_time" Type="Edm.String" MaxLength="14" sap:unicode="false" sap:label="Create Time" sap:creatable="false" sap:updatable="false" sap:sortable="false"/>
<Property Name="change_time" Type="Edm.String" MaxLength="14" sap:unicode="false" sap:label="Change Time" sap:creatable="false" sap:updatable="false" sap:sortable="false"/>
<Property Name="closing_time" Type="Edm.String" MaxLength="14" sap:unicode="false" sap:label="Closing Time" sap:creatable="false" sap:updatable="false" sap:sortable="false"/>
<Property Name="planned_close_date" Type="Edm.DateTime" Precision="7" sap:unicode="false" sap:label="Planned Close Date" sap:creatable="false" sap:updatable="false" sap:sortable="false"/>
<Property Name="customer_bp_id" Type="Edm.String" MaxLength="32" sap:unicode="false" sap:label="Main Customer ID" sap:creatable="false" sap:updatable="false" sap:sortable="false"/>
<Property Name="customer_r3_no" Type="Edm.String" MaxLength="10" sap:unicode="false" sap:label="ERP Customer No." sap:creatable="false" sap:updatable="false" sap:sortable="false"/>
<Property Name="customer_name" Type="Edm.String" MaxLength="50" sap:unicode="false" sap:label="Main Customer Name" sap:creatable="false" sap:updatable="false" sap:sortable="false"/>
<Property Name="customer_location" Type="Edm.String" MaxLength="50" sap:unicode="false" sap:label="Main Customer Location" sap:creatable="false" sap:updatable="false" sap:sortable="false" sap:filterable="false"/>
<Property Name="customer_country" Type="Edm.String" MaxLength="50" sap:unicode="false" sap:label="Main Customer Country" sap:creatable="false" sap:updatable="false" sap:sortable="false" sap:filterable="false"/>
<Property Name="customer_post_code" Type="Edm.String" MaxLength="10" sap:unicode="false" sap:label="Main Customer Postal Code" sap:creatable="false" sap:updatable="false" sap:sortable="false" sap:filterable="false"/>
<Property Name="customer_city" Type="Edm.String" MaxLength="40" sap:unicode="false" sap:label="Main Customer City" sap:creatable="false" sap:updatable="false" sap:sortable="false" sap:filterable="false"/>
<Property Name="customer_street" Type="Edm.String" MaxLength="60" sap:unicode="false" sap:label="Main Customer Street" sap:creatable="false" sap:updatable="false" sap:sortable="false" sap:filterable="false"/>
<Property Name="customer_house_number" Type="Edm.String" MaxLength="10" sap:unicode="false" sap:label="Main Customer House Number" sap:creatable="false" sap:updatable="false" sap:sortable="false" sap:filterable="false"/>
<Property Name="customer_type" Type="Edm.String" MaxLength="10" sap:unicode="false" sap:label="Customer Type" sap:creatable="false" sap:updatable="false" sap:sortable="false"/>
<Property Name="customer_type_text" Type="Edm.String" MaxLength="60" sap:unicode="false" sap:label="Customer Type Text" sap:creatable="false" sap:updatable="false" sap:sortable="false" sap:filterable="false"/>
<Property Name="country" Type="Edm.String" MaxLength="3" sap:unicode="false" sap:label=" Country Code of Customer" sap:creatable="false" sap:updatable="false" sap:sortable="false"/>
<Property Name="created_by" Type="Edm.String" MaxLength="12" sap:unicode="false" sap:label="Created by User" sap:creatable="false" sap:updatable="false" sap:sortable="false"/>
<Property Name="created_by_person" Type="Edm.String" MaxLength="60" sap:unicode="false" sap:label="Created by User Text" sap:creatable="false" sap:updatable="false" sap:sortable="false" sap:filterable="false"/>
<Property Name="processor" Type="Edm.String" MaxLength="12" sap:unicode="false" sap:label="Processor User" sap:creatable="false" sap:updatable="false" sap:sortable="false"/>
<Property Name="processor_person" Type="Edm.String" MaxLength="60" sap:unicode="false" sap:label="Processor User Text" sap:creatable="false" sap:updatable="false" sap:sortable="false" sap:filterable="false"/>
<Property Name="process_type" Type="Edm.String" MaxLength="10" sap:unicode="false" sap:label="Process Type" sap:creatable="false" sap:updatable="false" sap:sortable="false"/>
<Property Name="process_type_text" Type="Edm.String" MaxLength="60" sap:unicode="false" sap:label="Process Type Text" sap:creatable="false" sap:updatable="false" sap:sortable="false" sap:filterable="false"/>
<Property Name="global_ultimate_id" Type="Edm.String" MaxLength="10" sap:unicode="false" sap:label="Global Ultimate ID" sap:creatable="false" sap:updatable="false" sap:sortable="false"/>
<Property Name="changed_by" Type="Edm.String" MaxLength="12" sap:unicode="false" sap:label="Changed by User" sap:creatable="false" sap:updatable="false" sap:sortable="false"/>
<Property Name="changed_by_person" Type="Edm.String" MaxLength="60" sap:unicode="false" sap:label="Changed by User Text" sap:creatable="false" sap:updatable="false" sap:sortable="false" sap:filterable="false"/>
<Property Name="ref_cust" Type="Edm.String" MaxLength="10" sap:unicode="false" sap:label="AGS Ref Customer" sap:creatable="false" sap:updatable="false" sap:sortable="false"/>
<Property Name="follow_up" Type="Edm.DateTime" Precision="7" sap:unicode="false" sap:label="Follow-up Date" sap:creatable="false" sap:updatable="false" sap:sortable="false"/>
<Property Name="go_live" Type="Edm.DateTime" Precision="7" sap:unicode="false" sap:label=" Go Live Date" sap:creatable="false" sap:updatable="false" sap:sortable="false"/>
<Property Name="sap_invol" Type="Edm.String" MaxLength="10" sap:unicode="false" sap:label="SAP Involvement" sap:creatable="false" sap:updatable="false" sap:sortable="false"/>
<Property Name="sap_invol_text" Type="Edm.String" MaxLength="60" sap:unicode="false" sap:label="SAP Involvement Text" sap:creatable="false" sap:updatable="false" sap:sortable="false" sap:filterable="false"/>
<Property Name="scenario" Type="Edm.String" MaxLength="10" sap:unicode="false" sap:label="Scenario" sap:creatable="false" sap:updatable="false" sap:sortable="false"/>
<Property Name="scenario_text" Type="Edm.String" MaxLength="60" sap:unicode="false" sap:label="Scenario Text" sap:creatable="false" sap:updatable="false" sap:sortable="false" sap:filterable="false"/>
<Property Name="use_case" Type="Edm.String" MaxLength="10" sap:unicode="false" sap:label="Use Case" sap:creatable="false" sap:updatable="false" sap:sortable="false"/>
<Property Name="use_case_text" Type="Edm.String" MaxLength="60" sap:unicode="false" sap:label="Use Case Text" sap:creatable="false" sap:updatable="false" sap:sortable="false" sap:filterable="false"/>
<Property Name="hec_customer" Type="Edm.String" MaxLength="1" sap:unicode="false" sap:label="HEC Customer Flag" sap:creatable="false" sap:updatable="false" sap:sortable="false"/>
<Property Name="project_phase" Type="Edm.String" MaxLength="10" sap:unicode="false" sap:label="Project Phase" sap:creatable="false" sap:updatable="false" sap:sortable="false"/>
<Property Name="project_phase_text" Type="Edm.String" MaxLength="60" sap:unicode="false" sap:label="Project Phase Text" sap:creatable="false" sap:updatable="false" sap:sortable="false" sap:filterable="false"/>
<Property Name="sap_system_number" Type="Edm.String" MaxLength="18" sap:unicode="false" sap:label="SAP System Number" sap:creatable="false" sap:updatable="false" sap:sortable="false"/>
<Property Name="onpremise_cloud" Type="Edm.String" MaxLength="10" sap:unicode="false" sap:label="On Premise/Cloud" sap:creatable="false" sap:updatable="false" sap:sortable="false"/>
<Property Name="onpremise_cloud_text" Type="Edm.String" MaxLength="60" sap:unicode="false" sap:label="On Premise/Cloud Text" sap:creatable="false" sap:updatable="false" sap:sortable="false" sap:filterable="false"/>
<Property Name="project_type" Type="Edm.String" MaxLength="10" sap:unicode="false" sap:label="Project Type" sap:creatable="false" sap:updatable="false" sap:sortable="false" sap:filterable="false"/>
<Property Name="project_type_text" Type="Edm.String" MaxLength="60" sap:unicode="false" sap:label="Project Type Text" sap:creatable="false" sap:updatable="false" sap:sortable="false" sap:filterable="false"/>
<Property Name="s4hana_fin" Type="Edm.String" MaxLength="1" sap:unicode="false" sap:label="S/4 HANA Finance" sap:creatable="false" sap:updatable="false" sap:sortable="false" sap:filterable="false"/>
<Property Name="s4hana_log" Type="Edm.String" MaxLength="1" sap:unicode="false" sap:label="S/4 HANA Logistics" sap:creatable="false" sap:updatable="false" sap:sortable="false" sap:filterable="false"/>
<Property Name="s4value_impl_strategy" Type="Edm.String" MaxLength="10" sap:unicode="false" sap:label="S/4 Value Implementation Strategy" sap:creatable="false" sap:updatable="false" sap:sortable="false" sap:filterable="false"/>
<Property Name="s4value_impl_strategy_text" Type="Edm.String" MaxLength="60" sap:unicode="false" sap:label="S/4 Value Implementation Strategy Text" sap:creatable="false" sap:updatable="false" sap:sortable="false" sap:filterable="false"/>
<Property Name="s4technical_architecture" Type="Edm.String" MaxLength="10" sap:unicode="false" sap:label="S/4 Technical Architecture and Infrastructure" sap:creatable="false" sap:updatable="false" sap:sortable="false" sap:filterable="false"/>
<Property Name="s4technical_architecture_text" Type="Edm.String" MaxLength="60" sap:unicode="false" sap:label="S/4 Technical Architecture and Infrastructure Text" sap:creatable="false" sap:updatable="false" sap:sortable="false" sap:filterable="false"/>
<Property Name="s4migration_planning" Type="Edm.String" MaxLength="10" sap:unicode="false" sap:label="S/4 Migration Planning" sap:creatable="false" sap:updatable="false" sap:sortable="false" sap:filterable="false"/>
<Property Name="s4migration_planning_text" Type="Edm.String" MaxLength="60" sap:unicode="false" sap:label="S/4 Migration Planning Text" sap:creatable="false" sap:updatable="false" sap:sortable="false" sap:filterable="false"/>
<Property Name="s4innovation_strategy" Type="Edm.String" MaxLength="10" sap:unicode="false" sap:label="S/4 Innovation Strategy and Roadmap" sap:creatable="false" sap:updatable="false" sap:sortable="false" sap:filterable="false"/>
<Property Name="s4innovation_strategy_text" Type="Edm.String" MaxLength="60" sap:unicode="false" sap:label="S/4 Innovation Strategy and Roadmap Text" sap:creatable="false" sap:updatable="false" sap:sortable="false" sap:filterable="false"/>
<Property Name="s4discovery_workshop" Type="Edm.String" MaxLength="10" sap:unicode="false" sap:label="S/4 Discovery Workshop" sap:creatable="false" sap:updatable="false" sap:sortable="false" sap:filterable="false"/>
<Property Name="s4discovery_workshop_text" Type="Edm.String" MaxLength="60" sap:unicode="false" sap:label="S/4 Discovery Workshop Text" sap:creatable="false" sap:updatable="false" sap:sortable="false" sap:filterable="false"/>
<Property Name="s4engagement_package" Type="Edm.String" MaxLength="10" sap:unicode="false" sap:label="S/4 Engagement Package" sap:creatable="false" sap:updatable="false" sap:sortable="false" sap:filterable="false"/>
<Property Name="s4engagement_package_text" Type="Edm.String" MaxLength="60" sap:unicode="false" sap:label="S/4 Engagement Package Text" sap:creatable="false" sap:updatable="false" sap:sortable="false" sap:filterable="false"/>
<Property Name="risk_level" Type="Edm.String" MaxLength="1" sap:unicode="false" sap:label="Risk Level" sap:creatable="false" sap:updatable="false" sap:sortable="false"/>
<Property Name="risk_level_text" Type="Edm.String" MaxLength="60" sap:unicode="false" sap:label="Risk Level Text" sap:creatable="false" sap:updatable="false" sap:sortable="false" sap:filterable="false"/>
<Property Name="product_description" Type="Edm.String" sap:unicode="false" sap:label="Product Description" sap:creatable="false" sap:updatable="false" sap:sortable="false" sap:filterable="false"/>
<Property Name="number_open_activities" Type="Edm.Int16" sap:unicode="false" sap:label="Open Activities" sap:creatable="false" sap:updatable="false" sap:sortable="false" sap:filterable="false"/>
<Property Name="numberOfTopIssues" Type="Edm.Int16" sap:unicode="false" sap:label="Open Top Issues" sap:creatable="false" sap:updatable="false" sap:sortable="false" sap:filterable="false"/>
<Property Name="highestRatingOfTopIssues" Type="Edm.String" MaxLength="1" sap:unicode="false" sap:label="Highest Rating of Open Top Issue" sap:creatable="false" sap:updatable="false" sap:sortable="false" sap:filterable="false"/>
<Property Name="qgate_start_date" Type="Edm.DateTime" Precision="7" sap:unicode="false" sap:label="QGate Start Date" sap:creatable="false" sap:updatable="false" sap:sortable="false" sap:filterable="false"/>
<Property Name="qgate_finish_date" Type="Edm.DateTime" Precision="7" sap:unicode="false" sap:label="QGate Finish Date" sap:creatable="false" sap:updatable="false" sap:sortable="false" sap:filterable="false"/>
<Property Name="qgate_rating" Type="Edm.String" MaxLength="60" sap:unicode="false" sap:label="QGate Rating" sap:creatable="false" sap:updatable="false" sap:sortable="false" sap:filterable="false"/>
<Property Name="qgate_status" Type="Edm.String" MaxLength="60" sap:unicode="false" sap:label="QGate Status" sap:creatable="false" sap:updatable="false" sap:sortable="false" sap:filterable="false"/>
<Property Name="qgate_target_phase" Type="Edm.String" MaxLength="60" sap:unicode="false" sap:label="QGate Target Phase" sap:creatable="false" sap:updatable="false" sap:sortable="false" sap:filterable="false"/>
<Property Name="qgate_no" Type="Edm.String" MaxLength="4" sap:unicode="false" sap:label="QGate No." sap:creatable="false" sap:updatable="false" sap:sortable="false" sap:filterable="false"/>
<Property Name="qgates_exist" Type="Edm.String" MaxLength="3" sap:unicode="false" sap:label="QGates exist? Yes/No" sap:creatable="false" sap:updatable="false" sap:sortable="false" sap:filterable="false"/>
<Property Name="free_text" Type="Edm.String" sap:unicode="false" sap:label="Case FreeText Search" sap:creatable="false" sap:updatable="false" sap:sortable="false" sap:filterable="false"/>
<Property Name="iv_status" Type="Edm.String" MaxLength="10" sap:unicode="false" sap:label="IV Engagement Status" sap:creatable="false" sap:updatable="false" sap:sortable="false"/>
<Property Name="iv_status_text" Type="Edm.String" MaxLength="60" sap:unicode="false" sap:label="IV Engagement Status Text" sap:creatable="false" sap:updatable="false" sap:sortable="false" sap:filterable="false"/>
<Property Name="icc_status" Type="Edm.String" MaxLength="10" sap:unicode="false" sap:label="ICC Engagement Status" sap:creatable="false" sap:updatable="false" sap:sortable="false"/>
<Property Name="icc_status_text" Type="Edm.String" MaxLength="60" sap:unicode="false" sap:label="ICC Engagement Status Text" sap:creatable="false" sap:updatable="false" sap:sortable="false" sap:filterable="false"/>
<Property Name="market_unit" Type="Edm.String" MaxLength="10" sap:unicode="false" sap:label="Market Unit" sap:creatable="false" sap:updatable="false" sap:sortable="false"/>
<Property Name="market_unit_text" Type="Edm.String" MaxLength="100" sap:unicode="false" sap:label="Market Unit Text" sap:creatable="false" sap:updatable="false" sap:sortable="false"/>
<NavigationProperty Name="CaseBPAccountSet" Relationship="ZS_AGS_DASHBOARDS_SRV.Case_BPAccount" FromRole="FromRole_Case_BPAccount" ToRole="ToRole_Case_BPAccount"/>
<NavigationProperty Name="AttachmentSet" Relationship="ZS_AGS_DASHBOARDS_SRV.Case_Attachment" FromRole="FromRole_Case_Attachment" ToRole="ToRole_Case_Attachment"/>
<NavigationProperty Name="TopIssues" Relationship="ZS_AGS_DASHBOARDS_SRV.Case_TopIssues" FromRole="FromRole_Case_TopIssues" ToRole="ToRole_Case_TopIssues"/>
<NavigationProperty Name="CaseActivities" Relationship="ZS_AGS_DASHBOARDS_SRV.Case_Activities" FromRole="FromRole_Case_Activities" ToRole="ToRole_Case_Activities"/>
<NavigationProperty Name="Notes" Relationship="ZS_AGS_DASHBOARDS_SRV.Case_Notes" FromRole="FromRole_Case_Notes" ToRole="ToRole_Case_Notes"/>
<NavigationProperty Name="Products" Relationship="ZS_AGS_DASHBOARDS_SRV.Case_Products" FromRole="FromRole_Case_Products" ToRole="ToRole_Case_Products"/>
<NavigationProperty Name="PartiesInvolved" Relationship="ZS_AGS_DASHBOARDS_SRV.Case_PartiesInvolved" FromRole="FromRole_Case_PartiesInvolved" ToRole="ToRole_Case_PartiesInvolved"/>
<NavigationProperty Name="CaseOneServiceOrdersSet" Relationship="ZS_AGS_DASHBOARDS_SRV.Case_OneServiceOrders" FromRole="FromRole_Case_OneServiceOrders" ToRole="ToRole_Case_OneServiceOrders"/>
<NavigationProperty Name="CaseQGates" Relationship="ZS_AGS_DASHBOARDS_SRV.Case_QGates" FromRole="FromRole_Case_QGates" ToRole="ToRole_Case_QGates"/>
<NavigationProperty Name="CaseCustomFieldsSet" Relationship="ZS_AGS_DASHBOARDS_SRV.Case_CustomFields" FromRole="FromRole_Case_CustomFields" ToRole="ToRole_Case_CustomFields"/>
</EntityType>