<mvc:View xmlns:core="sap.ui.core" xmlns:mvc="sap.ui.core.mvc" xmlns="sap.m" xmlns:micro="sap.suite.ui.microchart"
	controllerName="com.sap.mcc.workplace.CardComponent.CaseChecker.CaseChecker">
	<ScrollContainer width="100%" vertical="true" horizontal="false">
		<VBox items="{path: 'cardModel>/options', sorter : {path : 'CustomerName' }, templateShareable:false}"
			visible="{= (${cardModel>/options} &amp;&amp; ${cardModel>/options}.length > 0) ? true : false}" class="sapUiTinyMarginTopBottom"
			width="100%">
			<Panel expandable="true" width="auto" class="sapUiTinyMargin">
				<headerToolbar>
					<OverflowToolbar height="3.3rem" style="Clear">
						<!--<Title titleStyle="H5" text="Case: {cardModel>CaseID} - {cardModel>CustomerName}"/>-->
						<ObjectIdentifier title="{cardModel>CaseID} - {cardModel>CustomerName}" titleActive="true" titlePress="onTitlePress"/>
						<ToolbarSpacer/>
						<Title titleStyle="H5" tooltip="Case Quality Index" text="CQI:"/>
						<micro:RadialMicroChart size="S" width="1.8rem" height="1.8rem" percentage="{cardModel>CQI}" valueColor="Neutral"
							class="sapUiMediumMarginEnd"/>
					</OverflowToolbar>
				</headerToolbar>
				<content>
					<Table class="sapUiSizeCompact SorterColor" alternateRowColors="true"
						items="{ path:'cardModel>Rules', sorter : { path : 'RuleResult', group: true}, templateShareable:false }" width="100%">
						<columns>
							<Column mergeDuplicates="true" width="20%" minScreenWidth="Tablet" demandPopin="true">
								<header>
									<Text text="RuleResult"/>
								</header>
							</Column>
							<Column width="80%">
								<header>
									<Text text="RuleName" class="sapUiSmallMarginBegin"/>
								</header>
							</Column>
						</columns>
						<ColumnListItem>
							<Text text=""/>
							<ObjectStatus class="sapUiSmallMarginBegin" state="{= ${cardModel>RuleResult} === 'Error' ? 'Error' : 'Warning'}"
								icon="{= ${cardModel>RuleResult} === 'Error' ? 'sap-icon://alert' : 'sap-icon://warning2'}" tooltip="{cardModel>RuleName}"
								text="{cardModel>RuleName}"/>
						</ColumnListItem>
					</Table>
				</content>
			</Panel>
		</VBox>
	</ScrollContainer>
</mvc:View>