<mvc:View xmlns:core="sap.ui.core" xmlns="sap.m" xmlns:mvc="sap.ui.core.mvc" xmlns:ui="sap.ui.table"
	controllerName="com.sap.mcc.workplace.CardComponent.QDMonitor.QDMonitor">
	<ScrollContainer id="s1" vertical='true'>
		<ui:Table id="table-mcs-sapBoardMccInbox" rows="{cardModel>/data}" alternateRowColors="true" enableCellFilter="true"
			cellClick="onSelectionChange" selectionMode="None" noData="{= ${cardModel>/busy} ? 'Loading data...' : 'No Data'}"
			visibleRowCount="{= ${cardModel>/data}.length > 9 ? 10 : ${cardModel>/data}.length}">
			<ui:columns>
				<ui:Column filterProperty="CustomerName" sortProperty="CustomerName">
					<Label text="{i18n>customerName}"/>
					<ui:template>
						<Text text="{cardModel>CustomerName}" wrapping='false'/>
					</ui:template>
				</ui:Column>
				<ui:Column filterProperty="Description" sortProperty="Description">
					<Label text="{i18n>description}"/>
					<ui:template>
						<Text text="{cardModel>Description}" wrapping='false'/>
					</ui:template>
				</ui:Column>
				<ui:Column filterProperty="EmployeeResponsibleName" sortProperty="EmployeeResponsibleName">
					<Label text="{i18n>employee}"/>
					<ui:template>
						<Text text="{cardModel>EmployeeResponsibleName}" wrapping='false'/>
					</ui:template>
				</ui:Column>
				<ui:Column filterProperty="ActivityID" sortProperty="ActivityID">
					<Label text="{i18n>activityId}"/>
					<ui:template>
						<Text text="{cardModel>ActivityID}" wrapping='false'/>
					</ui:template>
				</ui:Column>
				<ui:Column filterProperty="ActivityID" sortProperty="ActivityID">
					<Label text="BCP Incident"/>
					<ui:template>
						<Link text="{path: 'cardModel>BCPIncident', formatter: '.formatter.formatIncidentId'}" press="onBCPIncidentPress"/>
					</ui:template>
				</ui:Column>
			</ui:columns>
		</ui:Table>
	</ScrollContainer>
</mvc:View>