<mvc:View xmlns:core="sap.ui.core" xmlns="sap.m" xmlns:mvc="sap.ui.core.mvc" xmlns:ui="sap.ui.table" xmlns:u="sap.ui.unified"
	controllerName="com.sap.mcc.workplace.CardComponent.CCTQueue.CCTQueue" xmlns:app="http://schemas.sap.com/sapui5/extension/sap.ui.core.CustomData/1">
	<ScrollContainer id="s1" vertical='true'>
		<ui:Table id="table-mcs-cctQueue" rows="{cardModel>/data}" alternateRowColors="true" enableCellFilter="true"
		cellClick="onSelectionChange" selectionMode="None" noData="{= ${cardModel>/busy} ? 'Loading data...' : 'No Data'}"
		filter="onFilter" visibleRowCount="{= ${cardModel>/data}.length > 9 ? 10 : ${cardModel>/data}.length}">
			<ui:columns>
				<ui:Column filterProperty="customer_name" sortProperty="customer_name">
					<Label text="{i18n>customerName}" />
					<ui:template>
						<Link text="{cardModel>customer_name}" tooltip="{cardModel>customer_name}"
							href="{ path:'cardModel>customer_r3_no', formatter: '.formatURL'}" target="_blank" wrapping="true"/>
					</ui:template>
				</ui:Column>
				<ui:Column filterProperty="activity_description" sortProperty="activity_description">
					<Label text="{i18n>description}" />
					<ui:template>
						<Text text="{cardModel>activity_description}" wrapping='false'/>
					</ui:template>
				</ui:Column>
				<ui:Column filterProperty="activity_planned_date_to" sortProperty="activity_planned_date_to">
					<ui:menu>
						<u:Menu>
							<u:items>
								<u:MenuItem text="Sort Ascending" select="onSortDate" app:Property="activity_planned_date_to" app:TableID="table-mcs-cctQueue" app:sort="asc" icon="sap-icon://sort-ascending"/>
								<u:MenuItem text="Sort Descending" select="onSortDate" app:Property="activity_planned_date_to" app:TableID="table-mcs-cctQueue" app:sort="dsc" icon="sap-icon://sort-descending"/>
								<u:MenuTextFieldItem label="Filter" select="onDateFilter" app:Property="activity_planned_date_to" app:TableID="table-mcs-cctQueue" icon="sap-icon://filter"/>
							</u:items>
						</u:Menu>
					</ui:menu>
					<Label text="{i18n>dueDate}" />
					<ui:template>
						<Text text="{path:'cardModel>activity_planned_date_to', type: 'sap.ui.model.type.Date', formatOptions: {style: 'medium'}}" wrapping='false'/>
					</ui:template>
				</ui:Column>
				<ui:Column filterProperty="activity_status_desc" sortProperty="activity_status_desc">
					<Label text="{i18n>status}" />
					<ui:template>
						<Text text="{cardModel>activity_status_desc}" wrapping='false'/>
					</ui:template>
				</ui:Column>
				<ui:Column filterProperty="activity_person_name" sortProperty="activity_person_name">
					<Label text="{i18n>employee}" />
					<ui:template>
						<Link text="{cardModel>activity_person_name}" press="openEmployeePopover" app:UserId="{cardModel>activity_person_user_id}" />
					</ui:template>
				</ui:Column>
				<ui:Column filterProperty="activity_id" sortProperty="activity_id">
					<Label text="{i18n>activityId}" />
					<ui:template>
						<Link text="{cardModel>activity_id}" />
					</ui:template>
				</ui:Column>
				<ui:Column filterProperty="country" sortProperty="country">
					<Label text="{i18n>country}" />
					<ui:template>
						<Link text="{cardModel>country}" />
					</ui:template>
				</ui:Column>
			</ui:columns>
		</ui:Table>
	</ScrollContainer>
</mvc:View>
