<mvc:View xmlns:core="sap.ui.core" xmlns="sap.suite.ui.microchart" xmlns:m="sap.m" xmlns:mvc="sap.ui.core.mvc" xmlns:l="sap.ui.layout"
	controllerName="com.sap.mcc.workplace.CardComponent.BDStatistics.BDStatistics">
	<m:ScrollContainer id="s1" vertical='true'>
		<m:VBox>
			<l:VerticalLayout class="sapUiContentPadding equalColumns" width="100%">
				<l:content>
					<m:Label text="{i18n>dur}" class="sapUiSmallMarginBeginEnd"/>
					<m:FlexBox width="95%" class="columns" alignItems="Stretch">
						<m:items>
							<m:VBox width="40%">
								<m:Title text="{i18n>total}" titleStyle="H5" level="H5"/>
								<m:NumericContent value="{=${cardModel>/data/openCount} ? ${cardModel>/data/openCount}+${cardModel>/data/closedCount} : 0}" class="sapUiMediumMarginEnd" width="auto"/>
								<m:layoutData>
									<m:FlexItemData growFactor="1"/>
								</m:layoutData>
							</m:VBox>
							<m:HBox width="50%" class="sapUiMediumMarginBegin sapUiMediumMarginTop">
								<m:VBox width="50%">
									<m:Title text="{cardModel>/data/titleOpen}" titleStyle="H6" level="H6"/>
									<m:Title text="{cardModel>/data/titleClosed}" titleStyle="H6" level="H6"/>
								</m:VBox>
								<m:VBox width="50%" alignItems="End">
									<m:Text text="{cardModel>/data/openCount}"/>
									<m:Text text="{cardModel>/data/closedCount}"/>
								</m:VBox>
								<m:layoutData>
									<m:FlexItemData growFactor="1"/>
								</m:layoutData>
							</m:HBox>
						</m:items>
					</m:FlexBox>
				</l:content>
			</l:VerticalLayout>
		</m:VBox>
	</m:ScrollContainer>
</mvc:View>