<edmx:Edmx xmlns:edmx="http://schemas.microsoft.com/ado/2007/06/edmx"
	xmlns:m="http://schemas.microsoft.com/ado/2007/08/dataservices/metadata" xmlns:sap="http://www.sap.com/Protocols/SAPData" Version="1.0">
	<edmx:DataServices m:DataServiceVersion="2.0">
		<Schema xmlns="http://schemas.microsoft.com/ado/2008/09/edm" Namespace="ZS_CX_CCS_SRV" xml:lang="en" sap:schema-version="1">
			<EntityType Name="ActivityTransactionHistory" sap:content-version="1">
				<Key><PropertyRef Name="ObjectGuid"/></Key><Property Name="ObjectGuid" Type="Edm.String" Nullable="false" MaxLength="32" sap:unicode="false" sap:label="GUID for One Order"
					sap:creatable="false" sap:updatable="false" sap:sortable="false" sap:filterable="false"/><Property Name="ActivityId" Type="Edm.String" Nullable="false" MaxLength="10" sap:unicode="false" sap:label="ID" sap:creatable="false"
					sap:updatable="false" sap:sortable="false" sap:filterable="false"/><Property Name="ProcessType" Type="Edm.String" Nullable="false" MaxLength="4" sap:unicode="false" sap:label="Transaction Type"
					sap:creatable="false" sap:updatable="false" sap:sortable="false" sap:filterable="false"/><Property Name="Description" Type="Edm.String" Nullable="false" MaxLength="40" sap:unicode="false" sap:label="Description"
					sap:creatable="false" sap:updatable="false" sap:sortable="false" sap:filterable="false"/></EntityType>
			<EntityType Name="Cases" sap:content-version="1">
				<Key><PropertyRef Name="case_id"/></Key><Property Name="customer_logo" Type="ZS_CX_CCS_SRV.CustomerLogo" Nullable="false"/><Property Name="case_guid" Type="Edm.Guid" Nullable="false" sap:unicode="false" sap:label="Case Key" sap:creatable="false"
					sap:updatable="false" sap:sortable="false" sap:filterable="false"/><Property Name="case_id" Type="Edm.String" Nullable="false" MaxLength="12" sap:unicode="false" sap:label="Case ID" sap:creatable="false"
					sap:updatable="false" sap:sortable="false"/><Property Name="case_title" Type="Edm.String" MaxLength="80" sap:unicode="false" sap:label="Title" sap:creatable="false"
					sap:updatable="false" sap:sortable="false"/><Property Name="case_type" Type="Edm.String" MaxLength="4" sap:unicode="false" sap:label="Case Type" sap:creatable="false"
					sap:updatable="false" sap:sortable="false"/><Property Name="case_type_text" Type="Edm.String" MaxLength="40" sap:unicode="false" sap:label="Name" sap:creatable="false"
					sap:updatable="false" sap:sortable="false" sap:filterable="false"/><Property Name="category" Type="Edm.String" MaxLength="60" sap:unicode="false" sap:label="Text" sap:creatable="false" sap:updatable="false"
					sap:sortable="false"/><Property Name="category_text" Type="Edm.String" MaxLength="60" sap:unicode="false" sap:label="Text" sap:creatable="false"
					sap:updatable="false" sap:sortable="false" sap:filterable="false"/><Property Name="change_time" Type="Edm.String" MaxLength="14" sap:unicode="false" sap:label="Text" sap:creatable="false"
					sap:updatable="false" sap:sortable="false"/><Property Name="changed_by" Type="Edm.String" MaxLength="12" sap:unicode="false" sap:label="User" sap:creatable="false"
					sap:updatable="false" sap:sortable="false"/><Property Name="changed_by_person" Type="Edm.String" MaxLength="60" sap:unicode="false" sap:label="Text" sap:creatable="false"
					sap:updatable="false" sap:sortable="false" sap:filterable="false"/><Property Name="closing_time" Type="Edm.String" MaxLength="14" sap:unicode="false" sap:label="Text" sap:creatable="false"
					sap:updatable="false" sap:sortable="false"/><Property Name="country" Type="Edm.String" MaxLength="3" sap:unicode="false" sap:label="Country" sap:creatable="false" sap:updatable="false"
					sap:sortable="false"/><Property Name="create_time" Type="Edm.String" MaxLength="14" sap:unicode="false" sap:label="Text" sap:creatable="false"
					sap:updatable="false" sap:sortable="false"/><Property Name="created_by" Type="Edm.String" MaxLength="12" sap:unicode="false" sap:label="User" sap:creatable="false"
					sap:updatable="false" sap:sortable="false"/><Property Name="created_by_person" Type="Edm.String" MaxLength="60" sap:unicode="false" sap:label="Text" sap:creatable="false"
					sap:updatable="false" sap:sortable="false" sap:filterable="false"/><Property Name="customer_bp_id" Type="Edm.String" MaxLength="32" sap:unicode="false" sap:label="Partner Number" sap:creatable="false"
					sap:updatable="false" sap:sortable="false"/><Property Name="customer_city" Type="Edm.String" MaxLength="40" sap:unicode="false" sap:label="City" sap:creatable="false"
					sap:updatable="false" sap:sortable="false" sap:filterable="false"/><Property Name="customer_country" Type="Edm.String" MaxLength="50" sap:unicode="false" sap:label="Ctry Desc." sap:creatable="false"
					sap:updatable="false" sap:sortable="false" sap:filterable="false"/><Property Name="customer_house_number" Type="Edm.String" MaxLength="10" sap:unicode="false" sap:label="House Number" sap:creatable="false"
					sap:updatable="false" sap:sortable="false" sap:filterable="false"/><Property Name="customer_location" Type="Edm.String" MaxLength="50" sap:unicode="false" sap:label="Main Customer Descri"
					sap:creatable="false" sap:updatable="false" sap:sortable="false" sap:filterable="false"/><Property Name="customer_name" Type="Edm.String" MaxLength="50" sap:unicode="false" sap:label="Main Customer Descri" sap:creatable="false"
					sap:updatable="false" sap:sortable="false"/><Property Name="customer_post_code" Type="Edm.String" MaxLength="10" sap:unicode="false" sap:label="Postal Code" sap:creatable="false"
					sap:updatable="false" sap:sortable="false" sap:filterable="false"/><Property Name="customer_r3_no" Type="Edm.String" MaxLength="10" sap:unicode="false" sap:label="ERP Customer No." sap:creatable="false"
					sap:updatable="false" sap:sortable="false"/><Property Name="customer_street" Type="Edm.String" MaxLength="60" sap:unicode="false" sap:label="Street" sap:creatable="false"
					sap:updatable="false" sap:sortable="false" sap:filterable="false"/><Property Name="customer_type" Type="Edm.String" MaxLength="10" sap:unicode="false" sap:label="Customer Type" sap:creatable="false"
					sap:updatable="false" sap:sortable="false"/><Property Name="customer_type_text" Type="Edm.String" MaxLength="60" sap:unicode="false" sap:label="Text" sap:creatable="false"
					sap:updatable="false" sap:sortable="false" sap:filterable="false"/><Property Name="delivery_unit" Type="Edm.String" MaxLength="32" sap:unicode="false" sap:label="Partner Number" sap:creatable="false"
					sap:updatable="false" sap:sortable="false"/><Property Name="escal_reason" Type="Edm.String" MaxLength="2" sap:unicode="false" sap:label="Escalation Reason" sap:creatable="false"
					sap:updatable="false" sap:sortable="false"/><Property Name="escal_reason_text" Type="Edm.String" MaxLength="60" sap:unicode="false" sap:label="Text" sap:creatable="false"
					sap:updatable="false" sap:sortable="false" sap:filterable="false"/><Property Name="flag" Type="Edm.String" MaxLength="1" sap:unicode="false" sap:label="Single-Character Flag" sap:creatable="false"
					sap:updatable="false" sap:sortable="false" sap:filterable="false"/><Property Name="follow_up" Type="Edm.DateTime" Precision="7" sap:unicode="false" sap:label="Follow-up date" sap:creatable="false"
					sap:updatable="false" sap:sortable="false"/><Property Name="free_text" Type="Edm.String" sap:unicode="false" sap:label="XML String for Mob." sap:creatable="false" sap:updatable="false"
					sap:sortable="false" sap:filterable="false"/><Property Name="global_ultimate_id" Type="Edm.String" MaxLength="10" sap:unicode="false" sap:label="Global Ultimate" sap:creatable="false"
					sap:updatable="false" sap:sortable="false"/><Property Name="go_live" Type="Edm.DateTime" Precision="7" sap:unicode="false" sap:label="Go Live" sap:creatable="false"
					sap:updatable="false" sap:sortable="false"/><Property Name="hec_customer" Type="Edm.String" MaxLength="1" sap:unicode="false" sap:label="Single-Character Flag" sap:creatable="false"
					sap:updatable="false" sap:sortable="false"/><Property Name="highestRatingOfTopIssues" Type="Edm.String" MaxLength="1" sap:unicode="false" sap:label="Single-Character Flag"
					sap:creatable="false" sap:updatable="false" sap:sortable="false" sap:filterable="false"/><Property Name="icc_status" Type="Edm.String" MaxLength="10" sap:unicode="false" sap:label="ICC Engagement Statu" sap:creatable="false"
					sap:updatable="false" sap:sortable="false"/><Property Name="icc_status_text" Type="Edm.String" MaxLength="60" sap:unicode="false" sap:label="Text" sap:creatable="false"
					sap:updatable="false" sap:sortable="false" sap:filterable="false"/><Property Name="initiative_code" Type="Edm.String" MaxLength="4" sap:unicode="false" sap:label="AGS Initiatives" sap:creatable="false"
					sap:updatable="false" sap:sortable="false"/><Property Name="initiative_text" Type="Edm.String" MaxLength="60" sap:unicode="false" sap:label="Short Descript." sap:creatable="false"
					sap:updatable="false" sap:sortable="false" sap:filterable="false"/><Property Name="iv_status" Type="Edm.String" MaxLength="10" sap:unicode="false" sap:label="IV Engagement Status" sap:creatable="false"
					sap:updatable="false" sap:sortable="false"/><Property Name="iv_status_text" Type="Edm.String" MaxLength="60" sap:unicode="false" sap:label="Text" sap:creatable="false"
					sap:updatable="false" sap:sortable="false" sap:filterable="false"/><Property Name="market_unit" Type="Edm.String" MaxLength="10" sap:unicode="false" sap:label="Market Unit" sap:creatable="false"
					sap:updatable="false" sap:sortable="false"/><Property Name="market_unit_text" Type="Edm.String" MaxLength="100" sap:unicode="false" sap:label="Market Unit Descr." sap:creatable="false"
					sap:updatable="false" sap:sortable="false"/><Property Name="number_open_activities" Type="Edm.Int16" sap:unicode="false" sap:label="Int2" sap:creatable="false" sap:updatable="false"
					sap:sortable="false" sap:filterable="false"/><Property Name="numberOfTopIssues" Type="Edm.Int16" sap:unicode="false" sap:label="Int2" sap:creatable="false" sap:updatable="false"
					sap:sortable="false" sap:filterable="false"/><Property Name="onpremise_cloud" Type="Edm.String" MaxLength="10" sap:unicode="false" sap:label="Deployment Type" sap:creatable="false"
					sap:updatable="false" sap:sortable="false"/><Property Name="onpremise_cloud_text" Type="Edm.String" MaxLength="60" sap:unicode="false" sap:label="Text" sap:creatable="false"
					sap:updatable="false" sap:sortable="false" sap:filterable="false"/><Property Name="planned_close_date" Type="Edm.DateTime" Precision="7" sap:unicode="false" sap:label="Planned Close Date"
					sap:creatable="false" sap:updatable="false" sap:sortable="false"/><Property Name="priority" Type="Edm.String" MaxLength="40" sap:unicode="false" sap:label="Text, 40 Characters Long" sap:creatable="false"
					sap:updatable="false" sap:sortable="false"/><Property Name="priority_text" Type="Edm.String" MaxLength="40" sap:unicode="false" sap:label="Text, 40 Characters Long"
					sap:creatable="false" sap:updatable="false" sap:sortable="false" sap:filterable="false"/><Property Name="processor" Type="Edm.String" MaxLength="12" sap:unicode="false" sap:label="User" sap:creatable="false" sap:updatable="false"
					sap:sortable="false"/><Property Name="pocessor_person" Type="Edm.String" MaxLength="60" sap:unicode="false" sap:label="Text" sap:creatable="false"
					sap:updatable="false" sap:sortable="false" sap:filterable="false"/><Property Name="process_type" Type="Edm.String" MaxLength="10" sap:unicode="false" sap:label="Process Type" sap:creatable="false"
					sap:updatable="false" sap:sortable="false"/><Property Name="process_type_text" Type="Edm.String" MaxLength="60" sap:unicode="false" sap:label="Text" sap:creatable="false"
					sap:updatable="false" sap:sortable="false" sap:filterable="false"/><Property Name="product_description" Type="Edm.String" sap:unicode="false" sap:label="XML String for Mob." sap:creatable="false"
					sap:updatable="false" sap:sortable="false" sap:filterable="false"/><Property Name="project_phase" Type="Edm.String" MaxLength="10" sap:unicode="false" sap:label="Project Phase" sap:creatable="false"
					sap:updatable="false" sap:sortable="false"/><Property Name="project_phase_text" Type="Edm.String" MaxLength="60" sap:unicode="false" sap:label="Text" sap:creatable="false"
					sap:updatable="false" sap:sortable="false" sap:filterable="false"/><Property Name="project_type" Type="Edm.String" MaxLength="10" sap:unicode="false" sap:label="Project Type" sap:creatable="false"
					sap:updatable="false" sap:sortable="false" sap:filterable="false"/><Property Name="project_type_text" Type="Edm.String" MaxLength="60" sap:unicode="false" sap:label="Text" sap:creatable="false"
					sap:updatable="false" sap:sortable="false" sap:filterable="false"/><Property Name="qgate_finish_date" Type="Edm.DateTime" Precision="7" sap:unicode="false" sap:label="Finish Date" sap:creatable="false"
					sap:updatable="false" sap:sortable="false" sap:filterable="false"/><Property Name="qgate_no" Type="Edm.String" MaxLength="4" sap:unicode="false" sap:label="No." sap:creatable="false" sap:updatable="false"
					sap:sortable="false" sap:filterable="false"/><Property Name="qgate_rating" Type="Edm.String" MaxLength="60" sap:unicode="false" sap:label="Text" sap:creatable="false"
					sap:updatable="false" sap:sortable="false" sap:filterable="false"/><Property Name="qgates_exist" Type="Edm.String" MaxLength="3" sap:unicode="false" sap:label="3-Byte field" sap:creatable="false"
					sap:updatable="false" sap:sortable="false" sap:filterable="false"/><Property Name="qgate_start_date" Type="Edm.DateTime" Precision="7" sap:unicode="false" sap:label="Start Date" sap:creatable="false"
					sap:updatable="false" sap:sortable="false" sap:filterable="false"/><Property Name="qgate_status" Type="Edm.String" MaxLength="60" sap:unicode="false" sap:label="Text" sap:creatable="false"
					sap:updatable="false" sap:sortable="false" sap:filterable="false"/><Property Name="qgate_target_phase" Type="Edm.String" MaxLength="60" sap:unicode="false" sap:label="Text" sap:creatable="false"
					sap:updatable="false" sap:sortable="false" sap:filterable="false"/><Property Name="rating" Type="Edm.String" MaxLength="10" sap:unicode="false" sap:label="Rating Text" sap:creatable="false"
					sap:updatable="false" sap:sortable="false"/><Property Name="rating_text" Type="Edm.String" MaxLength="10" sap:unicode="false" sap:label="Rating Text" sap:creatable="false"
					sap:updatable="false" sap:sortable="false" sap:filterable="false"/><Property Name="reason" Type="Edm.String" MaxLength="60" sap:unicode="false" sap:label="Text" sap:creatable="false" sap:updatable="false"
					sap:sortable="false"/><Property Name="reason_text" Type="Edm.String" MaxLength="60" sap:unicode="false" sap:label="Text" sap:creatable="false"
					sap:updatable="false" sap:sortable="false" sap:filterable="false"/><Property Name="ref_cust" Type="Edm.String" MaxLength="10" sap:unicode="false" sap:label="Reference Customer" sap:creatable="false"
					sap:updatable="false" sap:sortable="false"/><Property Name="responsible_person" Type="Edm.String" MaxLength="60" sap:unicode="false" sap:label="Text" sap:creatable="false"
					sap:updatable="false" sap:sortable="false" sap:filterable="false"/><Property Name="responsible_user" Type="Edm.String" MaxLength="12" sap:unicode="false" sap:label="Person Respons." sap:creatable="false"
					sap:updatable="false" sap:sortable="false"/><Property Name="risk_level" Type="Edm.String" MaxLength="1" sap:unicode="false" sap:label="Risk Level" sap:creatable="false"
					sap:updatable="false" sap:sortable="false"/><Property Name="risk_level_text" Type="Edm.String" MaxLength="60" sap:unicode="false" sap:label="Text" sap:creatable="false"
					sap:updatable="false" sap:sortable="false" sap:filterable="false"/><Property Name="s4discovery_workshop" Type="Edm.String" MaxLength="10" sap:unicode="false" sap:label="Migration Planning"
					sap:creatable="false" sap:updatable="false" sap:sortable="false" sap:filterable="false"/><Property Name="s4discovery_workshop_text" Type="Edm.String" MaxLength="60" sap:unicode="false" sap:label="Text" sap:creatable="false"
					sap:updatable="false" sap:sortable="false" sap:filterable="false"/><Property Name="s4engagement_package" Type="Edm.String" MaxLength="10" sap:unicode="false" sap:label="Engagement Package"
					sap:creatable="false" sap:updatable="false" sap:sortable="false" sap:filterable="false"/><Property Name="s4engagement_package_text" Type="Edm.String" MaxLength="60" sap:unicode="false" sap:label="Text" sap:creatable="false"
					sap:updatable="false" sap:sortable="false" sap:filterable="false"/><Property Name="s4hana_fin" Type="Edm.String" MaxLength="1" sap:unicode="false" sap:label="S/4HANA Finance" sap:creatable="false"
					sap:updatable="false" sap:sortable="false" sap:filterable="false"/><Property Name="s4hana_log" Type="Edm.String" MaxLength="1" sap:unicode="false" sap:label="S/4HANA Logistics" sap:creatable="false"
					sap:updatable="false" sap:sortable="false" sap:filterable="false"/><Property Name="s4innovation_strategy" Type="Edm.String" MaxLength="10" sap:unicode="false" sap:label="Innovation Strategy"
					sap:creatable="false" sap:updatable="false" sap:sortable="false" sap:filterable="false"/><Property Name="s4innovation_strategy_text" Type="Edm.String" MaxLength="60" sap:unicode="false" sap:label="Text" sap:creatable="false"
					sap:updatable="false" sap:sortable="false" sap:filterable="false"/><Property Name="s4migration_planning" Type="Edm.String" MaxLength="10" sap:unicode="false" sap:label="Technical Migration"
					sap:creatable="false" sap:updatable="false" sap:sortable="false" sap:filterable="false"/><Property Name="s4migration_planning_text" Type="Edm.String" MaxLength="60" sap:unicode="false" sap:label="Text" sap:creatable="false"
					sap:updatable="false" sap:sortable="false" sap:filterable="false"/><Property Name="s4technical_architecture" Type="Edm.String" MaxLength="10" sap:unicode="false" sap:label="Architecture and Rao"
					sap:creatable="false" sap:updatable="false" sap:sortable="false" sap:filterable="false"/><Property Name="s4technical_architecture_text" Type="Edm.String" MaxLength="60" sap:unicode="false" sap:label="Text" sap:creatable="false"
					sap:updatable="false" sap:sortable="false" sap:filterable="false"/><Property Name="s4value_impl_strategy" Type="Edm.String" MaxLength="10" sap:unicode="false" sap:label="Value Discovery Work"
					sap:creatable="false" sap:updatable="false" sap:sortable="false" sap:filterable="false"/><Property Name="s4value_impl_strategy_text" Type="Edm.String" MaxLength="60" sap:unicode="false" sap:label="Text" sap:creatable="false"
					sap:updatable="false" sap:sortable="false" sap:filterable="false"/><Property Name="sales_org" Type="Edm.String" MaxLength="20" sap:unicode="false" sap:label="Sales Org Descriptio" sap:creatable="false"
					sap:updatable="false" sap:sortable="false"/><Property Name="sap_invol" Type="Edm.String" MaxLength="10" sap:unicode="false" sap:label="AGS involvement" sap:creatable="false"
					sap:updatable="false" sap:sortable="false"/><Property Name="sap_invol_text" Type="Edm.String" Nullable="false" MaxLength="60" sap:unicode="false" sap:label="Text" sap:creatable="false"
					sap:updatable="false" sap:sortable="false" sap:filterable="false"/><Property Name="sap_system_number" Type="Edm.String" MaxLength="18" sap:unicode="false" sap:label="SAP System Number" sap:creatable="false"
					sap:updatable="false" sap:sortable="false"/><Property Name="scenario" Type="Edm.String" MaxLength="10" sap:unicode="false" sap:label="Scenario" sap:creatable="false"
					sap:updatable="false" sap:sortable="false"/><Property Name="scenario_text" Type="Edm.String" MaxLength="60" sap:unicode="false" sap:label="Text" sap:creatable="false"
					sap:updatable="false" sap:sortable="false" sap:filterable="false"/><Property Name="service_team" Type="Edm.String" MaxLength="32" sap:unicode="false" sap:label="Partner Number" sap:creatable="false"
					sap:updatable="false" sap:sortable="false"/><Property Name="service_team_name" Type="Edm.String" MaxLength="40" sap:unicode="false" sap:label="Name 2" sap:creatable="false"
					sap:updatable="false" sap:sortable="false" sap:filterable="false"/><Property Name="service_org" Type="Edm.String" MaxLength="20" sap:unicode="false" sap:label="Service Org Descript" sap:creatable="false"
					sap:updatable="false" sap:sortable="false"/><Property Name="status" Type="Edm.String" MaxLength="40" sap:unicode="false" sap:label="Status Descr." sap:creatable="false"
					sap:updatable="false" sap:sortable="false"/><Property Name="status_text" Type="Edm.String" MaxLength="40" sap:unicode="false" sap:label="Status Descr." sap:creatable="false"
					sap:updatable="false" sap:sortable="false" sap:filterable="false"/><Property Name="use_case" Type="Edm.String" MaxLength="10" sap:unicode="false" sap:label="Use Case Scope" sap:creatable="false"
					sap:updatable="false" sap:sortable="false"/><Property Name="use_case_text" Type="Edm.String" MaxLength="60" sap:unicode="false" sap:label="Text" sap:creatable="false"
					sap:updatable="false" sap:sortable="false" sap:filterable="false"/><NavigationProperty Name="CaseBPAccountSet" Relationship="ZS_CX_CCS_SRV.Case_BPAccount" FromRole="FromRole_Case_BPAccount"
					ToRole="ToRole_Case_BPAccount"/><NavigationProperty Name="AttachmentSet" Relationship="ZS_CX_CCS_SRV.Case_Attachment" FromRole="FromRole_Case_Attachment"
					ToRole="ToRole_Case_Attachment"/><NavigationProperty Name="TopIssues" Relationship="ZS_CX_CCS_SRV.Case_TopIssues" FromRole="FromRole_Case_TopIssues"
					ToRole="ToRole_Case_TopIssues"/><NavigationProperty Name="CaseActivities" Relationship="ZS_CX_CCS_SRV.Case_Activities" FromRole="FromRole_Case_Activities"
					ToRole="ToRole_Case_Activities"/><NavigationProperty Name="Notes" Relationship="ZS_CX_CCS_SRV.Case_Notes" FromRole="FromRole_Case_Notes" ToRole="ToRole_Case_Notes"/><NavigationProperty Name="Products" Relationship="ZS_CX_CCS_SRV.Case_Products" FromRole="FromRole_Case_Products"
					ToRole="ToRole_Case_Products"/><NavigationProperty Name="PartiesInvolved" Relationship="ZS_CX_CCS_SRV.Case_PartiesInvolved" FromRole="FromRole_Case_PartiesInvolved"
					ToRole="ToRole_Case_PartiesInvolved"/><NavigationProperty Name="CaseOneServiceOrdersSet" Relationship="ZS_CX_CCS_SRV.Case_OnesServiceOrders"
					FromRole="FromRole_Case_OnesServiceOrders" ToRole="ToRole_Case_OnesServiceOrders"/><NavigationProperty Name="CaseQGates" Relationship="ZS_CX_CCS_SRV.Case_QGates" FromRole="FromRole_Case_QGates" ToRole="ToRole_Case_QGates"/><NavigationProperty Name="CaseCustomFieldsSet" Relationship="ZS_CX_CCS_SRV.Case_CustomFields" FromRole="FromRole_Case_CustomFields"
					ToRole="ToRole_Case_CustomFields"/></EntityType>
			<EntityType Name="CaseCustomFields" sap:content-version="1">
				<Key><PropertyRef Name="case_id"/></Key><Property Name="table_id" Type="Edm.String" MaxLength="30" sap:unicode="false" sap:label="30 Characters" sap:creatable="false"
					sap:updatable="false" sap:sortable="false"/><Property Name="table_name" Type="Edm.String" MaxLength="100" sap:unicode="false" sap:label="Character 100" sap:creatable="false"
					sap:updatable="false" sap:sortable="false"/><Property Name="case_id" Type="Edm.String" Nullable="false" MaxLength="12" sap:unicode="false" sap:label="Case ID" sap:creatable="false"
					sap:updatable="false" sap:sortable="false"/><Property Name="value_id" Type="Edm.String" MaxLength="30" sap:unicode="false" sap:label="30 Characters" sap:creatable="false"
					sap:updatable="false" sap:sortable="false"/><Property Name="value_name" Type="Edm.String" sap:unicode="false" sap:label="XML String for Mob." sap:creatable="false"
					sap:updatable="false" sap:sortable="false"/><Property Name="value" Type="Edm.String" sap:unicode="false" sap:label="XML String for Mob." sap:creatable="false" sap:updatable="false"
					sap:sortable="false"/></EntityType>
			<EntityType Name="CaseOneServiceOrders" sap:content-version="1">
				<Key><PropertyRef Name="transactions_case_id"/><PropertyRef Name="transactions_id"/></Key><Property Name="transactions_case_id" Type="Edm.String" Nullable="false" MaxLength="12" sap:unicode="false" sap:label="Case ID"
					sap:creatable="false" sap:updatable="false" sap:sortable="false" sap:filterable="false"/><Property Name="transactions_id" Type="Edm.String" Nullable="false" MaxLength="10" sap:unicode="false" sap:label="ID" sap:creatable="false"
					sap:updatable="false" sap:sortable="false" sap:filterable="false"/><Property Name="transactions_process_type" Type="Edm.String" Nullable="false" MaxLength="4" sap:unicode="false" sap:label="Transaction Type"
					sap:creatable="false" sap:updatable="false" sap:sortable="false" sap:filterable="false"/><Property Name="transactions_process_type_text" Type="Edm.String" Nullable="false" MaxLength="40" sap:unicode="false"
					sap:label="Description" sap:creatable="false" sap:updatable="false" sap:sortable="false" sap:filterable="false"/><Property Name="transactions_description" Type="Edm.String" Nullable="false" MaxLength="40" sap:unicode="false" sap:label="Description"
					sap:creatable="false" sap:updatable="false" sap:sortable="false" sap:filterable="false"/><Property Name="transactions_priority" Type="Edm.String" Nullable="false" MaxLength="40" sap:unicode="false" sap:label="Description"
					sap:creatable="false" sap:updatable="false" sap:sortable="false" sap:filterable="false"/><Property Name="transactions_rating" Type="Edm.String" Nullable="false" MaxLength="60" sap:unicode="false" sap:label="Short text"
					sap:creatable="false" sap:updatable="false" sap:sortable="false" sap:filterable="false"/><Property Name="transactions_status" Type="Edm.String" Nullable="false" MaxLength="30" sap:unicode="false" sap:label="Status"
					sap:creatable="false" sap:updatable="false" sap:sortable="false" sap:filterable="false"/><Property Name="transactions_bp_id" Type="Edm.String" Nullable="false" MaxLength="32" sap:unicode="false" sap:label="Partner Number"
					sap:creatable="false" sap:updatable="false" sap:sortable="false" sap:filterable="false"/></EntityType>
			<EntityType Name="Parties" sap:content-version="1">
				<Key><PropertyRef Name="parties_case_id"/></Key><Property Name="parties_case_id" Type="Edm.String" Nullable="false" MaxLength="12" sap:unicode="false" sap:label="Case ID"
					sap:creatable="false" sap:updatable="false" sap:sortable="false"/><Property Name="parties_bp_id" Type="Edm.String" MaxLength="32" sap:unicode="false" sap:label="Partner Number" sap:creatable="false"
					sap:updatable="false" sap:sortable="false"/><Property Name="parties_email" Type="Edm.String" MaxLength="241" sap:unicode="false" sap:label="E-Mail Address" sap:creatable="false"
					sap:updatable="false" sap:sortable="false"/><Property Name="parties_function" Type="Edm.String" MaxLength="40" sap:unicode="false" sap:label="Description 2" sap:creatable="false"
					sap:updatable="false" sap:sortable="false"/><Property Name="parties_mobile" Type="Edm.String" sap:unicode="false" sap:label="Link Reason" sap:creatable="false" sap:updatable="false"
					sap:sortable="false"/><Property Name="parties_firstname" Type="Edm.String" MaxLength="40" sap:unicode="false" sap:label="First Name" sap:creatable="false"
					sap:updatable="false" sap:sortable="false"/><Property Name="parties_lastname" Type="Edm.String" MaxLength="40" sap:unicode="false" sap:label="Last Name" sap:creatable="false"
					sap:updatable="false" sap:sortable="false"/><Property Name="parties_description_name" Type="Edm.String" MaxLength="50" sap:unicode="false" sap:label="Description" sap:creatable="false"
					sap:updatable="false" sap:sortable="false"/><Property Name="parties_user_id" Type="Edm.String" MaxLength="12" sap:unicode="false" sap:label="User Name" sap:creatable="false"
					sap:updatable="false" sap:sortable="false"/><Property Name="parties_organization" Type="Edm.String" MaxLength="40" sap:unicode="false" sap:label="Name 1" sap:creatable="false"
					sap:updatable="false" sap:sortable="false"/><Property Name="parties_customer_bp_id" Type="Edm.String" MaxLength="10" sap:unicode="false" sap:label="BusinessPartner"
					sap:creatable="false" sap:updatable="false" sap:sortable="false"/><Property Name="parties_mainpartner" Type="Edm.String" MaxLength="1" sap:unicode="false" sap:label="Main Partner" sap:creatable="false"
					sap:updatable="false" sap:sortable="false"/></EntityType>
			<EntityType Name="Products" sap:content-version="1">
				<Key><PropertyRef Name="product_case_id"/></Key><Property Name="product_case_id" Type="Edm.String" Nullable="false" MaxLength="12" sap:unicode="false" sap:label="Case ID"
					sap:creatable="false" sap:updatable="false" sap:sortable="false"/><Property Name="product_description" Type="Edm.String" MaxLength="40" sap:unicode="false" sap:label="Description 2" sap:creatable="false"
					sap:updatable="false" sap:sortable="false"/><Property Name="product_link_reason" Type="Edm.String" sap:unicode="false" sap:label="Link Reason" sap:creatable="false"
					sap:updatable="false" sap:sortable="false" sap:filterable="false"/><Property Name="product_id" Type="Edm.String" MaxLength="40" sap:unicode="false" sap:label="Product ID" sap:creatable="false"
					sap:updatable="false" sap:sortable="false"/><Property Name="product_type" Type="Edm.String" MaxLength="2" sap:unicode="false" sap:label="Product Type" sap:creatable="false"
					sap:updatable="false" sap:sortable="false" sap:filterable="false"/><Property Name="category_id" Type="Edm.String" MaxLength="10" sap:unicode="false" sap:label="Character Field Length = 10"
					sap:creatable="false" sap:updatable="false" sap:sortable="false"/></EntityType>
			<EntityType Name="Attachment" sap:content-version="1">
				<Key><PropertyRef Name="objtype"/><PropertyRef Name="class"/></Key><Property Name="objtype" Type="Edm.String" Nullable="false" MaxLength="1" sap:unicode="false" sap:label="IO type" sap:creatable="false"
					sap:updatable="false" sap:sortable="false"/><Property Name="class" Type="Edm.String" Nullable="false" MaxLength="10" sap:unicode="false" sap:label="DocuClass" sap:creatable="false"
					sap:updatable="false" sap:sortable="false"/><Property Name="objid" Type="Edm.String" Nullable="false" MaxLength="32" sap:unicode="false" sap:label="Object ID" sap:creatable="false"
					sap:updatable="false" sap:sortable="false"/><Property Name="file_name" Type="Edm.String" sap:unicode="false" sap:creatable="false" sap:updatable="false" sap:sortable="false"
					sap:filterable="false"/><Property Name="file_type" Type="Edm.String" sap:unicode="false" sap:creatable="false" sap:updatable="false" sap:sortable="false"
					sap:filterable="false"/><Property Name="file_descr" Type="Edm.String" sap:unicode="false" sap:creatable="false" sap:updatable="false" sap:sortable="false"
					sap:filterable="false"/><Property Name="file_content" Type="Edm.Binary" sap:unicode="false" sap:creatable="false" sap:updatable="false" sap:sortable="false"
					sap:filterable="false"/></EntityType>
			<EntityType Name="ServiceRequest" sap:content-version="1">
				<Key><PropertyRef Name="object_id"/></Key><Property Name="object_id" Type="Edm.String" Nullable="false" MaxLength="10" sap:unicode="false" sap:label="Transaction ID"
					sap:creatable="false" sap:updatable="false" sap:sortable="false"/><Property Name="type" Type="Edm.String" MaxLength="1" sap:unicode="false" sap:label="Single-Character Flag" sap:creatable="false"
					sap:updatable="false" sap:sortable="false"/><Property Name="process_type" Type="Edm.String" MaxLength="4" sap:unicode="false" sap:label="Transaction Type" sap:creatable="false"
					sap:updatable="false" sap:sortable="false"/><Property Name="process_type_txt" Type="Edm.String" MaxLength="60" sap:unicode="false" sap:label="Transaction Type" sap:creatable="false"
					sap:updatable="false" sap:sortable="false"/><Property Name="description" Type="Edm.String" MaxLength="40" sap:unicode="false" sap:label="Description" sap:creatable="false"
					sap:updatable="false" sap:sortable="false"/><Property Name="sold_to_party" Type="Edm.String" MaxLength="10" sap:unicode="false" sap:label="BusinessPartner" sap:creatable="false"
					sap:updatable="false" sap:sortable="false"/><Property Name="sold_to_party_name" Type="Edm.String" MaxLength="100" sap:unicode="false" sap:label="Character 100" sap:creatable="false"
					sap:updatable="false" sap:sortable="false"/><Property Name="erp_number" Type="Edm.String" MaxLength="10" sap:unicode="false" sap:label="ERP Customer Number" sap:creatable="false"
					sap:updatable="false" sap:sortable="false"/><Property Name="status_code" Type="Edm.String" MaxLength="5" sap:unicode="false" sap:label="Status" sap:creatable="false"
					sap:updatable="false" sap:sortable="false"/><Property Name="status_desc" Type="Edm.String" MaxLength="30" sap:unicode="false" sap:label="Status" sap:creatable="false"
					sap:updatable="false" sap:sortable="false"/><Property Name="priority_code" Type="Edm.String" MaxLength="1" sap:unicode="false" sap:label="Priority" sap:creatable="false"
					sap:updatable="false" sap:sortable="false"/><Property Name="priority_desc" Type="Edm.String" MaxLength="40" sap:unicode="false" sap:label="Description" sap:creatable="false"
					sap:updatable="false" sap:sortable="false"/><Property Name="created_at" Type="Edm.Decimal" Precision="15" Scale="0" sap:unicode="false" sap:label="Created At" sap:creatable="false"
					sap:updatable="false" sap:sortable="false"/><Property Name="created_by" Type="Edm.String" MaxLength="12" sap:unicode="false" sap:label="Created By" sap:creatable="false"
					sap:updatable="false" sap:sortable="false"/><Property Name="created_by_name" Type="Edm.String" MaxLength="60" sap:unicode="false" sap:label="Text" sap:creatable="false"
					sap:updatable="false" sap:sortable="false"/><Property Name="changed_at" Type="Edm.Decimal" Precision="15" Scale="0" sap:unicode="false" sap:label="Changed On" sap:creatable="false"
					sap:updatable="false" sap:sortable="false"/><Property Name="changed_by" Type="Edm.String" MaxLength="12" sap:unicode="false" sap:label="Changed By" sap:creatable="false"
					sap:updatable="false" sap:sortable="false"/><Property Name="changed_by_name" Type="Edm.String" MaxLength="60" sap:unicode="false" sap:label="Text" sap:creatable="false"
					sap:updatable="false" sap:sortable="false"/><Property Name="responsible_person" Type="Edm.String" MaxLength="10" sap:unicode="false" sap:label="BusinessPartner" sap:creatable="false"
					sap:updatable="false" sap:sortable="false"/><Property Name="responsible_person_name" Type="Edm.String" MaxLength="60" sap:unicode="false" sap:label="Text" sap:creatable="false"
					sap:updatable="false" sap:sortable="false"/><Property Name="report_person" Type="Edm.String" MaxLength="10" sap:unicode="false" sap:label="BusinessPartner" sap:creatable="false"
					sap:updatable="false" sap:sortable="false"/><Property Name="report_person_name" Type="Edm.String" MaxLength="60" sap:unicode="false" sap:label="Text" sap:creatable="false"
					sap:updatable="false" sap:sortable="false"/><Property Name="service_team" Type="Edm.String" MaxLength="10" sap:unicode="false" sap:label="BusinessPartner" sap:creatable="false"
					sap:updatable="false" sap:sortable="false"/><Property Name="service_team_name" Type="Edm.String" MaxLength="50" sap:unicode="false" sap:label="Description" sap:creatable="false"
					sap:updatable="false" sap:sortable="false"/><Property Name="location" Type="Edm.String" MaxLength="3" sap:unicode="false" sap:label="Country" sap:creatable="false"
					sap:updatable="false" sap:sortable="false"/><Property Name="location_name" Type="Edm.String" MaxLength="15" sap:unicode="false" sap:label="Name" sap:creatable="false"
					sap:updatable="false" sap:sortable="false"/><Property Name="region" Type="Edm.String" MaxLength="6" sap:unicode="false" sap:label="Region" sap:creatable="false" sap:updatable="false"
					sap:sortable="false"/><Property Name="message_number" Type="Edm.String" MaxLength="24" sap:unicode="false" sap:label="SAPNet-NotifNo." sap:creatable="false"
					sap:updatable="false" sap:sortable="false"/><Property Name="category_1" Type="Edm.String" MaxLength="4" sap:unicode="false" sap:label="Code" sap:creatable="false" sap:updatable="false"
					sap:sortable="false"/><Property Name="category_1_txt" Type="Edm.String" MaxLength="40" sap:unicode="false" sap:label="Short text" sap:creatable="false"
					sap:updatable="false" sap:sortable="false"/><Property Name="message_status_txt" Type="Edm.String" MaxLength="100" sap:unicode="false" sap:label="Text" sap:creatable="false"
					sap:updatable="false" sap:sortable="false"/><Property Name="message_component_txt" Type="Edm.String" MaxLength="100" sap:unicode="false" sap:label="Text" sap:creatable="false"
					sap:updatable="false" sap:sortable="false"/><Property Name="message_priority_txt" Type="Edm.String" MaxLength="100" sap:unicode="false" sap:label="Text" sap:creatable="false"
					sap:updatable="false" sap:sortable="false"/><Property Name="message_level" Type="Edm.String" MaxLength="100" sap:unicode="false" sap:label="Text" sap:creatable="false"
					sap:updatable="false" sap:sortable="false"/><Property Name="message_processor_name" Type="Edm.String" MaxLength="100" sap:unicode="false" sap:label="Text" sap:creatable="false"
					sap:updatable="false" sap:sortable="false"/><Property Name="message_changed_timestamp" Type="Edm.String" MaxLength="100" sap:unicode="false" sap:label="Text" sap:creatable="false"
					sap:updatable="false" sap:sortable="false"/><Property Name="message_acrf_info" Type="Edm.String" MaxLength="200" sap:unicode="false" sap:label="Text" sap:creatable="false"
					sap:updatable="false" sap:sortable="false"/><Property Name="message_description" Type="Edm.String" MaxLength="200" sap:unicode="false" sap:label="Text" sap:creatable="false"
					sap:updatable="false" sap:sortable="false"/><Property Name="notes" Type="Edm.String" sap:unicode="false" sap:sortable="false"/><Property Name="business_impact" Type="Edm.String" sap:unicode="false" sap:sortable="false"/><Property Name="notification" Type="Edm.String" Nullable="false" MaxLength="1" sap:unicode="false" sap:label="Flag" sap:creatable="false"
					sap:updatable="false" sap:sortable="false" sap:filterable="false"/><NavigationProperty Name="SREmail" Relationship="ZS_CX_CCS_SRV.ServiceRequest_Email" FromRole="FromRole_ServiceRequest_Email"
					ToRole="ToRole_ServiceRequest_Email"/></EntityType>
			<EntityType Name="SREmail" sap:content-version="1">
				<Key><PropertyRef Name="objectId"/></Key><Property Name="objectId" Type="Edm.String" Nullable="false" sap:unicode="false" sap:creatable="false" sap:updatable="false"
					sap:sortable="false" sap:filterable="false"/><Property Name="direction" Type="Edm.String" Nullable="false" sap:unicode="false" sap:creatable="false" sap:updatable="false"
					sap:sortable="false" sap:filterable="false"/><Property Name="title" Type="Edm.String" Nullable="false" sap:unicode="false" sap:creatable="false" sap:updatable="false"
					sap:sortable="false" sap:filterable="false"/><Property Name="sender" Type="Edm.String" Nullable="false" sap:unicode="false" sap:creatable="false" sap:updatable="false"
					sap:sortable="false" sap:filterable="false"/><Property Name="recipients" Type="Edm.String" Nullable="false" sap:unicode="false" sap:creatable="false" sap:updatable="false"
					sap:sortable="false" sap:filterable="false"/><Property Name="content" Type="Edm.String" Nullable="false" sap:unicode="false" sap:creatable="false" sap:updatable="false"
					sap:sortable="false" sap:filterable="false"/><Property Name="sendDate" Type="Edm.String" Nullable="false" sap:unicode="false" sap:creatable="false" sap:updatable="false"
					sap:sortable="false" sap:filterable="false"/></EntityType>
			<EntityType Name="Notes" sap:content-version="1">
				<Key><PropertyRef Name="note_case_id"/></Key><Property Name="note_case_id" Type="Edm.String" Nullable="false" MaxLength="12" sap:unicode="false" sap:label="Case ID"
					sap:creatable="false" sap:updatable="false" sap:sortable="false"/><Property Name="note_type" Type="Edm.String" Nullable="false" MaxLength="4" sap:unicode="false" sap:label="Text ID" sap:creatable="false"
					sap:sortable="false"/><Property Name="created_by" Type="Edm.String" MaxLength="12" sap:unicode="false" sap:label="Created By" sap:creatable="false"
					sap:sortable="false" sap:filterable="false"/><Property Name="created_on" Type="Edm.DateTime" Precision="7" sap:unicode="false" sap:label="Date" sap:creatable="false"
					sap:sortable="false" sap:filterable="false"/><Property Name="created_at" Type="Edm.Time" Precision="0" sap:unicode="false" sap:label="Time" sap:creatable="false" sap:sortable="false"
					sap:filterable="false"/><Property Name="text" Type="Edm.String" sap:unicode="false" sap:label="TEXT" sap:creatable="false" sap:sortable="false"
					sap:filterable="false"/></EntityType>
			<EntityType Name="CaseActivities" sap:content-version="1">
				<Key><PropertyRef Name="activity_case_id"/><PropertyRef Name="activity_id"/></Key><Property Name="activity_case_id" Type="Edm.String" Nullable="false" MaxLength="12" sap:unicode="false" sap:label="Case ID"
					sap:creatable="false" sap:updatable="false" sap:sortable="false"/><Property Name="activity_id" Type="Edm.String" Nullable="false" MaxLength="10" sap:unicode="false" sap:label="ID" sap:creatable="false"
					sap:updatable="false" sap:sortable="false"/><Property Name="activity_type" Type="Edm.String" MaxLength="4" sap:unicode="false" sap:label="Transaction Type" sap:creatable="false"
					sap:updatable="false" sap:sortable="false"/><Property Name="activity_type_text" Type="Edm.String" MaxLength="40" sap:unicode="false" sap:label="Description" sap:creatable="false"
					sap:updatable="false" sap:sortable="false"/><Property Name="activity_description" Type="Edm.String" MaxLength="40" sap:unicode="false" sap:label="Description" sap:creatable="false"
					sap:updatable="false" sap:sortable="false"/><Property Name="activity_priority" Type="Edm.String" MaxLength="40" sap:unicode="false" sap:label="Description" sap:creatable="false"
					sap:updatable="false" sap:sortable="false"/><Property Name="activity_rating" Type="Edm.String" MaxLength="60" sap:unicode="false" sap:label="Short text" sap:creatable="false"
					sap:updatable="false" sap:sortable="false"/><Property Name="activity_status" Type="Edm.String" MaxLength="30" sap:unicode="false" sap:label="Status" sap:creatable="false"
					sap:updatable="false" sap:sortable="false"/><Property Name="activity_bp_id" Type="Edm.String" MaxLength="32" sap:unicode="false" sap:label="Partner Number" sap:creatable="false"
					sap:updatable="false" sap:sortable="false"/></EntityType>
			<EntityType Name="BPAccount" sap:content-version="1">
				<Key><PropertyRef Name="partner"/></Key><Property Name="type" Type="Edm.String" MaxLength="1" sap:unicode="false" sap:label="Single-Character Flag" sap:creatable="false"
					sap:updatable="false" sap:sortable="false"/><Property Name="case_id" Type="Edm.String" MaxLength="12" sap:unicode="false" sap:label="Case ID" sap:creatable="false"
					sap:updatable="false" sap:sortable="false"/><Property Name="partner" Type="Edm.String" Nullable="false" MaxLength="10" sap:unicode="false" sap:label="BusinessPartner"
					sap:creatable="false" sap:updatable="false" sap:sortable="false"/><Property Name="name_last" Type="Edm.String" MaxLength="40" sap:unicode="false" sap:label="Last Name" sap:creatable="false"
					sap:updatable="false" sap:sortable="false" sap:filterable="false"/><Property Name="name_first" Type="Edm.String" MaxLength="40" sap:unicode="false" sap:label="First Name" sap:creatable="false"
					sap:updatable="false" sap:sortable="false" sap:filterable="false"/><Property Name="xubname" Type="Edm.String" MaxLength="12" sap:unicode="false" sap:label="User Name" sap:creatable="false"
					sap:updatable="false" sap:sortable="false" sap:filterable="false"/><Property Name="perno" Type="Edm.String" MaxLength="8" sap:unicode="false" sap:label="Personnel no." sap:creatable="false"
					sap:updatable="false" sap:sortable="false" sap:filterable="false"/><Property Name="mc_name1" Type="Edm.String" MaxLength="35" sap:unicode="false" sap:label="Name 1/Last Nm" sap:creatable="false"
					sap:updatable="false" sap:sortable="false"/><Property Name="mc_name2" Type="Edm.String" MaxLength="35" sap:unicode="false" sap:label="Name2/First Nme" sap:creatable="false"
					sap:updatable="false" sap:sortable="false"/><Property Name="ext_info" Type="Edm.String" MaxLength="100" sap:unicode="false" sap:label="Character 100" sap:creatable="false"
					sap:updatable="false" sap:sortable="false" sap:filterable="false"/><Property Name="zz_sap_master" Type="Edm.String" MaxLength="2" sap:unicode="false" sap:label="SAP Mastercode" sap:creatable="false"
					sap:updatable="false" sap:sortable="false"/><Property Name="zz_sap_master_text" Type="Edm.String" MaxLength="40" sap:unicode="false" sap:label="Text, 40 Characters Long"
					sap:creatable="false" sap:updatable="false" sap:sortable="false"/></EntityType>
			<EntityType Name="QGates" sap:content-version="1">
				<Key><PropertyRef Name="case_id"/><PropertyRef Name="qgate_no"/></Key><Property Name="case_id" Type="Edm.String" Nullable="false" MaxLength="12" sap:unicode="false" sap:label="Case ID" sap:creatable="false"
					sap:updatable="false" sap:sortable="false"/><Property Name="qgate_desc" Type="Edm.String" MaxLength="255" sap:unicode="false" sap:label="Description" sap:creatable="false"
					sap:updatable="false" sap:sortable="false" sap:filterable="false"/><Property Name="qgate_deslang" Type="Edm.String" MaxLength="2" sap:unicode="false" sap:label="Description Language" sap:creatable="false"
					sap:updatable="false" sap:sortable="false" sap:filterable="false"/><Property Name="qgate_finish" Type="Edm.DateTime" Precision="7" sap:unicode="false" sap:label="Finish Date" sap:creatable="false"
					sap:updatable="false" sap:sortable="false" sap:filterable="false"/><Property Name="qgate_id" Type="Edm.String" MaxLength="24" sap:unicode="false" sap:label="ID" sap:creatable="false" sap:updatable="false"
					sap:sortable="false" sap:filterable="false"/><Property Name="qgate_lastchanged" Type="Edm.String" MaxLength="21" sap:unicode="false" sap:label="Changed by SolMan" sap:creatable="false"
					sap:updatable="false" sap:sortable="false" sap:filterable="false"/><Property Name="qgate_name" Type="Edm.String" MaxLength="40" sap:unicode="false" sap:label="Name" sap:creatable="false"
					sap:updatable="false" sap:sortable="false" sap:filterable="false"/><Property Name="qgate_no" Type="Edm.String" Nullable="false" MaxLength="5" sap:unicode="false" sap:label="CHAR 5" sap:creatable="false"
					sap:updatable="false" sap:sortable="false"/><Property Name="qgate_notes" Type="Edm.String" MaxLength="1333" sap:unicode="false" sap:label="Notes" sap:creatable="false"
					sap:updatable="false" sap:sortable="false" sap:filterable="false"/><Property Name="qgate_severity" Type="Edm.String" MaxLength="5" sap:unicode="false" sap:label="CHAR 5" sap:creatable="false"
					sap:updatable="false" sap:sortable="false" sap:filterable="false"/><Property Name="qgate_severity_txt" Type="Edm.String" MaxLength="40" sap:unicode="false" sap:label="Severity Text" sap:creatable="false"
					sap:updatable="false" sap:sortable="false" sap:filterable="false"/><Property Name="qgate_start" Type="Edm.DateTime" Precision="7" sap:unicode="false" sap:label="Start Date" sap:creatable="false"
					sap:updatable="false" sap:sortable="false" sap:filterable="false"/><Property Name="qgate_status" Type="Edm.String" MaxLength="5" sap:unicode="false" sap:label="Status" sap:creatable="false"
					sap:updatable="false" sap:sortable="false" sap:filterable="false"/><Property Name="qgate_status_txt" Type="Edm.String" MaxLength="30" sap:unicode="false" sap:label="Status Text" sap:creatable="false"
					sap:updatable="false" sap:sortable="false"/><Property Name="qgate_target_phase" Type="Edm.String" MaxLength="10" sap:unicode="false" sap:label="Target Phase" sap:creatable="false"
					sap:updatable="false" sap:sortable="false"/><Property Name="qgate_target_phases_txt" Type="Edm.String" MaxLength="60" sap:unicode="false" sap:label="Text" sap:creatable="false"
					sap:updatable="false" sap:sortable="false" sap:filterable="false"/></EntityType>
			<EntityType Name="CaseTopIssues" sap:content-version="1">
				<Key><PropertyRef Name="transactions_case_id"/><PropertyRef Name="transactions_id"/></Key><Property Name="transactions_case_id" Type="Edm.String" Nullable="false" MaxLength="12" sap:unicode="false" sap:label="Case ID"
					sap:creatable="false" sap:updatable="false" sap:sortable="false" sap:filterable="false"/><Property Name="transactions_id" Type="Edm.String" Nullable="false" MaxLength="10" sap:unicode="false" sap:label="ID" sap:creatable="false"
					sap:updatable="false" sap:sortable="false" sap:filterable="false"/><Property Name="transactions_process_type" Type="Edm.String" Nullable="false" MaxLength="4" sap:unicode="false" sap:label="Transaction Type"
					sap:creatable="false" sap:updatable="false" sap:sortable="false" sap:filterable="false"/><Property Name="transactions_process_type_text" Type="Edm.String" Nullable="false" MaxLength="40" sap:unicode="false"
					sap:label="Description" sap:creatable="false" sap:updatable="false" sap:sortable="false" sap:filterable="false"/><Property Name="transactions_description" Type="Edm.String" Nullable="false" MaxLength="40" sap:unicode="false" sap:label="Description"
					sap:creatable="false" sap:updatable="false" sap:sortable="false" sap:filterable="false"/><Property Name="transactions_priority" Type="Edm.String" Nullable="false" MaxLength="40" sap:unicode="false" sap:label="Description"
					sap:creatable="false" sap:updatable="false" sap:sortable="false" sap:filterable="false"/><Property Name="transactions_rating" Type="Edm.String" Nullable="false" MaxLength="60" sap:unicode="false" sap:label="Short text"
					sap:creatable="false" sap:updatable="false" sap:sortable="false" sap:filterable="false"/><Property Name="transactions_status" Type="Edm.String" Nullable="false" MaxLength="30" sap:unicode="false" sap:label="Status"
					sap:creatable="false" sap:updatable="false" sap:sortable="false" sap:filterable="false"/><Property Name="transactions_bp_id" Type="Edm.String" Nullable="false" MaxLength="32" sap:unicode="false" sap:label="Partner Number"
					sap:creatable="false" sap:updatable="false" sap:sortable="false" sap:filterable="false"/></EntityType>
			<EntityType Name="ActivityCases" sap:content-version="1">
				<Key><PropertyRef Name="transactions_id"/><PropertyRef Name="transactions_case_id"/></Key><Property Name="transactions_id" Type="Edm.String" Nullable="false" MaxLength="10" sap:unicode="false"
					sap:label="Transaction ID of Activity" sap:creatable="false" sap:updatable="false" sap:sortable="false" sap:filterable="false"/><Property Name="transactions_case_id" Type="Edm.String" Nullable="false" MaxLength="12" sap:unicode="false" sap:label="Case ID"
					sap:creatable="false" sap:updatable="false" sap:sortable="false" sap:filterable="false"/><Property Name="case_type" Type="Edm.String" Nullable="false" MaxLength="4" sap:unicode="false" sap:label="case_type" sap:creatable="false"
					sap:updatable="false" sap:sortable="false" sap:filterable="false"/><Property Name="process_type" Type="Edm.String" Nullable="false" MaxLength="4" sap:unicode="false" sap:label="Transaction Type"
					sap:creatable="false" sap:updatable="false" sap:sortable="false" sap:filterable="false"/></EntityType>
			<EntityType Name="ActivityNotes" sap:content-version="1">
				<Key><PropertyRef Name="activity_id"/></Key><Property Name="activity_id" Type="Edm.String" Nullable="false" MaxLength="10" sap:unicode="false" sap:label="ID" sap:creatable="false"
					sap:updatable="false" sap:sortable="false"/><Property Name="process_type" Type="Edm.String" MaxLength="4" sap:unicode="false" sap:label="Transaction Type" sap:creatable="false"
					sap:updatable="false" sap:sortable="false"/><Property Name="notes_type" Type="Edm.String" MaxLength="4" sap:unicode="false" sap:label="Type of Notes" sap:creatable="false"
					sap:updatable="false" sap:sortable="false"/><Property Name="notes" Type="Edm.String" sap:unicode="false" sap:label="Activity Notes" sap:creatable="false" sap:updatable="false"
					sap:sortable="false" sap:filterable="false"/><Property Name="tdformat" Type="Edm.String" MaxLength="2" sap:unicode="false" sap:label="Tag column" sap:creatable="false"
					sap:updatable="false" sap:sortable="false" sap:filterable="false"/><Property Name="tdline" Type="Edm.String" MaxLength="500" sap:unicode="false" sap:label="Text Line" sap:creatable="false"
					sap:updatable="false" sap:sortable="false" sap:filterable="false"/></EntityType>
			<EntityType Name="ActivityParties" sap:content-version="1">
				<Key><PropertyRef Name="object_id"/></Key><Property Name="BpNumber" Type="Edm.String" Nullable="false" MaxLength="10" sap:unicode="false" sap:label="BusinessPartner"
					sap:creatable="false" sap:updatable="false" sap:sortable="false" sap:filterable="false"/><Property Name="object_id" Type="Edm.String" Nullable="false" MaxLength="10" sap:unicode="false" sap:label="Activity ID"
					sap:creatable="false" sap:updatable="false" sap:sortable="false"/><Property Name="BpName" Type="Edm.String" Nullable="false" MaxLength="80" sap:unicode="false" sap:label="Full Name" sap:creatable="false"
					sap:updatable="false" sap:sortable="false" sap:filterable="false"/><Property Name="partner_fct" Type="Edm.String" MaxLength="8" sap:unicode="false" sap:label="Partner Function" sap:creatable="false"
					sap:updatable="false" sap:sortable="false"/><Property Name="Mainpartner" Type="Edm.String" Nullable="false" MaxLength="1" sap:unicode="false" sap:label="Main Partner"
					sap:creatable="false" sap:updatable="false" sap:sortable="false" sap:filterable="false"/><Property Name="partner_no" Type="Edm.String" MaxLength="32" sap:unicode="false" sap:label="Partner BP Number" sap:creatable="false"
					sap:updatable="false" sap:sortable="false"/><Property Name="AddressText" Type="Edm.String" Nullable="false" sap:unicode="false" sap:label="Address" sap:creatable="false"
					sap:updatable="false" sap:sortable="false" sap:filterable="false"/><Property Name="parties_function" Type="Edm.String" MaxLength="40" sap:unicode="false" sap:label="Partner Function Text"
					sap:creatable="false" sap:updatable="false" sap:sortable="false"/><Property Name="xubname" Type="Edm.String" MaxLength="12" sap:unicode="false" sap:label="User Name" sap:creatable="false"
					sap:updatable="false" sap:sortable="false"/></EntityType>
			<EntityType Name="Activities" sap:content-version="1">
				<Key><PropertyRef Name="activity_id"/></Key><Property Name="customer_logo" Type="ZS_CX_CCS_SRV.customer_logo" Nullable="false"/><Property Name="account_name_F" Type="Edm.String" Nullable="false" MaxLength="40" sap:unicode="false" sap:label="First Name"
					sap:creatable="false" sap:updatable="false" sap:sortable="false" sap:filterable="false"/><Property Name="CaseId" Type="Edm.String" Nullable="false" MaxLength="12" sap:unicode="false" sap:label="CaseId" sap:creatable="false"
					sap:updatable="false" sap:sortable="false" sap:filterable="false"/><Property Name="CreatedByName" Type="Edm.String" Nullable="false" MaxLength="80" sap:unicode="false" sap:label="Created by (Name)"
					sap:creatable="false" sap:updatable="false" sap:sortable="false" sap:filterable="false"/><Property Name="Filter" Type="Edm.String" Nullable="false" sap:unicode="false" sap:label="filter" sap:creatable="false"
					sap:updatable="false" sap:sortable="false" sap:filterable="false"/><Property Name="activity_session_scope" Type="Edm.String" Nullable="false" MaxLength="40" sap:unicode="false" sap:label="Description"
					sap:creatable="false" sap:updatable="false" sap:sortable="false" sap:filterable="false"/><Property Name="activity_delivery_unit" Type="Edm.String" Nullable="false" MaxLength="10" sap:unicode="false" sap:label="Delivery Unit"
					sap:creatable="false" sap:updatable="false" sap:sortable="false" sap:filterable="false"/><Property Name="ChangedBy" Type="Edm.String" Nullable="false" MaxLength="12" sap:unicode="false" sap:label="Created By"
					sap:creatable="false" sap:updatable="false" sap:sortable="false" sap:filterable="false"/><Property Name="account_name_L" Type="Edm.String" Nullable="false" MaxLength="40" sap:unicode="false" sap:label="Last Name"
					sap:creatable="false" sap:updatable="false" sap:sortable="false" sap:filterable="false"/><Property Name="ChangedByName" Type="Edm.String" Nullable="false" MaxLength="80" sap:unicode="false" sap:label="Changed by (Name)"
					sap:creatable="false" sap:updatable="false" sap:sortable="false" sap:filterable="false"/><Property Name="ActivityDeliveryUnitName" Type="Edm.String" Nullable="false" MaxLength="80" sap:unicode="false" sap:label="Service Group"
					sap:creatable="false" sap:updatable="false" sap:sortable="false" sap:filterable="false"/><Property Name="act_goal_code" Type="Edm.String" Nullable="false" MaxLength="3" sap:unicode="false" sap:label="Goal" sap:creatable="false"
					sap:updatable="false" sap:sortable="false" sap:filterable="false"/><Property Name="act_goal_desc" Type="Edm.String" Nullable="false" MaxLength="20" sap:unicode="false" sap:label="Short Description"
					sap:creatable="false" sap:updatable="false" sap:sortable="false" sap:filterable="false"/><Property Name="act_partner_4" Type="Edm.String" Nullable="false" MaxLength="10" sap:unicode="false" sap:label="BusinessPartner"
					sap:creatable="false" sap:updatable="false" sap:sortable="false" sap:filterable="false"/><Property Name="act_text" Type="Edm.String" Nullable="false" MaxLength="80" sap:unicode="false" sap:label="Code Group" sap:creatable="false"
					sap:updatable="false" sap:sortable="false" sap:filterable="false"/><Property Name="activity_activity_partner" Type="Edm.String" Nullable="false" MaxLength="10" sap:unicode="false" sap:label="BusinessPartner"
					sap:creatable="false" sap:updatable="false" sap:sortable="false" sap:filterable="false"/><Property Name="activity_actual_date" Type="Edm.DateTime" Precision="0" sap:unicode="false" sap:label="Actual date" sap:creatable="false"
					sap:updatable="false" sap:sortable="false" sap:filterable="false"/><Property Name="activity_actual_date_to" Type="Edm.DateTime" Precision="0" sap:unicode="false" sap:label="Actual date" sap:creatable="false"
					sap:updatable="false" sap:sortable="false" sap:filterable="false"/><Property Name="activity_business_partner" Type="Edm.String" Nullable="false" MaxLength="10" sap:unicode="false" sap:label="BusinessPartner"
					sap:creatable="false" sap:updatable="false" sap:sortable="false" sap:filterable="false"/><Property Name="activity_cat" Type="Edm.String" Nullable="false" MaxLength="3" sap:unicode="false" sap:label="Category"
					sap:creatable="false" sap:updatable="false" sap:sortable="false" sap:filterable="false"/><Property Name="activity_cat_desc" Type="Edm.String" Nullable="false" MaxLength="20" sap:unicode="false" sap:label="Short Description"
					sap:creatable="false" sap:updatable="false" sap:sortable="false" sap:filterable="false"/><Property Name="activity_change_date" Type="Edm.DateTime" Precision="0" sap:unicode="false" sap:label="Changed on" sap:creatable="false"
					sap:updatable="false" sap:sortable="false" sap:filterable="false"/><Property Name="activity_change_time" Type="Edm.Time" Nullable="false" Precision="0" sap:unicode="false" sap:label="Changed On"
					sap:creatable="false" sap:updatable="false" sap:sortable="false" sap:filterable="false"/><Property Name="activity_create_date" Type="Edm.DateTime" Precision="0" sap:unicode="false" sap:label="Created on" sap:creatable="false"
					sap:updatable="false" sap:sortable="false" sap:filterable="false"/><Property Name="activity_create_time" Type="Edm.Time" Nullable="false" Precision="0" sap:unicode="false" sap:label="Created On"
					sap:creatable="false" sap:updatable="false" sap:sortable="false" sap:filterable="false"/><Property Name="activity_created_by" Type="Edm.String" Nullable="false" MaxLength="12" sap:unicode="false" sap:label="User Name"
					sap:creatable="false" sap:updatable="false" sap:sortable="false" sap:filterable="false"/><Property Name="activity_customer" Type="Edm.String" Nullable="false" MaxLength="10" sap:unicode="false" sap:label="Customer"
					sap:creatable="false" sap:updatable="false" sap:sortable="false" sap:filterable="false"/><Property Name="activity_date" Type="Edm.DateTime" Precision="0" sap:unicode="false" sap:label="Planned date" sap:creatable="false"
					sap:updatable="false" sap:sortable="false" sap:filterable="false"/><Property Name="activity_description" Type="Edm.String" Nullable="false" MaxLength="40" sap:unicode="false" sap:label="Description"
					sap:creatable="false" sap:updatable="false" sap:sortable="false" sap:filterable="false"/><Property Name="activity_id" Type="Edm.String" Nullable="false" MaxLength="10" sap:unicode="false" sap:label="ID" sap:creatable="false"
					sap:updatable="false" sap:sortable="false" sap:filterable="false"/><Property Name="activity_last_changed" Type="Edm.String" Nullable="false" MaxLength="40" sap:unicode="false" sap:label="Description"
					sap:creatable="false" sap:updatable="false" sap:sortable="false" sap:filterable="false"/><Property Name="activity_location" Type="Edm.String" Nullable="false" MaxLength="100" sap:unicode="false" sap:label="Location"
					sap:creatable="false" sap:updatable="false" sap:sortable="false" sap:filterable="false"/><Property Name="activity_mnumm" Type="Edm.String" Nullable="false" MaxLength="24" sap:unicode="false" sap:label="SAPNet-NotifNo."
					sap:creatable="false" sap:updatable="false" sap:sortable="false" sap:filterable="false"/><Property Name="activity_partner_function" Type="Edm.String" Nullable="false" MaxLength="8" sap:unicode="false" sap:label="Partner Function"
					sap:creatable="false" sap:updatable="false" sap:sortable="false" sap:filterable="false"/><Property Name="activity_person_name" Type="Edm.String" Nullable="false" MaxLength="80" sap:unicode="false" sap:label="Code Group"
					sap:creatable="false" sap:updatable="false" sap:sortable="false" sap:filterable="false"/><Property Name="activity_person_resp" Type="Edm.String" Nullable="false" MaxLength="10" sap:unicode="false" sap:label="BusinessPartner"
					sap:creatable="false" sap:updatable="false" sap:sortable="false" sap:filterable="false"/><Property Name="activity_person_user_id" Type="Edm.String" Nullable="false" MaxLength="12" sap:unicode="false" sap:label="User Name"
					sap:creatable="false" sap:updatable="false" sap:sortable="false" sap:filterable="false"/><Property Name="activity_planned_date" Type="Edm.DateTime" Precision="0" sap:unicode="false" sap:label="Planned date" sap:creatable="false"
					sap:updatable="false" sap:sortable="false" sap:filterable="false"/><Property Name="activity_planned_date_to" Type="Edm.DateTime" Precision="0" sap:unicode="false" sap:label="Planned date"
					sap:creatable="false" sap:updatable="false" sap:sortable="false" sap:filterable="false"/><Property Name="activity_priority" Type="Edm.String" Nullable="false" MaxLength="1" sap:unicode="false" sap:label="Priority"
					sap:creatable="false" sap:updatable="false" sap:sortable="false" sap:filterable="false"/><Property Name="activity_priority_desc" Type="Edm.String" Nullable="false" MaxLength="40" sap:unicode="false" sap:label="Description"
					sap:creatable="false" sap:updatable="false" sap:sortable="false" sap:filterable="false"/><Property Name="activity_process_type" Type="Edm.String" Nullable="false" MaxLength="4" sap:unicode="false" sap:label="Transaction Type"
					sap:creatable="false" sap:updatable="false" sap:sortable="false" sap:filterable="false"/><Property Name="activity_process_type_description" Type="Edm.String" Nullable="false" MaxLength="60" sap:unicode="false"
					sap:label="Transaction Type" sap:creatable="false" sap:updatable="false" sap:sortable="false" sap:filterable="false"/><Property Name="activity_product_component" Type="Edm.String" Nullable="false" MaxLength="20" sap:unicode="false" sap:label="BCP Component"
					sap:creatable="false" sap:updatable="false" sap:sortable="false" sap:filterable="false"/><Property Name="activity_rating" Type="Edm.String" Nullable="false" MaxLength="1" sap:unicode="false" sap:label="Rating"
					sap:creatable="false" sap:updatable="false" sap:sortable="false" sap:filterable="false"/><Property Name="activity_reason" Type="Edm.String" Nullable="false" MaxLength="20" sap:unicode="false" sap:label="Reason"
					sap:creatable="false" sap:updatable="false" sap:sortable="false" sap:filterable="false"/><Property Name="activity_reason_code" Type="Edm.String" Nullable="false" MaxLength="4" sap:unicode="false" sap:label="Code"
					sap:creatable="false" sap:updatable="false" sap:sortable="false" sap:filterable="false"/><Property Name="activity_reason_desc" Type="Edm.String" MaxLength="80" sap:unicode="false" sap:label="Code Group" sap:creatable="false"
					sap:updatable="false" sap:sortable="false" sap:filterable="false"/><Property Name="activity_responsible_team" Type="Edm.String" Nullable="false" MaxLength="10" sap:unicode="false" sap:label="BusinessPartner"
					sap:creatable="false" sap:updatable="false" sap:sortable="false" sap:filterable="false"/><Property Name="activity_result_desc" Type="Edm.String" Nullable="false" MaxLength="20" sap:unicode="false" sap:label="Result"
					sap:creatable="false" sap:updatable="false" sap:sortable="false" sap:filterable="false"/><Property Name="activity_sales_org" Type="Edm.String" Nullable="false" MaxLength="14" sap:unicode="false" sap:label="Sales Org. ID"
					sap:creatable="false" sap:updatable="false" sap:sortable="false" sap:filterable="false"/><Property Name="activity_sales_org_short" Type="Edm.String" Nullable="false" MaxLength="12" sap:unicode="false"
					sap:label="Sales Organization" sap:creatable="false" sap:updatable="false" sap:sortable="false" sap:filterable="false"/><Property Name="activity_service_org" Type="Edm.String" Nullable="false" MaxLength="14" sap:unicode="false" sap:label="Service Organization"
					sap:creatable="false" sap:updatable="false" sap:sortable="false" sap:filterable="false"/><Property Name="activity_service_team" Type="Edm.String" Nullable="false" MaxLength="10" sap:unicode="false" sap:label="BusinessPartner"
					sap:creatable="false" sap:updatable="false" sap:sortable="false" sap:filterable="false"/><Property Name="activity_service_team_name" Type="Edm.String" Nullable="false" MaxLength="80" sap:unicode="false" sap:label="Service Group"
					sap:creatable="false" sap:updatable="false" sap:sortable="false" sap:filterable="false"/><Property Name="activity_status" Type="Edm.String" Nullable="false" MaxLength="5" sap:unicode="false" sap:label="Status"
					sap:creatable="false" sap:updatable="false" sap:sortable="false" sap:filterable="false"/><Property Name="activity_status_desc" Type="Edm.String" Nullable="false" MaxLength="30" sap:unicode="false" sap:label="Status"
					sap:creatable="false" sap:updatable="false" sap:sortable="false" sap:filterable="false"/><Property Name="activity_sys_status" Type="Edm.String" Nullable="false" MaxLength="20" sap:unicode="false" sap:label="Short Description"
					sap:creatable="false" sap:updatable="false" sap:sortable="false" sap:filterable="false"/><Property Name="appt_type" Type="Edm.String" Nullable="false" MaxLength="12" sap:unicode="false" sap:label="Date Type" sap:creatable="false"
					sap:updatable="false" sap:sortable="false" sap:filterable="false"/><Property Name="contact_person" Type="Edm.String" Nullable="false" MaxLength="10" sap:unicode="false" sap:label="BusinessPartner"
					sap:creatable="false" sap:updatable="false" sap:sortable="false" sap:filterable="false"/><Property Name="contactNameL" Type="Edm.String" Nullable="false" MaxLength="40" sap:unicode="false" sap:label="Last Name"
					sap:creatable="false" sap:updatable="false" sap:sortable="false" sap:filterable="false"/><Property Name="dis_channel" Type="Edm.String" Nullable="false" MaxLength="2" sap:unicode="false" sap:label="Distribution Channel"
					sap:creatable="false" sap:updatable="false" sap:sortable="false" sap:filterable="false"/><Property Name="division" Type="Edm.String" Nullable="false" MaxLength="2" sap:unicode="false" sap:label="Division" sap:creatable="false"
					sap:updatable="false" sap:sortable="false" sap:filterable="false"/><Property Name="extern_act_id" Type="Edm.String" Nullable="false" MaxLength="20" sap:unicode="false" sap:label="External No."
					sap:creatable="false" sap:updatable="false" sap:sortable="false" sap:filterable="false"/><Property Name="followup_guid" Type="Edm.String" Nullable="false" MaxLength="32" sap:unicode="false" sap:label="GUID for One Order"
					sap:creatable="false" sap:updatable="false" sap:sortable="false" sap:filterable="false"/><Property Name="me_action" Type="Edm.String" Nullable="false" MaxLength="1" sap:unicode="false" sap:label="Action Flag"
					sap:creatable="false" sap:updatable="false" sap:sortable="false" sap:filterable="false"/><Property Name="Notes" Type="Edm.String" Nullable="false" sap:unicode="false" sap:label="XML String for Mob." sap:creatable="false"
					sap:updatable="false" sap:sortable="false" sap:filterable="false"/><Property Name="Notes_Type" Type="Edm.String" MaxLength="4" sap:unicode="false"
					sap:label="Not More Closely Defined Area, Possibly Used for Patchlevels" sap:creatable="false" sap:updatable="false" sap:sortable="false"/><Property Name="object_guid" Type="Edm.String" Nullable="false" MaxLength="32" sap:unicode="false" sap:label="GUID for One Order"
					sap:creatable="false" sap:updatable="false" sap:sortable="false" sap:filterable="false"/><Property Name="partner_function" Type="Edm.String" Nullable="false" MaxLength="8" sap:unicode="false" sap:label="Partner Function"
					sap:creatable="false" sap:updatable="false" sap:sortable="false" sap:filterable="false"/><Property Name="relation_guid" Type="Edm.String" Nullable="false" MaxLength="32" sap:unicode="false" sap:label="GUID for One Order"
					sap:creatable="false" sap:updatable="false" sap:sortable="false" sap:filterable="false"/><Property Name="sales_group" Type="Edm.String" Nullable="false" MaxLength="14" sap:unicode="false" sap:label="Sales Group"
					sap:creatable="false" sap:updatable="false" sap:sortable="false" sap:filterable="false"/><Property Name="sales_office" Type="Edm.String" Nullable="false" MaxLength="14" sap:unicode="false" sap:label="Sales Office"
					sap:creatable="false" sap:updatable="false" sap:sortable="false" sap:filterable="false"/><Property Name="search_vname" Type="Edm.String" Nullable="false" MaxLength="30" sap:unicode="false" sap:label="Variable Name"
					sap:creatable="false" sap:updatable="false" sap:sortable="false" sap:filterable="false"/><Property Name="to_date" Type="Edm.DateTime" Precision="0" sap:unicode="false" sap:label="End Date" sap:creatable="false"
					sap:updatable="false" sap:sortable="false" sap:filterable="false"/><Property Name="ToTime" Type="Edm.Time" Nullable="false" Precision="0" sap:unicode="false" sap:label="To" sap:creatable="false"
					sap:updatable="false" sap:sortable="false" sap:filterable="false"/><Property Name="type" Type="Edm.String" Nullable="false" MaxLength="2" sap:unicode="false" sap:label="Activity Type" sap:creatable="false"
					sap:updatable="false" sap:sortable="false" sap:filterable="false"/><Property Name="myactivities" Type="Edm.String" Nullable="false" MaxLength="1" sap:unicode="false" sap:label="Single-Character Flag"
					sap:creatable="false" sap:updatable="false" sap:sortable="false" sap:filterable="false"/><Property Name="myserviceteam" Type="Edm.String" Nullable="false" MaxLength="1" sap:unicode="false" sap:label="Single-Character Flag"
					sap:creatable="false" sap:updatable="false" sap:sortable="false" sap:filterable="false"/><Property Name="activity_golive_date" Type="Edm.DateTime" Precision="0" sap:unicode="false" sap:label="GoLive Date" sap:creatable="false"
					sap:updatable="false" sap:sortable="false"/><Property Name="activity_result_text" Type="Edm.String" Nullable="false" MaxLength="20" sap:unicode="false" sap:label="Code Group"
					sap:creatable="false" sap:updatable="false" sap:sortable="false" sap:filterable="false"/><Property Name="activity_reason_text" Type="Edm.String" Nullable="false" MaxLength="80" sap:unicode="false" sap:label="Code Group"
					sap:creatable="false" sap:updatable="false" sap:sortable="false" sap:filterable="false"/><Property Name="activity_requestor_id" Type="Edm.String" MaxLength="12" sap:unicode="false" sap:label="User Name" sap:creatable="false"
					sap:updatable="false" sap:sortable="false" sap:filterable="false"/><Property Name="mycreatedactivities" Type="Edm.String" Nullable="false" MaxLength="1" sap:unicode="false" sap:label="Single-Character Flag"
					sap:creatable="false" sap:updatable="false" sap:sortable="false" sap:filterable="false"/><Property Name="market_unit" Type="Edm.String" MaxLength="10" sap:unicode="false" sap:label="Market Unit" sap:creatable="false"
					sap:updatable="false" sap:sortable="false"/><Property Name="market_unit_desc" Type="Edm.String" MaxLength="100" sap:unicode="false" sap:label="Market Unit Descr." sap:creatable="false"
					sap:updatable="false" sap:sortable="false"/><Property Name="city" Type="Edm.String" Nullable="false" MaxLength="40" sap:unicode="false" sap:label="City" sap:creatable="false"
					sap:updatable="false" sap:sortable="false" sap:filterable="false"/><Property Name="country" Type="Edm.String" Nullable="false" MaxLength="50" sap:unicode="false" sap:label="Ctry Desc." sap:creatable="false"
					sap:updatable="false" sap:sortable="false" sap:filterable="false"/><Property Name="customer_name" Type="Edm.String" Nullable="false" MaxLength="50" sap:unicode="false" sap:label="Main Customer Descri"
					sap:creatable="false" sap:updatable="false" sap:sortable="false" sap:filterable="false"/><Property Name="customer_case_id" Type="Edm.String" Nullable="false" MaxLength="12" sap:unicode="false" sap:label="Case ID"
					sap:creatable="false" sap:updatable="false" sap:sortable="false" sap:filterable="false"/><Property Name="customer_category" Type="Edm.String" Nullable="false" MaxLength="50" sap:unicode="false" sap:label="c" sap:creatable="false"
					sap:updatable="false" sap:sortable="false" sap:filterable="false"/><Property Name="customer_id" Type="Edm.String" Nullable="false" MaxLength="10" sap:unicode="false" sap:label="Main Customer"
					sap:creatable="false" sap:updatable="false" sap:sortable="false" sap:filterable="false"/><Property Name="customer_location" Type="Edm.String" Nullable="false" MaxLength="50" sap:unicode="false" sap:label="Main Customer Descri"
					sap:creatable="false" sap:updatable="false" sap:sortable="false" sap:filterable="false"/><Property Name="customer_r3_no" Type="Edm.String" Nullable="false" MaxLength="10" sap:unicode="false" sap:label="ERP Customer No."
					sap:creatable="false" sap:updatable="false" sap:sortable="false" sap:filterable="false"/><Property Name="global_ultimate_id" Type="Edm.String" Nullable="false" MaxLength="10" sap:unicode="false" sap:label="Global Ultimate"
					sap:creatable="false" sap:updatable="false" sap:sortable="false" sap:filterable="false"/><Property Name="global_ultimate_name" Type="Edm.String" Nullable="false" MaxLength="50" sap:unicode="false" sap:label="Global Ultimate Desc"
					sap:creatable="false" sap:updatable="false" sap:sortable="false" sap:filterable="false"/><Property Name="global_ultimate_location" Type="Edm.String" Nullable="false" MaxLength="50" sap:unicode="false"
					sap:label="Global Ultimate Desc" sap:creatable="false" sap:updatable="false" sap:sortable="false" sap:filterable="false"/><Property Name="house_number" Type="Edm.String" Nullable="false" MaxLength="10" sap:unicode="false" sap:label="House Number"
					sap:creatable="false" sap:updatable="false" sap:sortable="false" sap:filterable="false"/><Property Name="post_code" Type="Edm.String" Nullable="false" MaxLength="10" sap:unicode="false" sap:label="Postal Code"
					sap:creatable="false" sap:updatable="false" sap:sortable="false" sap:filterable="false"/><Property Name="street" Type="Edm.String" Nullable="false" MaxLength="60" sap:unicode="false" sap:label="Street" sap:creatable="false"
					sap:updatable="false" sap:sortable="false" sap:filterable="false"/><NavigationProperty Name="Attachment" Relationship="ZS_CX_CCS_SRV.Activity_Attachments" FromRole="FromRole_Activity_Attachments"
					ToRole="ToRole_Activity_Attachments"/><NavigationProperty Name="ActivityCases" Relationship="ZS_CX_CCS_SRV.Activity_Cases" FromRole="FromRole_Activity_Cases"
					ToRole="ToRole_Activity_Cases"/><NavigationProperty Name="ActivityNotes" Relationship="ZS_CX_CCS_SRV.Activity_Notes" FromRole="FromRole_Activity_Notes"
					ToRole="ToRole_Activity_Notes"/><NavigationProperty Name="PartiesInvolved" Relationship="ZS_CX_CCS_SRV.Activity_PartiesInvolved"
					FromRole="FromRole_Activity_PartiesInvolved" ToRole="ToRole_Activity_PartiesInvolved"/></EntityType>
			<EntityType Name="Setting" sap:content-version="1">
				<Key><PropertyRef Name="key"/></Key><Property Name="key" Type="Edm.String" Nullable="false" MaxLength="255" sap:unicode="false" sap:label="Char255" sap:sortable="false"/><Property Name="value1" Type="Edm.String" Nullable="false" MaxLength="255" sap:unicode="false" sap:label="Char255" sap:sortable="false"/><Property Name="value2" Type="Edm.String" Nullable="false" MaxLength="255" sap:unicode="false" sap:label="Char255" sap:sortable="false"/><Property Name="value3" Type="Edm.String" Nullable="false" MaxLength="255" sap:unicode="false" sap:label="Char255" sap:sortable="false"/></EntityType>
			<ComplexType Name="customer_logo"><Property Name="MimeType" Type="Edm.String" Nullable="false" MaxLength="128" sap:label="MIME type" sap:creatable="false"
				sap:updatable="false" sap:sortable="false" sap:filterable="false"/><Property Name="Value" Type="Edm.Binary" Nullable="false" sap:label="Binary String" sap:creatable="false" sap:updatable="false"
				sap:sortable="false" sap:filterable="false"/></ComplexType>
			<ComplexType Name="Picture"><Property Name="MimeType" Type="Edm.Time" Nullable="false" Precision="0" sap:label="MIME type" sap:creatable="false" sap:updatable="false"
				sap:sortable="false" sap:filterable="false"/><Property Name="Value" Type="Edm.Binary" Nullable="false" sap:label="Binary String" sap:creatable="false" sap:updatable="false"
				sap:sortable="false" sap:filterable="false"/></ComplexType>
			<ComplexType Name="SoftwareCompnent"><Property Name="SoftwareComponent" Type="Edm.String" Nullable="false" MaxLength="30" sap:label="Software component" sap:creatable="false"
				sap:updatable="false" sap:sortable="false" sap:filterable="false"/><Property Name="ComponentRelease" Type="Edm.String" Nullable="false" MaxLength="64"
				sap:label="The Version of the Software Component Version." sap:creatable="false" sap:updatable="false" sap:sortable="false"
				sap:filterable="false"/><Property Name="SupportPackageLevel" Type="Edm.String" Nullable="false" MaxLength="10" sap:label="version" sap:creatable="false"
				sap:updatable="false" sap:sortable="false" sap:filterable="false"/></ComplexType>
			<ComplexType Name="CustomerLogo"><Property Name="MimeType" Type="Edm.String" Nullable="false" MaxLength="128" sap:label="MIME type" sap:creatable="false"
				sap:updatable="false" sap:sortable="false" sap:filterable="false"/><Property Name="Value" Type="Edm.Binary" Nullable="false" sap:label="Binary String" sap:creatable="false" sap:updatable="false"
				sap:sortable="false" sap:filterable="false"/></ComplexType>
			<Association Name="ServiceRequest_Email" sap:content-version="1"><End Type="ZS_CX_CCS_SRV.ServiceRequest" Multiplicity="1" Role="FromRole_ServiceRequest_Email"/><End Type="ZS_CX_CCS_SRV.SREmail" Multiplicity="*" Role="ToRole_ServiceRequest_Email"/>
				<ReferentialConstraint>
					<Principal Role="FromRole_ServiceRequest_Email"><PropertyRef Name="object_id"/></Principal>
					<Dependent Role="ToRole_ServiceRequest_Email"><PropertyRef Name="objectId"/></Dependent>
				</ReferentialConstraint>
			</Association>
			<Association Name="Case_CustomFields" sap:content-version="1"><End Type="ZS_CX_CCS_SRV.Cases" Multiplicity="1" Role="FromRole_Case_CustomFields"/><End Type="ZS_CX_CCS_SRV.CaseCustomFields" Multiplicity="*" Role="ToRole_Case_CustomFields"/></Association>
			<Association Name="Case_QGates" sap:content-version="1"><End Type="ZS_CX_CCS_SRV.Cases" Multiplicity="1" Role="FromRole_Case_QGates"/><End Type="ZS_CX_CCS_SRV.QGates" Multiplicity="*" Role="ToRole_Case_QGates"/></Association>
			<Association Name="Case_OnesServiceOrders" sap:content-version="1"><End Type="ZS_CX_CCS_SRV.Cases" Multiplicity="1" Role="FromRole_Case_OnesServiceOrders"/><End Type="ZS_CX_CCS_SRV.CaseOneServiceOrders" Multiplicity="*" Role="ToRole_Case_OnesServiceOrders"/></Association>
			<Association Name="Case_PartiesInvolved" sap:content-version="1"><End Type="ZS_CX_CCS_SRV.Cases" Multiplicity="1" Role="FromRole_Case_PartiesInvolved"/><End Type="ZS_CX_CCS_SRV.Parties" Multiplicity="*" Role="ToRole_Case_PartiesInvolved"/></Association>
			<Association Name="Case_Products" sap:content-version="1"><End Type="ZS_CX_CCS_SRV.Cases" Multiplicity="1" Role="FromRole_Case_Products"/><End Type="ZS_CX_CCS_SRV.Products" Multiplicity="*" Role="ToRole_Case_Products"/></Association>
			<Association Name="Case_Notes" sap:content-version="1"><End Type="ZS_CX_CCS_SRV.Cases" Multiplicity="1" Role="FromRole_Case_Notes"/><End Type="ZS_CX_CCS_SRV.Notes" Multiplicity="*" Role="ToRole_Case_Notes"/></Association>
			<Association Name="Case_Activities" sap:content-version="1"><End Type="ZS_CX_CCS_SRV.Cases" Multiplicity="1" Role="FromRole_Case_Activities"/><End Type="ZS_CX_CCS_SRV.CaseActivities" Multiplicity="*" Role="ToRole_Case_Activities"/></Association>
			<Association Name="Case_TopIssues" sap:content-version="1"><End Type="ZS_CX_CCS_SRV.Cases" Multiplicity="1" Role="FromRole_Case_TopIssues"/><End Type="ZS_CX_CCS_SRV.CaseTopIssues" Multiplicity="*" Role="ToRole_Case_TopIssues"/></Association>
			<Association Name="Case_Attachment" sap:content-version="1"><End Type="ZS_CX_CCS_SRV.Cases" Multiplicity="1" Role="FromRole_Case_Attachment"/><End Type="ZS_CX_CCS_SRV.Attachment" Multiplicity="*" Role="ToRole_Case_Attachment"/></Association>
			<Association Name="Case_BPAccount" sap:content-version="1"><End Type="ZS_CX_CCS_SRV.Cases" Multiplicity="1" Role="FromRole_Case_BPAccount"/><End Type="ZS_CX_CCS_SRV.BPAccount" Multiplicity="*" Role="ToRole_Case_BPAccount"/></Association>
			<Association Name="Activity_Cases" sap:content-version="1"><End Type="ZS_CX_CCS_SRV.Activities" Multiplicity="1" Role="FromRole_Activity_Cases"/><End Type="ZS_CX_CCS_SRV.ActivityCases" Multiplicity="*" Role="ToRole_Activity_Cases"/>
				<ReferentialConstraint>
					<Principal Role="FromRole_Activity_Cases"><PropertyRef Name="activity_id"/></Principal>
					<Dependent Role="ToRole_Activity_Cases"><PropertyRef Name="transactions_id"/></Dependent>
				</ReferentialConstraint>
			</Association>
			<Association Name="Activity_Notes" sap:content-version="1"><End Type="ZS_CX_CCS_SRV.Activities" Multiplicity="1" Role="FromRole_Activity_Notes"/><End Type="ZS_CX_CCS_SRV.ActivityNotes" Multiplicity="*" Role="ToRole_Activity_Notes"/>
				<ReferentialConstraint>
					<Principal Role="FromRole_Activity_Notes"><PropertyRef Name="activity_id"/></Principal>
					<Dependent Role="ToRole_Activity_Notes"><PropertyRef Name="activity_id"/></Dependent>
				</ReferentialConstraint>
			</Association>
			<Association Name="Activity_PartiesInvolved" sap:content-version="1"><End Type="ZS_CX_CCS_SRV.Activities" Multiplicity="1" Role="FromRole_Activity_PartiesInvolved"/><End Type="ZS_CX_CCS_SRV.ActivityParties" Multiplicity="*" Role="ToRole_Activity_PartiesInvolved"/>
				<ReferentialConstraint>
					<Principal Role="FromRole_Activity_PartiesInvolved"><PropertyRef Name="activity_id"/></Principal>
					<Dependent Role="ToRole_Activity_PartiesInvolved"><PropertyRef Name="object_id"/></Dependent>
				</ReferentialConstraint>
			</Association>
			<Association Name="Activity_Attachments" sap:content-version="1"><End Type="ZS_CX_CCS_SRV.Activities" Multiplicity="1" Role="FromRole_Activity_Attachments"/><End Type="ZS_CX_CCS_SRV.Attachment" Multiplicity="*" Role="ToRole_Activity_Attachments"/>
				<ReferentialConstraint>
					<Principal Role="FromRole_Activity_Attachments"><PropertyRef Name="activity_id"/></Principal>
					<Dependent Role="ToRole_Activity_Attachments"><PropertyRef Name="objid"/></Dependent>
				</ReferentialConstraint>
			</Association>
			<EntityContainer Name="ZS_CX_CCS_SRV_Entities" m:IsDefaultEntityContainer="true" sap:supported-formats="atom json xlsx"><EntitySet Name="CaseList" EntityType="ZS_CX_CCS_SRV.Cases" sap:creatable="false" sap:updatable="false" sap:deletable="false"
				sap:pageable="false" sap:content-version="1"/><EntitySet Name="CaseCustomFieldsList" EntityType="ZS_CX_CCS_SRV.CaseCustomFields" sap:creatable="false" sap:updatable="false"
				sap:deletable="false" sap:pageable="false" sap:content-version="1"/><EntitySet Name="CaseOneServiceOrdersList" EntityType="ZS_CX_CCS_SRV.CaseOneServiceOrders" sap:creatable="false" sap:updatable="false"
				sap:deletable="false" sap:pageable="false" sap:content-version="1"/><EntitySet Name="PartiesList" EntityType="ZS_CX_CCS_SRV.Parties" sap:creatable="false" sap:updatable="false" sap:deletable="false"
				sap:pageable="false" sap:content-version="1"/><EntitySet Name="ProductList" EntityType="ZS_CX_CCS_SRV.Products" sap:creatable="false" sap:updatable="false" sap:deletable="false"
				sap:pageable="false" sap:content-version="1"/><EntitySet Name="AttachmentList" EntityType="ZS_CX_CCS_SRV.Attachment" sap:creatable="false" sap:updatable="false" sap:deletable="false"
				sap:pageable="false" sap:addressable="false" sap:content-version="1"/><EntitySet Name="ServiceRequestList" EntityType="ZS_CX_CCS_SRV.ServiceRequest" sap:creatable="false" sap:updatable="false"
				sap:deletable="false" sap:pageable="false" sap:addressable="false" sap:content-version="1"/><EntitySet Name="SREmailList" EntityType="ZS_CX_CCS_SRV.SREmail" sap:creatable="false" sap:updatable="false" sap:deletable="false"
				sap:pageable="false" sap:addressable="false" sap:content-version="1"/><EntitySet Name="NotesList" EntityType="ZS_CX_CCS_SRV.Notes" sap:creatable="false" sap:updatable="false" sap:deletable="false"
				sap:pageable="false" sap:content-version="1"/><EntitySet Name="CaseActivityList" EntityType="ZS_CX_CCS_SRV.CaseActivities" sap:creatable="false" sap:updatable="false"
				sap:deletable="false" sap:pageable="false" sap:content-version="1"/><EntitySet Name="BPAccountList" EntityType="ZS_CX_CCS_SRV.BPAccount" sap:creatable="false" sap:updatable="false" sap:deletable="false"
				sap:pageable="false" sap:content-version="1"/><EntitySet Name="QGatesList" EntityType="ZS_CX_CCS_SRV.QGates" sap:creatable="false" sap:updatable="false" sap:deletable="false"
				sap:pageable="false" sap:content-version="1"/><EntitySet Name="CaseTopIssueList" EntityType="ZS_CX_CCS_SRV.CaseTopIssues" sap:creatable="false" sap:updatable="false"
				sap:deletable="false" sap:pageable="false" sap:content-version="1"/><EntitySet Name="ActivityCaseList" EntityType="ZS_CX_CCS_SRV.ActivityCases" sap:creatable="false" sap:updatable="false"
				sap:deletable="false" sap:pageable="false" sap:addressable="false" sap:content-version="1"/><EntitySet Name="ActivityNotesList" EntityType="ZS_CX_CCS_SRV.ActivityNotes" sap:creatable="false" sap:updatable="false"
				sap:deletable="false" sap:pageable="false" sap:addressable="false" sap:content-version="1"/><EntitySet Name="ActivityPartiesList" EntityType="ZS_CX_CCS_SRV.ActivityParties" sap:creatable="false" sap:updatable="false"
				sap:deletable="false" sap:pageable="false" sap:addressable="false" sap:content-version="1"/><EntitySet Name="ActivityList" EntityType="ZS_CX_CCS_SRV.Activities" sap:creatable="false" sap:updatable="false" sap:deletable="false"
				sap:pageable="false" sap:addressable="false" sap:content-version="1"/><EntitySet Name="SettingList" EntityType="ZS_CX_CCS_SRV.Setting" sap:creatable="false" sap:updatable="false" sap:deletable="false"
				sap:pageable="false" sap:addressable="false" sap:content-version="1"/><EntitySet Name="ActivityTransactionHistorySet" EntityType="ZS_CX_CCS_SRV.ActivityTransactionHistory" sap:creatable="false"
				sap:updatable="false" sap:deletable="false" sap:pageable="false" sap:content-version="1"/>
				<AssociationSet Name="Case_TopIssues_AssocSet" Association="ZS_CX_CCS_SRV.Case_TopIssues" sap:creatable="false" sap:updatable="false"
					sap:deletable="false" sap:content-version="1"><End EntitySet="CaseList" Role="FromRole_Case_TopIssues"/><End EntitySet="CaseTopIssueList" Role="ToRole_Case_TopIssues"/></AssociationSet>
				<AssociationSet Name="Case_Notes_AssocSet" Association="ZS_CX_CCS_SRV.Case_Notes" sap:creatable="false" sap:updatable="false"
					sap:deletable="false" sap:content-version="1"><End EntitySet="CaseList" Role="FromRole_Case_Notes"/><End EntitySet="NotesList" Role="ToRole_Case_Notes"/></AssociationSet>
				<AssociationSet Name="Case_Attachment_AssocSet" Association="ZS_CX_CCS_SRV.Case_Attachment" sap:creatable="false" sap:updatable="false"
					sap:deletable="false" sap:content-version="1"><End EntitySet="CaseList" Role="FromRole_Case_Attachment"/><End EntitySet="AttachmentList" Role="ToRole_Case_Attachment"/></AssociationSet>
				<AssociationSet Name="Case_Products_AssocSet" Association="ZS_CX_CCS_SRV.Case_Products" sap:creatable="false" sap:updatable="false"
					sap:deletable="false" sap:content-version="1"><End EntitySet="CaseList" Role="FromRole_Case_Products"/><End EntitySet="ProductList" Role="ToRole_Case_Products"/></AssociationSet>
				<AssociationSet Name="Case_PartiesInvolved_AssocSet" Association="ZS_CX_CCS_SRV.Case_PartiesInvolved" sap:creatable="false"
					sap:updatable="false" sap:deletable="false" sap:content-version="1"><End EntitySet="CaseList" Role="FromRole_Case_PartiesInvolved"/><End EntitySet="PartiesList" Role="ToRole_Case_PartiesInvolved"/></AssociationSet>
				<AssociationSet Name="Activity_NotesSet" Association="ZS_CX_CCS_SRV.Activity_Notes" sap:creatable="false" sap:updatable="false"
					sap:deletable="false" sap:content-version="1"><End EntitySet="ActivityList" Role="FromRole_Activity_Notes"/><End EntitySet="ActivityNotesList" Role="ToRole_Activity_Notes"/></AssociationSet>
				<AssociationSet Name="ServiceRequest_EmailSet" Association="ZS_CX_CCS_SRV.ServiceRequest_Email" sap:creatable="false" sap:updatable="false"
					sap:deletable="false" sap:content-version="1"><End EntitySet="ServiceRequestList" Role="FromRole_ServiceRequest_Email"/><End EntitySet="SREmailList" Role="ToRole_ServiceRequest_Email"/></AssociationSet>
				<AssociationSet Name="Case_BPAccount_AssocSet" Association="ZS_CX_CCS_SRV.Case_BPAccount" sap:creatable="false" sap:updatable="false"
					sap:deletable="false" sap:content-version="1"><End EntitySet="CaseList" Role="FromRole_Case_BPAccount"/><End EntitySet="BPAccountList" Role="ToRole_Case_BPAccount"/></AssociationSet>
				<AssociationSet Name="Activity_CasesSet" Association="ZS_CX_CCS_SRV.Activity_Cases" sap:creatable="false" sap:updatable="false"
					sap:deletable="false" sap:content-version="1"><End EntitySet="ActivityList" Role="FromRole_Activity_Cases"/><End EntitySet="ActivityCaseList" Role="ToRole_Activity_Cases"/></AssociationSet>
				<AssociationSet Name="Case_QGates_AssocSet" Association="ZS_CX_CCS_SRV.Case_QGates" sap:creatable="false" sap:updatable="false"
					sap:deletable="false" sap:content-version="1"><End EntitySet="CaseList" Role="FromRole_Case_QGates"/><End EntitySet="QGatesList" Role="ToRole_Case_QGates"/></AssociationSet>
				<AssociationSet Name="Case_Activities_AssocSet" Association="ZS_CX_CCS_SRV.Case_Activities" sap:creatable="false" sap:updatable="false"
					sap:deletable="false" sap:content-version="1"><End EntitySet="CaseList" Role="FromRole_Case_Activities"/><End EntitySet="CaseActivityList" Role="ToRole_Case_Activities"/></AssociationSet>
				<AssociationSet Name="Case_CustomFields_AssocSet" Association="ZS_CX_CCS_SRV.Case_CustomFields" sap:creatable="false" sap:updatable="false"
					sap:deletable="false" sap:content-version="1"><End EntitySet="CaseList" Role="FromRole_Case_CustomFields"/><End EntitySet="CaseCustomFieldsList" Role="ToRole_Case_CustomFields"/></AssociationSet>
				<AssociationSet Name="Case_OnesServiceOrders_AssocSet" Association="ZS_CX_CCS_SRV.Case_OnesServiceOrders" sap:creatable="false"
					sap:updatable="false" sap:deletable="false" sap:content-version="1"><End EntitySet="CaseList" Role="FromRole_Case_OnesServiceOrders"/><End EntitySet="CaseOneServiceOrdersList" Role="ToRole_Case_OnesServiceOrders"/></AssociationSet>
				<AssociationSet Name="Activity_PartiesInvolvedSet" Association="ZS_CX_CCS_SRV.Activity_PartiesInvolved" sap:creatable="false"
					sap:updatable="false" sap:deletable="false" sap:content-version="1"><End EntitySet="ActivityList" Role="FromRole_Activity_PartiesInvolved"/><End EntitySet="ActivityPartiesList" Role="ToRole_Activity_PartiesInvolved"/></AssociationSet>
				<AssociationSet Name="Activity_AttachmentsSet" Association="ZS_CX_CCS_SRV.Activity_Attachments" sap:creatable="false" sap:updatable="false"
					sap:deletable="false" sap:content-version="1"><End EntitySet="ActivityList" Role="FromRole_Activity_Attachments"/><End EntitySet="AttachmentList" Role="ToRole_Activity_Attachments"/></AssociationSet>
			</EntityContainer><atom:link xmlns:atom="http://www.w3.org/2005/Atom" rel="self" href="./sap/ZS_CX_CCS_SRV/$metadata"/><atom:link xmlns:atom="http://www.w3.org/2005/Atom" rel="latest-version" href="./sap/ZS_CX_CCS_SRV/$metadata"/></Schema>
	</edmx:DataServices>
</edmx:Edmx>