<mvc:View xmlns:core="sap.ui.core" xmlns="sap.m" xmlns:mvc="sap.ui.core.mvc"
	controllerName="com.sap.mcc.workplace.CardComponent.Escalations.Escalations">
	<ScrollContainer id="s1" vertical='true'>
		<Table id="chart-mcs-globalEscalations" inset="false"
			items="{ path: 'Information>/results',
			parameters : {expand:'ActivityCases' } }"
			mode="SingleSelectMaster" selectionChange="onSelectionChange" sticky="HeaderToolbar,InfoToolbar,ColumnHeaders">
			<infoToolbar class="tool">
				<Toolbar active="true" class="tool">
					<core:Icon src="sap-icon://filter" tooltip="{i18n>globalFilterMessageToast}" press="onCustomActionPress"/>
					<Label id="header" text="{i18n>openEscaRequestsReg}"/>
					<ToolbarSpacer/>
					<core:Icon src="sap-icon://message-information" tooltip="{i18n>cardInformation}" press="openInformationDialog"/>
				</Toolbar>
			</infoToolbar>
			<columns>
				<Column width="12em">
					<Text text="{i18n>customerName}"/>
				</Column>
				<Column minScreenWidth="Tablet" demandPopin="true">
					<Text text="{i18n>description}"/>
				</Column>
				<Column>
					<Text text="{i18n>employee}"/>
				</Column>
				<Column>
					<Text text="{i18n>createDate}"/>
				</Column>
				<Column>
					<Text text="{i18n>openFor}"/>
				</Column>
				<Column>
					<Text text="{i18n>status}"/>
				</Column>
			</columns>
			<items>
				<ColumnListItem>
					<cells>
						<Link text="{Information>account_name_F}" tooltip="{Information>account_name_F}" href="{ path:'Information>activity_customer', formatter: '.formatURL'}" target="_blank"/>
						<Text text="{Information>activity_description}"/>
						<Text text="{Information>activity_person_name}"/>
						<Text text="{ path: 'Information>activity_create_date', type: 'sap.ui.model.type.Date', formatOptions: {style: 'medium'} }"/>
						<Text text="{ parts: ['Information>activity_create_date','Information>activity_create_time'], formatter: '.getDays' }"/>
						<Text text="{Information>activity_status_desc}"/> 
					</cells>
				</ColumnListItem>
			</items>
		</Table>
	</ScrollContainer>
</mvc:View>