<mvc:View xmlns:core="sap.ui.core" xmlns="sap.m" xmlns:mvc="sap.ui.core.mvc" controllerName="com.sap.mcc.workplace.CardComponent.CCTMonitor.CCTMonitor">
	<ScrollContainer id="s1" vertical='true'>
		<Table id="table-mcs-cctmonitor" inset="false" items="{cardModel>/rows}" alternateRowColors="true" mode="SingleSelectMaster" selectionChange="onSelectionChange"
			sticky="HeaderToolbar,InfoToolbar,ColumnHeaders">
			<columns>
				<Column width="70%">
					<Label text="{i18n>name}"/>
				</Column>
				<Column hAlign="End">
					<Label text="{i18n>amount}"/>
				</Column>
			</columns>
			<items>
				<ColumnListItem>
					<cells>
						<Link href="{cardModel>link}" text="{cardModel>name}" tooltip="{cardModel>name}" target="_blank"/>
						<Text text="{cardModel>count}"/>
					</cells>
				</ColumnListItem>
			</items>
		</Table>
	</ScrollContainer>
</mvc:View>