<mvc:View xmlns:core="sap.ui.core" xmlns="sap.m" xmlns:mvc="sap.ui.core.mvc" xmlns:ui="sap.ui.table"
	xmlns:app="http://schemas.sap.com/sapui5/extension/sap.ui.core.CustomData/1"
	controllerName="com.sap.mcc.workplace.CardComponent.ServiceMCS.ServiceMCS">
	<ScrollContainer id="s1" vertical='true'>
		<ui:Table id="table-mcc-serviceTeam" rows="{cardModel>/data}" alternateRowColors="true" enableCellFilter="true"
		cellClick="onSelectionChange" selectionMode="None" noData="{= ${cardModel>/busy} ? 'Loading data...' : 'No Data'}"
		visibleRowCount="{= ${cardModel>/data}.length > 9 ? 10 : ${cardModel>/data}.length}">
			<ui:columns>
				<ui:Column filterProperty="CustomerName" sortProperty="CustomerName">
					<Label text="{i18n>customerName}" />
					<ui:template>
						<Link text="{cardModel>CustomerName}" tooltip="{cardModel>CustomerName}" press="onCustomerPressed"/>
					</ui:template>
				</ui:Column>
				<ui:Column filterProperty="Description" sortProperty="Description">
					<Label text="{i18n>description}" />
					<ui:template>
						<Text text="{cardModel>Description}" wrapping='false'/>
					</ui:template>
				</ui:Column>
				<ui:Column filterProperty="EmployeeResponsibleName" sortProperty="EmployeeResponsibleName">
					<Label text="{i18n>employee}" />
					<ui:template>
						<Link text="{cardModel>EmployeeResponsibleName}" tooltip="{cardModel>EmployeeResponsibleName}" press="openEmployeePopover"
							app:UserId="{cardModel>EmployeeResponsible}"/>
					</ui:template>
				</ui:Column>
				<ui:Column filterProperty="CategoryDesc" sortProperty="CategoryDesc">
					<Label text="{i18n>category}" />
					<ui:template>
						<Text text="{cardModel>CategoryDesc}" wrapping='false'/>
					</ui:template>
				</ui:Column>
				<ui:Column filterProperty="ActivityID" sortProperty="ActivityID">
					<Label text="{i18n>activityId}" />
					<ui:template>
						<Text text="{cardModel>ActivityID}" wrapping='false'/>
					</ui:template>
				</ui:Column>
			</ui:columns>
		</ui:Table>
	</ScrollContainer>
</mvc:View>