<mvc:View xmlns:core="sap.ui.core" xmlns="sap.suite.ui.microchart" xmlns:m="sap.m" xmlns:mvc="sap.ui.core.mvc" xmlns:l="sap.ui.layout"
	controllerName="com.sap.mcc.workplace.CardComponent.Statistics.Statistics">
	<m:HBox id="chart-mcs-comparisonByYear">
		<m:items>
			<m:VBox class="sapUiTinyMarginBegin sapUiTinyMarginBottom">
				<m:VBox >
					<m:FlexBox alignItems="Start" justifyContent="SpaceBetween" class="sapUiSmallMarginBeginEnd sapUiSmallMarginTop">
						<m:items>
							<m:Title text="{i18n>globalEscalations}" titleStyle="H3"/>
							<m:FlexBox alignItems="Center" justifyContent="Center">
								<core:Icon src="sap-icon://filter" tooltip="{i18n>globalFilterMessageToast}" press="onCustomActionPress" size="1.2rem"
									class="sapUiTinyMarginEnd" color="#346187"/>
								<!--<core:Icon src="sap-icon://message-information" tooltip="{i18n>cardInformation}" size="1.375rem" color="#346187"
									press="openInformationDialog"/>-->
							</m:FlexBox>
						</m:items>
					</m:FlexBox>
					<!--<m:Label text="Created during a calendar year" class="sapUiSmallMarginBeginEnd"/>-->
					<m:GenericTile id="genericTileGE" subheader="{i18n>createdDuringYear}" frameType="TwoByOne" press="press" state="{= ${cardModel>/mcsDashboardServiceMetadataError} ? 'Failed' : 'Loaded'}"  failedText="Service unavailable">
						<m:tileContent>
							<m:TileContent footer="">
								<m:content>
									<m:NumericContent id="numr12" value="{=${Information>/Data/0/Last_Year}-${Information>/Data/1/Last_Year}}"
										valueColor="{=${Information>/Data/0/Last_Year}-${Information>/Data/1/Last_Year}>0? 'Error':'Good'}"
										indicator="{=${Information>/Data/0/Last_Year}-${Information>/Data/1/Last_Year}>0? 'Up':'Down'}"/>
								</m:content>
							</m:TileContent>
							<m:TileContent footer="">
								<m:content>
									<ComparisonMicroChart size="Responsive" data="{path:'Information>/Data'}">
										<ComparisonMicroChartData title="{Information>Title}" value="{Information>Last_Year}" color="{Information>color}"/>
									</ComparisonMicroChart>
								</m:content>
							</m:TileContent>
						</m:tileContent>
					</m:GenericTile>
				</m:VBox>
				<m:VBox>
					<m:FlexBox alignItems="Start" justifyContent="SpaceBetween" class="sapUiSmallMarginBeginEnd sapUiSmallMarginTop">
						<m:items>
							<m:Title text="{i18n>businessDowns}" titleStyle="H3"/>
							<m:FlexBox alignItems="Center" justifyContent="Center">
								<core:Icon src="sap-icon://world" tooltip="{i18n>globalView}" press="onGlobalViewIconPress" size="1.2rem" class="sapUiTinyMarginEnd"
									color="#346187"/>
								<!--	<core:Icon src="sap-icon://message-information" tooltip="{i18n>cardInformation}" size="1.375rem" color="#346187"
									press="openInformationDialog"/>-->
							</m:FlexBox>
						</m:items>
					</m:FlexBox>
					<m:GenericTile id="genericTileBD" subheader="{i18n>occuredDuringYear}" frameType="TwoByOne" press="press" state="{= ${cardModel>/mcsDashboardServiceMetadataError} ? 'Failed' : 'Loaded'}" failedText="Service unavailable">
						<m:tileContent>
							<m:TileContent footer="">
								<m:content>
									<m:NumericContent value="{=${Information2>/Data/0/Last_Year}-${Information2>/Data/1/Last_Year}}"
										valueColor="{=${Information2>/Data/0/Last_Year}-${Information2>/Data/1/Last_Year}>0? 'Error':'Good'}"
										indicator="{=${Information2>/Data/0/Last_Year}-${Information2>/Data/1/Last_Year}>0? 'Up':'Down'}"/>
								</m:content>
							</m:TileContent>
							<m:TileContent footer="">
								<m:content>
									<ComparisonMicroChart size="Responsive" data="{path:'Information2>/Data'}">
										<ComparisonMicroChartData title="{Information2>Title}" value="{Information2>Last_Year}" color="{Information2>color}"/>
									</ComparisonMicroChart>
								</m:content>
							</m:TileContent>
						</m:tileContent>
					</m:GenericTile>
				</m:VBox>
			</m:VBox>
			<m:VBox class="sapUiTinyMarginBeginEnd sapUiTinyMarginBottom">
				<m:VBox>
					<m:FlexBox alignItems="Start" justifyContent="SpaceBetween" class="sapUiSmallMarginBeginEnd sapUiSmallMarginTop">
						<m:items>
							<m:Title text="{i18n>escalationRequests}" titleStyle="H3"/>
							<m:FlexBox alignItems="Center" justifyContent="Center">
								<core:Icon src="sap-icon://filter" tooltip="{i18n>globalFilterMessageToast}" press="onCustomActionPress" size="1.2rem"
									class="sapUiTinyMarginEnd" color="#346187"/>
								<!--	<core:Icon src="sap-icon://message-information" tooltip="{i18n>cardInformation}" size="1.375rem" color="#346187"
									press="openInformationDialog"/>-->
							</m:FlexBox>
						</m:items>
					</m:FlexBox>
					<m:GenericTile id="genericTileER" subheader="{i18n>raisedDuringYear}" frameType="TwoByOne" press="press" state="{= ${cardModel>/critSitDBModelMetadataError} ? 'Failed' : 'Loaded'}" failedText="Service unavailable">
						<m:tileContent>
							<m:TileContent footer="">
								<m:content>
									<m:NumericContent value="{=${Information3>/Data/0/Last_Year}-${Information3>/Data/1/Last_Year}}"
										valueColor="{=${Information3>/Data/0/Last_Year}-${Information3>/Data/1/Last_Year}>0? 'Error':'Good'}"
										indicator="{=${Information3>/Data/0/Last_Year}-${Information3>/Data/1/Last_Year}>0? 'Up':'Down'}"/>
								</m:content>
							</m:TileContent>
							<m:TileContent footer="">
								<m:content>
									<ComparisonMicroChart size="Responsive" data="{path:'Information3>/Data'}">
										<ComparisonMicroChartData title="{Information3>Title}" value="{Information3>Last_Year}" color="{Information3>color}"/>
									</ComparisonMicroChart>
								</m:content>
							</m:TileContent>
						</m:tileContent>
					</m:GenericTile>
				</m:VBox>
				<m:VBox>
					<m:FlexBox alignItems="Start" justifyContent="SpaceBetween" class="sapUiSmallMarginBeginEnd sapUiSmallMarginTop">
						<m:items>
							<m:Title text="{i18n>globalEscalations}" titleStyle="H3"/>
							<m:FlexBox alignItems="Center" justifyContent="Center">
								<core:Icon src="sap-icon://filter" tooltip="{i18n>globalFilterMessageToast}" press="onCustomActionPress" size="1.2rem"
									class="sapUiTinyMarginEnd" color="#346187"/>
								<!--	<core:Icon src="sap-icon://message-information" tooltip="{i18n>cardInformation}" size="1.375rem" color="#346187"
									press="openInformationDialog"/>-->
							</m:FlexBox>
						</m:items>
					</m:FlexBox>
					<m:GenericTile id="genericTileGET" subheader="{i18n>globalEscaTouched}" frameType="TwoByOne" press="press" state="{= ${cardModel>/mcsDashboardServiceMetadataError} ? 'Failed' : 'Loaded'}" failedText="Service unavailable">
						<m:tileContent>
							<m:TileContent footer="">
								<m:content>
									<m:NumericContent value="{=${Information4>/Data/0/Last_Year}-${Information4>/Data/1/Last_Year}}"
										valueColor="{=${Information4>/Data/0/Last_Year}-${Information4>/Data/1/Last_Year}>0? 'Error':'Good'}"
										indicator="{=${Information4>/Data/0/Last_Year}-${Information4>/Data/1/Last_Year}>0? 'Up':'Down'}"/>
								</m:content>
							</m:TileContent>
							<m:TileContent footer="">
								<m:content>
									<ComparisonMicroChart size="Responsive" data="{path:'Information4>/Data'}">
										<ComparisonMicroChartData title="{Information4>Title}" value="{Information4>Last_Year}" color="{Information4>color}"/>
									</ComparisonMicroChart>
								</m:content>
							</m:TileContent>
						</m:tileContent>
					</m:GenericTile>
				</m:VBox>
			</m:VBox>
		</m:items>
	</m:HBox>
</mvc:View>