<mvc:View xmlns:core="sap.ui.core" xmlns="sap.m" xmlns:mvc="sap.ui.core.mvc" xmlns:ui="sap.ui.table" xmlns:u="sap.ui.unified"
	xmlns:app="http://schemas.sap.com/sapui5/extension/sap.ui.core.CustomData/1"
	controllerName="com.sap.mcc.workplace.CardComponent.CrossIssues.CrossIssues">
	<ScrollContainer id="s1" vertical="true">
		<ui:Table id="tableCrossIssues" selectionMode="None" rows="{cardModel>/crossIssues}" enableCellFilter="true" alternateRowColors="true"
			rowActionCount="1" noData="{= ${cardModel>/busy} ? 'Loading data...' : 'No Data'}" ariaLabelledBy="title"
			visibleRowCount="{= ${cardModel>/crossIssues}.length > 9 ? 10 : ${cardModel>/crossIssues}.length}">
			<ui:columns>
				<ui:Column width="4rem" autoResizable="true" filterProperty="RatingText" sortProperty="RatingID" hAlign="Center">
					<Label text="Rating" tooltip="Rating"/>
					<ui:template>
						<core:Icon class="sapUiTinyMarginEnd" src="sap-icon://circle-task-2" visible="{= ${cardModel>RatingText} ? true : false}"
							tooltip="{cardModel>RatingText}" color="{path: 'cardModel>RatingText', formatter: '.formatter.ratingColor' }"/>
					</ui:template>
				</ui:Column>
				<ui:Column autoResizable="true" filterProperty="TopIssueID" sortProperty="TopIssueID">
					<Label text="Cross Issue ID" tooltip="Cross Issue ID"/>
					<ui:template>
						<Link text="{cardModel>TopIssueID}" tooltip="{cardModel>TopIssueID}" press="onLinkPress"/>
					</ui:template>
				</ui:Column>
				<ui:Column width="13rem" autoResizable="true" filterProperty="Description" sortProperty="Description">
					<Label text="Title" tooltip="Title"/>
					<ui:template>
						<Text text="{cardModel>Description}" tooltip="{cardModel>Description}" wrapping="false"/>
					</ui:template>
				</ui:Column>
				<ui:Column autoResizable="true" filterProperty="StatusText" sortProperty="StatusText">
					<Label text="Status" tooltip="Status"/>
					<ui:template>
						<Text text="{cardModel>StatusText}" tooltip="{cardModel>StatusText}" wrapping="false"/>
					</ui:template>
				</ui:Column>
				<ui:Column autoResizable="true" filterProperty="RespPersonName" sortProperty="RespPersonName">
					<Label text="MCC Responsible" tooltip="MCC Responsible"/>
					<ui:template>
						<Link text="{cardModel>RespPersonName}" tooltip="{cardModel>RespPersonName} ({cardModel>RespPersonNo})" wrapping="false"
							press="openEmployeePopover" app:UserId="{cardModel>RespPersonNo}"/>
					</ui:template>
				</ui:Column>
				<ui:Column autoResizable="true" filterProperty="BusinessScenario" sortProperty="BusinessScenario">
					<Label text="Business Scenario" tooltip="Business Scenario"/>
					<ui:template>
						<Text text="{parts: [{path: 'cardModel>BusinessScenario'}]}" wrapping="false" />
					</ui:template>
				</ui:Column>
				<ui:Column width="6rem" autoResizable="true" sortProperty="CreatedAt">
					<ui:menu>
						<u:Menu>
							<u:items>
								<u:MenuItem text="Sort Ascending" select="onSortDate" app:Property="CreatedAt" app:TableID="tableCrossIssues" app:OpenFor="true"
									app:sort="asc" icon="sap-icon://sort-ascending"/>
								<u:MenuItem text="Sort Descending" select="onSortDate" app:Property="CreatedAt" app:TableID="tableCrossIssues" app:OpenFor="true"
									app:sort="dsc" icon="sap-icon://sort-descending"/>
								<!--<u:MenuTextFieldItem label="Filter" select="onDateFilter" app:Property="CreateTime" app:TableID="open-ccm-cases"
									icon="sap-icon://filter"/>-->
							</u:items>
						</u:Menu>
					</ui:menu>
					<Label text="Open For" tooltip="Open For"/>
					<ui:template>
						<ObjectStatus text="{ path: 'cardModel>CreatedAt', formatter: '.formatter.getDaysSince' }"
							state="{path: 'cardModel>CreatedAt', formatter: '.formatter.setTextColorOpenFor'}"
							tooltip="{path: 'cardModel>CreatedAt', formatter: '.formatter.getDaysSince'}"/>
					</ui:template>
				</ui:Column>
				<ui:Column width="12rem" autoResizable="true" sortProperty="Products" filterProperty="Products">
					<!--<ui:Column autoResizable="true" filterProperty="DueDate" sortProperty="DueDate" defaultFilterOperator="EQ" filterType="\{type: 'sap.ui.model.type.Date', formatOptions: \{style: 'medium', UTC: true\}, constraints: \{\} \}">-->
					<Label text="Product Version" tooltip="Product Version"/>
					<ui:template>
						<!--<Text text="{path:'cardModel>Products'}" tooltip="{cardModel>Products}" wrapping="false"/>-->
						<FormattedText htmlText="{= ${cardModel>ProductLinesMergedFormatted} ? ${cardModel>ProductLinesMergedFormatted} : ' '}" tooltip="{cardModel>ProductLinesMerged}" />
					</ui:template>
				</ui:Column>
			</ui:columns>
		</ui:Table>
	</ScrollContainer>
</mvc:View>