<mvc:View xmlns:core="sap.ui.core" xmlns="sap.m" xmlns:mvc="sap.ui.core.mvc"
	xmlns:app="http://schemas.sap.com/sapui5/extension/sap.ui.core.CustomData/1" xmlns:u="sap.ui.unified" xmlns:ui="sap.ui.table"
	controllerName="com.sap.mcc.workplace.CardComponent.MCCInbox.MCCInbox">
	<ScrollContainer width="100%" vertical=" true" horizontal=" false">
		<ui:Table id="table-mcs-sapBoardMccInbox" rows="{cardModel>/data}" alternateRowColors="true" enableCellFilter="true"
			cellClick="onSelectionChange" selectionMode="None" noData="{= ${cardModel>/busy} ? 'Loading data...' : 'No Data'}"
			filter="onFilter" visibleRowCount="{= ${cardModel>/data}.length > 9 ? 10 : ${cardModel>/data}.length}">
			<ui:columns>
				<ui:Column filterProperty="activity_description" sortProperty="activity_description">
					<Label text="{i18n>description}"/>
					<ui:template>
						<Text text="{cardModel>activity_description}" wrapping='false'/>
					</ui:template>
				</ui:Column>
				<ui:Column filterProperty="activity_person_name" sortProperty="activity_person_name">
					<Label text="{i18n>employee}"/>
					<ui:template>
						<Link text="{cardModel>activity_person_name}" press="openEmployeePopover" app:UserId="{cardModel>activity_person_user_id}"/>
					</ui:template>
				</ui:Column>
				<ui:Column filterProperty="activity_create_date" sortProperty="activity_create_date">
					<ui:menu>
						<u:Menu>
							<u:items>
								<u:MenuItem text="Sort Ascending" select="onSortDate" app:Property="activity_create_date" app:TableID="table-mcs-sapBoardMccInbox"
									app:sort="asc" icon="sap-icon://sort-ascending"/>
								<u:MenuItem text="Sort Descending" select="onSortDate" app:Property="activity_create_date" app:TableID="table-mcs-sapBoardMccInbox"
									app:sort="dsc" icon="sap-icon://sort-descending"/>
								<u:MenuTextFieldItem label="Filter" select="onDateFilter" app:Property="activity_create_date" app:TableID="table-mcs-sapBoardMccInbox"
									icon="sap-icon://filter"/>
							</u:items>
						</u:Menu>
					</ui:menu>
					<Label text="{i18n>createDate}"/>
					<ui:template>
						<Text text="{ path: 'cardModel>activity_create_date', type: 'sap.ui.model.type.Date', formatOptions: {style: 'medium'} }" wrapping='false'/>
					</ui:template>
				</ui:Column>
				<ui:Column filterProperty="activity_id" sortProperty="activity_id">
					<Label text="{i18n>activityId}"/>
					<ui:template>
						<Link text="{cardModel>activity_id}" press="openActivity"/>
					</ui:template>
				</ui:Column>
			</ui:columns>
		</ui:Table>
	</ScrollContainer>
</mvc:View>