<mvc:View xmlns:l="sap.ui.layout" xmlns:core="sap.ui.core" xmlns:mvc="sap.ui.core.mvc" xmlns:viz="sap.viz.ui5.controls" xmlns="sap.m"
	xmlns:micro="sap.suite.ui.microchart" xmlns:viz.feeds="sap.viz.ui5.controls.common.feeds" xmlns:viz.data="sap.viz.ui5.data" controllerName="com.sap.mcc.workplace.CardComponent.FavouriteCustomers.FavouriteCustomers">
	<ScrollContainer width="100%" vertical="true" horizontal="false">
		<VBox items="{path: 'cardModel>/customers', sorter: {path : 'Name1'}, templateShareable:false}"
			class="sapUiTinyMarginEnd sapUiTinyMarginTopBottom" width="100%">
			<Panel expandable="true" width="auto" class="sapUiTinyMargin">
				<headerToolbar>
					<OverflowToolbar height="3.3rem" style="Clear">
						<ObjectIdentifier title="{cardModel>Name1} ({cardModel>ErpCustNo})" titleActive="true" titlePress="onTitlePressed"
							class="fontColorWhite"/>
					</OverflowToolbar>
				</headerToolbar>
				<content>
					<viz:Popover id="idPopOver"></viz:Popover>
					<Panel height="16rem">
						<viz:VizFrame id="idDonutChart" uiConfig="{applicationSet:'fiori'}" height='100%' width="100%" vizType='donut'
							vizProperties="{plotArea: { dataLabel: { type : 'value', visible: true } },title:{ text:'Critical Customer Situations'}}">
							<viz:dataset>
								<viz.data:FlattenedDataset data="{cardModel>chart}">
									<viz.data:dimensions>
										<viz.data:DimensionDefinition name="Type" value="{cardModel>Type}"/>
									</viz.data:dimensions>
									<viz.data:measures>
										<viz.data:MeasureDefinition name="Amount" value="{cardModel>Amount}"/>
									</viz.data:measures>
								</viz.data:FlattenedDataset>
							</viz:dataset>
							<viz:feeds>
								<viz.feeds:FeedItem uid="size" type="Measure" values="Amount"/>
								<viz.feeds:FeedItem uid="color" type="Dimension" values="Type"/>
							</viz:feeds>
						</viz:VizFrame>
					</Panel>
					<Table class="sapUiSizeCompact SorterColor" alternateRowColors="true"
						items="{ path:'cardModel>VeryHigh', sorter : { path : 'State'}, templateShareable:false }" id="table0">
						<headerToolbar>
							<OverflowToolbar>
								<content>
									<Title text="Very High Messages" level="H6"/>
								</content>
							</OverflowToolbar>
						</headerToolbar>
						<columns>
							<Column mergeDuplicates="true" width="20%" minScreenWidth="Tablet" demandPopin="true">
								<header>
									<Text text="ID"/>
								</header>
							</Column>
							<Column width="50%">
								<header>
									<Text text="Description" class="sapUiSmallMarginBegin"/>
								</header>
							</Column>
							<Column width="30%" minScreenWidth="Tablet" demandPopin="true">
								<header>
									<Text text="State"/>
								</header>
							</Column>
						</columns>
						<ColumnListItem>
							<Link text="{cardModel>ObjectID}" press="openVeryHighMessage"/>
							<ObjectStatus class="sapUiSmallMarginBegin" tooltip="{cardModel>Description}" text="{cardModel>Description}"/>
							<ObjectStatus class="sapUiSmallMarginBegin" tooltip="{cardModel>StatusTxt}" text="{cardModel>StatusTxt}"/>
						</ColumnListItem>
					</Table>
				</content>
			</Panel>
		</VBox>
	</ScrollContainer>
</mvc:View>