<mvc:view xmlns:core="sap.ui.core" xmlns="sap.suite.ui.microchart" xmlns:m="sap.m" xmlns:mvc="sap.ui.core.mvc" xmlns:l="sap.ui.layout"
	controllerName="com.sap.mcc.workplace.CardComponent.QDStatistics.QDStatistics">
	<m:ScrollContainer id="s1" vertical='true'>
		<m:VBox>
			<l:VerticalLayout class="sapUiContentPadding equalColumns" width="100%">
				<m:Label text="{i18n>inProgress}" class="sapUiSmallMarginEnd"/>
				<l:content>
					<m:FlexBox width="95%" class="columns" alignItems="Stretch">
						<m:items>
							<m:VBox width="33%">
								<m:Title text="{i18n>total}" titleStyle="H5" level="H5"/>
								<m:NumericContent value="{cardModel>/data/Total}" class="sapUiMediumMarginEnd" width="auto"/>
								<m:layoutData>
									<m:FlexItemData growFactor="1"/>
								</m:layoutData>
							</m:VBox>
							<m:HBox width="55%" class="sapUiMediumMarginBegin sapUiSmallMarginTop">
								<m:VBox width="50%">
									<m:Title text="APJ" titleStyle="H6" level="H6"/>
									<m:Title text="EMEA" titleStyle="H6" level="H6"/>
									<m:Title text="LA" titleStyle="H6" level="H6"/>
									<m:Title text="NA" titleStyle="H6" level="H6"/>
									<m:Title text="Unassigned" titleStyle="H6" level="H6"/>
								</m:VBox>
								<m:VBox width="50%" alignItems="End">
									<m:Text text="{cardModel>/data/APJ}"/>
									<m:Text text="{cardModel>/data/EMEA}"/>
									<m:Text text="{cardModel>/data/LA}"/>
									<m:Text text="{cardModel>/data/NA}"/>
									<m:Text text="{cardModel>/data/Unassigned}"/>
								</m:VBox>
								<m:layoutData>
									<m:FlexItemData growFactor="1"/>
								</m:layoutData>
							</m:HBox>
						</m:items>
					</m:FlexBox>
				</l:content>
			</l:VerticalLayout>
		</m:VBox>
	</m:ScrollContainer>
</mvc:view>