<mvc:View xmlns:l="sap.ui.layout" xmlns:core="sap.ui.core" xmlns:mvc="sap.ui.core.mvc" xmlns="sap.m"
	controllerName="com.sap.mcc.workplace.CardComponent.QuickAccess.QuickAccess">
	<ScrollContainer id="s1" vertical='true'>
		<VBox class="sapUiSmallMargin">
			<Select id="typeSelect" items="{ path:'cardModel>/Options', sorter:{path: 'Name'}}" forceSelection="true" width="100%"
				change="onSelectChange">
				<core:ListItem key="{cardModel>Key}" text="{cardModel>Name}"/>
			</Select>
			<FlexBox width="100%" justifyContent="SpaceBetween">
				<Input value="{cardModel>/searchQuery}" placeholder="{cardModel>/placeholder}">
					<layoutData>
						<FlexItemData growFactor="2"/>
					</layoutData>
				</Input>
				<Button icon="sap-icon://search" press="onSearchPress" class="sapUiTinyMarginBegin noPaddingRightBtn" type="Emphasized"/>
			</FlexBox>
		</VBox>
	</ScrollContainer>
</mvc:View>