{
  "milk": [{ 
        "Store Name": "Build", 
        "Revenue": 200000.00, 
        "Fat Percentage": "Non-Productivity Days" 
    }, 
    { 
        "Store Name": "Platform", 
        "Revenue": 450000.00, 
        "Fat Percentage": "Non-Productivity Days" 
    }, 
    { 
        "Store Name": "Run", 
        "Revenue": 50000.00, 
        "Fat Percentage": "Non-Productivity Days" 
    },
    { 
        "Store Name": "Build", 
        "Revenue": 200000.07, 
        "Fat Percentage": "Productivity Days" 
    }, 
    { 
        "Store Name": "Platform", 
        "Revenue": 350000.00, 
        "Fat Percentage": "Productivity Days" 
    }, 
    { 
        "Store Name": "Run", 
        "Revenue": 300000.000000, 
        "Fat Percentage": "Productivity Days" 
    },
    { 
        "Store Name": "Build", 
        "Revenue": 15000.00, 
        "Fat Percentage": "Open Days" 
    }, 
    { 
        "Store Name": "Platform", 
        "Revenue": 100000.00, 
        "Fat Percentage": "Open Days" 
    }, 
    { 
        "Store Name": "Run", 
        "Revenue": 300000.000000, 
        "Fat Percentage": "Open Days" 
    }
    ],
    "AGS": [{ 
         "Title": "All",
         "Key": "0",
         "UnitId": "30078229",
         "Enabled": true
    },
    {
        "Title": "Build",
        "Key": "1",
        "UnitId": "Description",
        "Enabled": true
    },
    {
        "Title": "Platform",
        "Key": "2",
        "UnitId": "Description",
        "Enabled": true
    },
    {
        "Title": "Run",
        "Key": "3",
        "UnitId": "Description",
        "Enabled": true
    },
    {
        "Title": "Others",
        "Key": "4",
        "UnitId": "Description",
        "Enabled": true
    }
 ]
}