{

    "UserStatus": [{
        "text": "Not cancelled",
        "key": "E0006",
        "OrderType": "Service Delivery Order",
        "isNegated": "true"
    }, {
        "text": "Cancelled",
        "key": "E0006",
        "OrderType": "Service Delivery Order",
        "isNegated": "false"
    }, {
        "text": "Open",
        "key": "E0001",
        "OrderType": "Service Delivery Order",
        "isNegated": "false"
    }, {
        "text": "Planned",
        "key": "E0002",
        "OrderType": "Service Delivery Order",
        "isNegated": "false"
    }, {
        "text": "Staffed",
        "key": "E0003",
        "OrderType": "Service Delivery Order",
        "isNegated": "false"
    }, {
        "text": "Date-New",
        "key": "E0020",
        "OrderType": "Service Delivery Order",
        "isNegated": "false"
    }, {
        "text": "Planned",
        "key": "E0001",
        "OrderType": "Resource Request",
        "isNegated": "false"
    }, {
        "text": "Staffed",
        "key": "E0003",
        "OrderType": "Resource Request",
        "isNegated": "false"
    }, {
        "text": "To be staffed",
        "key": "E0011",
        "OrderType": "Resource Request",
        "isNegated": "false"
    }],

    "ServiceAreaCategories": [{
        "id": "ZEM",
        "name": "Delivery Team CoE EMEA"
    }, {
        "id": "ZAN",
        "name": "Delivery Team CoE ANZ"
    }, {
        "id": "ZAS",
        "name": "Delivery Team CoE Asia"
    }, {
        "id": "ZIN",
        "name": "Delivery Team CoE India"
    }, {
        "id": "ZJP",
        "name": "Delivery Team CoE JP"
    }, {
        "id": "ZLA",
        "name": "Delivery Team CoE LA"
    }, {
        "id": "ZNA",
        "name": "Delivery Team CoE North Asia"
    }, {
        "id": "ZSA",
        "name": "Delivery Team CoE South Asia"
    }, {
        "id": "ZUS",
        "name": "Delivery Team CoE US"
    }],

    "tileDescription": {

        "forecastedProductivity": "<p>All data is calculated according to supply selection<br>in filter bar and time range according to selection in slider.<br><strong>Forecasted Productivity</strong> = Productive / member capacity * 100<br><strong>Productive</strong> = Days on assignments of service order<br>and resource request and productive time allocations.<br>Productive Time Allocations are Backoffice Duty, Development, EOD, Escalation, Project Work, Trainer.<br> Productive time counts weekday and weekend.<br>Double scheduling counts each, eg. two services scheduled on one day counts two days.<br>A day counts full day if at least 4h booked for it.<br><strong>Member Capacity</strong> = members * (time range &mdash; weekends &mdash; public holidays)<br><strong>Members</strong> = all users within selection</p>",

        "cumulativeTotals": "<p>All data is calculated according to supply selection<br> in filter bar and time range according to selection in slider.<br><strong>Member Capacity</strong> = members * (time range &mdash; weekends &mdash; public holidays)<br><strong>Members</strong> = all users within selection<br> <strong>Non Productive</strong> = Days on Time Allocation &quot;Absence&quot;<br> and days on Time Allocation &quot;Trainee&quot;<br> <strong>Total Capacity</strong> = Member Capacity &mdash; Non Productive<br><strong>Productive</strong> = Days on assignments of service order<br>and resource request and productive time allocations.<br>Productive Time Allocations are Backoffice Duty, Development,<br>EOD, Escalation, Project Work, Trainer. Productive time counts weekday and weekend.Double scheduling counts each,<br>eg. two services scheduled on one day counts two days.<br>A day counts full day if at least 4h booked for it.<br><strong>Open Days</strong> = Member Capacity &mdash; Productive &mdash; Non Productive</p>",

        "schedulingObject": "<p>All data is calculated according to supply selection in filter bar <br>and time range according to selection in slider.<br>Scheduling Object = Days scheduled on technical objects service order, resource request or time allocation.<br>In case of double bookings days add up.</p>",

        "contributionToRegions": "<p>All data is calculated according to supply selection in filter bar<br>and time range according to selection in slider.<br>Analysis &quot;Contribution to regions&quot; is for all days on Service Order and Resource Request only.<br><strong>Region in Service Order</strong> = Region of Ship to Party<br><strong>Region in Resource Request</strong> = Region according to category<br>(NA = ZBU, LA = ZBL, ZDA, EMEA = ZBD, ZBM, ZBN, ZBQ, ZBS, ZEM, ZEU, APJ = ZBA, ZBP, ZEA)<br>Days count if on weekday or weekend.<br>Double scheduling counts each, eg. two services scheduled on one day counts two days.<br> A day counts full day if at least 4h booked for it.<br></p>",

        "deliveryLocation": "<p>All data is calculated according to supply selection in filter bar <br>and time range according to selection in slider.<br>Analysis &quot;Delivery Location&quot; is for all days on Service Order only.<br><br>Location in Team member Item:<br><strong>Onsite</strong> = Novice Onsite Team Member 9502490, Onsite Team Lead 9501640, Onsite Team Member 9501641<br><strong>Remote</strong> = Remote Team Member 9501642, Novice Remote Team Member 9502491<br><br>Location in Session Item:<br><strong>Remote</strong> = Service Order Type is &quot;Remote&quot; or Service Order Type is &quot;Onsite&quot;, Category in Header item is on &quot;Pure Remote&quot;<br><strong>Onsite</strong> = Service Order Type is &quot;Onsite&quot;, Category in Header item is other than &quot;Pure Remote&quot;</p>",

        "availableCapacity": "<p>All data is calculated according to supply and demand selection in filter bar and time range according to selection in slider.<br>Available Capacity is calculated for complete timeframe and all users within selection (members).<br><br><strong>Available Capacity</strong> = Total Capacity – Total Demand<br><strong>Total Capacity</strong> = Member Capacity – Non Productive<br><strong>Member Capacity</strong> = members * (time range – weekends – public holidays)<br><strong>Non Productive</strong> = Days on Time Allocation ‘Absence’ and days on Time Allocation ‘Trainee’<br><strong>Total Demand</strong> = Staffed Demand + Unstaffed Demand<br><strong>Staffed Demand</strong> = Days on assignments of service order and resource request and productive time allocations.<br>Productive Time Allocations are Backoffice Duty, Development, EOD, Escalation, Project Work, Trainer.<br>Productive time counts weekday and weekend.<br>Double scheduling counts each, eg. two services scheduled on one day counts two days.<br>A day counts full day if at least 4 h booked for it.<br><strong>Unstaffed Demand</strong> = Service orders and resource requests selected via demand selection (service team, qualification) in filter bar.<br>This is quantity in items of service order and resource request that don’t have an assignment and are not cancelled.<br>The requested start date is used as calculation start for capacity. In case requested start date is before selection start date, selection start date is used.</p>",

        "teamOverviewGraph": "<p>All data is calculated according to supply and demand selection in filter bar<br>and time range according to selection in slider.<br>In the graph data is shown on weekly basis.<br><strong>Available Capacity</strong> = Total Capacity &mdash; Total Demand<br><strong>Total Demand</strong> = Staffed Demand + Unstaffed Demand<br><strong>Staffed Demand</strong> = Days on assignments of service order and resource request and productive time allocations.<br>Productive Time Allocations are Backoffice Duty, Development, EOD, Escalation, Project Work, Trainer.<br>Productive time counts weekday and weekend. Double scheduling counts each, eg. two services scheduled on one day counts two days.<br>A day counts full day if at least 4h booked for it.<br><strong>Unstaffed Demand</strong> = Service orders and resource requests selected via demand selection (service team, qualification) in filter bar.<br>This is quantity in items of service order and resource request that don’t have an assignment and are not cancelled.<br>The requested start date is used as calculation start for capacity. In case requested start date is before selection start date, selection start date is used.<br><strong>Demand Overcapacity</strong> = Delta on Total Demand that is higher than Total Capacity<br><strong>Qualification Overcapacity</strong> = Demand exceeds capacity for a single qualification <br><strong>Total Capacity</strong> = Member Capacity &mdash; Non Productive<br><strong>Member Capacity</strong> = members * (time range &mdash; weekends &mdash; public holidays)<br><strong>Members</strong> = all users within selection<br><strong>Non Productive</strong> = Days on Time Allocation &quot;Absence&quot; and days on Time Allocation &quot;Trainee&quot;</p>",

        "staffedDemandGraph": "<p>All data is calculated according to supply selection in filter bar<br>and time range according to selection in slider.<br>This graph is only displayed, if an OrgUnit is filled in supply selection.<br>The graph will always show drill &mdash; down of lower level OrgUnits in the selection.<br><strong>Productive Days</strong> = Days on assignments of service order and resource request and productive time allocations.<br>Productive Time Allocations are Backoffice Duty, Development, EOD, Escalation, Project Work, Trainer.<br>Productive time counts weekday and weekend. Double scheduling counts each, eg. two services scheduled on one day counts two days. A day counts full day if at least 4h booked for it.<br><strong>Non Productive Days</strong> = Days on Time Allocation &quot;Absence&quot; and days on Time Allocation &quot;Trainee&quot;.<br><strong>Open Days</strong> = Member Capacity &mdash; Productive &mdash; Non Productive.<br><strong>Member Capacity</strong> = members * (time range &mdash; weekends &mdash; public holidays).<br><strong>Members</strong> = all users within selection</p>",

        "availableResources": "<p>All data is calculated according to supply selection in filter bar<br>and time range according to selection in slider.</p>Available resources in HC is number of resources selected with the supply selection filter, no matter if they are part-time or full-time, fully staffed or available.",

        "demandAnalysis": "<p>All data is calculated according to supply selection in filter bar<br>and time range according to selection in slider.</p><strong>Demand Overcapacity</strong> = Delta on Total Demand that is higher than Total Capacity.<br><br><strong>Unstaffed Demand</strong> = Service orders and resource requests selected via demand selection (service team, qualification) in filter bar.<br>This is quantity in items of service order and resource request that don’t have an assignment and are not cancelled.<br>The requested start date is used as calculation start for capacity. In case requested start date is before selection start date, selection start date is used.",

        "staffedDemand": "<p>All data is calculated according to supply selection in filter bar<br>and time range according to selection in slider.</p><strong>Staffed Demand</strong> = Days on assignments of service order and resource request and productive time allocations.<br>Productive Time Allocations are Backoffice Duty, Development, EOD, Escalation, Project Work, Trainer.<br>Productive time counts weekday and weekend.<br>Double scheduling counts each, eg. two services scheduled on one day counts two days.<br>A day counts full day if at least 4 h booked for it.",

        "customersServed": "<p>All data is calculated according to supply selection in filter bar<br>and time range according to selection in slider.</p>For ‘customers served’ only Service Order data is analysed, this is number of customers in Service Delivery.",

        "coveredQualifications": "<p>All data is calculated according to supply selection in filter bar<br>and time range according to selection in slider.</p><strong>Number of qualifications</strong> = each qualification counts that was used in staffed demand, so this will analyse both Service Order and Resource Requests.",

        "staffedDetailsGraph": "<p>All data is calculated according to supply selection in filter bar and time range according to selection in slider.<br><strong>Roles</strong> = For the roles in service order, second level item is always “team lead”, third level item is product name of item (e.g. Onsite Team Member, Remote Team Member). For resource requests, item product description is used (e.g. Team 1, BO Head).<br><strong>Services</strong> = Service order according to service product of header<br><strong>Qualifications</strong> = all qualifications in resource requests and service orders<br><strong>Non Productive and Available Information</strong> = This analysis shows all time allocations that are not counted productive<br><strong>Activities</strong> = Staffing grouped according to future CATS activity groups, eg. Services = assignment on service order, Backoffice = assignment on resource request of backoffice category, Deployment Room = assignments on resource request of deployment category, Expertise on Demand = time allocation on EoD, Development = time allocation Development, Escalation = time allocation on escalation and resource request escalation. All other schedulings are ‘Others’.<br><strong>Resource Origin</strong> = Supply resource according to OrgUnits</p>"
    }
}
