{
  "welcomeFile": "/webapp/index.html",
  "routes": [
    {
      "path": "/resources",
      "target": {
        "type": "application",
        "name": "sapui5preview",
        "entryPath": "/resources",
        "version": "1.71.22"
      },
      "description": "SAPUI5 Resources"
    },
    {
      "path": "/resources",
      "target": {
        "type": "service",
        "name": "sapui5",
        "entryPath": "/resources",
        "version": "1.71.22"
      },
      "description": "SAPUI5 Resources"
    },
    {
      "path": "/test-resources",
      "target": {
        "type": "application",
        "name": "sapui5preview",
        "entryPath": "/test-resources",
        "version": "1.71.22"
      },
      "description": "SAPUI5 Resources"
    },
    {
      "path": "/test-resources",
      "target": {
        "type": "service",
        "name": "sapui5",
        "entryPath": "/test-resources",
        "version": "1.71.22"
      },
      "description": "SAPUI5 Resources"
    },
    {
      "path": "/webapp/resources",
      "target": {
        "type": "application",
        "name": "sapui5preview",
        "entryPath": "/resources",
        "version": "1.71.22"
      },
      "description": "SAPUI5 Resources"
    },
    {
      "path": "/webapp/resources",
      "target": {
        "type": "service",
        "name": "sapui5",
        "entryPath": "/resources",
        "version": "1.71.22"
      },
      "description": "SAPUI5 Resources"
    },
    {
      "path": "/webapp/test-resources",
      "target": {
        "type": "application",
        "name": "sapui5preview",
        "entryPath": "/test-resources",
        "version": "1.71.22"
      },
      "description": "SAPUI5 Test Resources"
    },
    {
      "path": "/webapp/test-resources",
      "target": {
        "type": "service",
        "name": "sapui5",
        "entryPath": "/test-resources",
        "version": "1.71.22"
      },
      "description": "SAPUI5 Test Resources"
    },
    {
      "path": "/icd",
      "target": {
        "type": "destination",
        "name": "int_ic"
      },
      "description": "icd Odata"
    },
    {
      "path": "/sap/opu/odata",
      "target": {
        "type": "destination",
        "name": "int_ic"
      },
      "description": "Destination to ICD Gateway"
    },
    {
        "path": "/services/userapi",
        "target": {
            "type": "service",
            "name": "userapi"
        }
    }
  ],
  "sendWelcomeFileRedirect": true,
  "securityConstraints": [
     {
          "permission": "p_sap_employees",
          "description": "Only SAPEmployees are allowed to access the application",
          "protectedPaths": [
              "/"
          ]
     },
     {
          "permission": "p_neo-app.json_access",
          "description": "Protects the Access to the neo-app.json",
          "protectedPaths": [
               "neo-app.json"
          ]
     }
]
}