<mvc:View xmlns:l="sap.ui.layout" xmlns:core="sap.ui.core" xmlns="sap.ui.table" xmlns:mvc="sap.ui.core.mvc" xmlns:m="sap.m"
	xmlns:u="sap.ui.unified" xmlns:app="http://schemas.sap.com/sapui5/extension/sap.ui.core.CustomData/1" xmlns:micro="sap.suite.ui.microchart"
	controllerName="com.sap.mcc.workplace.CardComponent.OpenCases.OpenCases">
	<m:ScrollContainer id="s1" vertical='true'>
		<Table id="tableOpenCases" selectionMode="None" rows="{cardModel>/options}" enableCellFilter="{ui>/cellFilterOn}" filter="filterPrice"
			alternateRowColors="true" ariaLabelledBy="title" noData="{= ${cardModel>/busy} ? 'Loading data...' : 'No Data'}"
			visibleRowCount="{= ${cardModel>/options}.length > 9 ? 10 : ${cardModel>/options}.length}">
			<columns>
				<Column width="4rem" autoResizable="true" filterProperty="RatingText" sortProperty="RatingID" hAlign="Center">
					<m:Label text="Rating" tooltip="Rating"/>
					<template>
						<!--
					<m:Text text="{cardModel>RatingText}" wrapping="false"/> -->
						<core:Icon class="sapUiTinyMarginEnd" src="sap-icon://circle-task-2" tooltip="{cardModel>RatingText}"
							color="{path: 'cardModel>RatingText', formatter: '.formatter.ratingColor' }"/>
					</template>
				</Column>
				<Column width="5rem" autoResizable="true" filterProperty="CaseID" sortProperty="CaseID">
					<m:Label text="Case ID" tooltip="Case ID"/>
					<template>
						<m:Link text="{cardModel>CaseID}" tooltip="{cardModel>CaseID}" press="onLinkPress"/>
						<!--<m:Text text="{cardModel>CaseID}" tooltip="{cardModel>CaseID}" wrapping="false"/>-->
					</template>
				</Column>
				<Column width="16.5rem" autoResizable="true" filterProperty="CaseTitle" sortProperty="CaseTitle">
					<m:Label text="Case Title" tooltip="Case Title"/>
					<template>
						<m:Text text="{cardModel>CaseTitle}" tooltip="{cardModel>CaseTitle}" wrapping="false"/>
					</template>
				</Column>
				<Column width="10rem" autoResizable="true" filterProperty="CustomerName" sortProperty="CustomerName">
					<m:Label text="Customer Name" tooltip="Customer Name"/>
					<template>
						<!--<m:Text text="{cardModel>CustomerName}" tooltip="{cardModel>CustomerName}" wrapping="false"/>-->
						<m:Link text="{cardModel>CustomerName}" tooltip="{cardModel>CustomerName}" press="onCustomerPressed"/>
					</template>
				</Column>
				<Column width="10rem" autoResizable="true" filterProperty="ResponsiblePerson" sortProperty="ResponsiblePerson">
					<m:Label text="Responsible Person" tooltip="Responsible Person"/>
					<template>
						<m:Link text="{cardModel>ResponsiblePerson}" tooltip="{cardModel>ResponsiblePerson}" wrapping="false" press="openEmployeePopover"
							app:UserId="{cardModel>Responsible}"/>
					</template>
				</Column>
				<Column width="6rem" autoResizable="true" filterProperty="StatusText" sortProperty="StatusText">
					<m:Label text="Status" tooltip="Status"/>
					<template>
						<m:Text text="{cardModel>StatusText}" tooltip="{cardModel>StatusText}" wrapping="false"/>
					</template>
				</Column>
				<Column width="5rem" autoResizable="true" filterProperty="CreateTime" sortProperty="CreateTime">
					<menu>
						<u:Menu>
							<u:items>
								<u:MenuItem text="Sort Ascending" select="onSortDate" app:Property="CreateTime" app:TableID="tableOpenCases" app:OpenFor="true"
									app:sort="asc" icon="sap-icon://sort-ascending"/>
								<u:MenuItem text="Sort Descending" select="onSortDate" app:Property="CreateTime" app:TableID="tableOpenCases" app:OpenFor="true"
									app:sort="dsc" icon="sap-icon://sort-descending"/>
								<!--<u:MenuTextFieldItem label="Filter" select="onDateFilter" app:Property="CreateTime" app:TableID="open-ccm-cases"
									icon="sap-icon://filter"/>-->
							</u:items>
						</u:Menu>
					</menu>
					<m:Label text="Open For" tooltip="Open For"/>
					<template>
						<m:ObjectStatus text="{ path: 'cardModel>CreateTime', formatter: '.formatter.getDaysSince' }"
							state="{path: 'cardModel>CreateTime', formatter: '.formatter.setTextColorOpenFor'}"
							tooltip="{path: 'cardModel>CreateTime', formatter: '.formatter.getDaysSince'}"/>
					</template>
				</Column>
				<Column width="4rem" autoResizable="true" filterProperty="Region" sortProperty="Region">
					<m:Label text="Region" tooltip="Region"/>
					<template>
						<m:Text text="{path: 'cardModel>Region'}" tooltip="{path: 'cardModel>Region'}" wrapping="false"/>
					</template>
				</Column>
				<Column width="3rem" autoResizable="true" filterProperty="CQI" sortProperty="CQI" filterType="sap.ui.model.type.Integer">
					<m:Label text="CQI" tooltip="Case Quality Index"/>
					<template>
						<m:Link text="{cardModel>CQI}" wrapping="false" press="openCQIPopover"/>
					</template>
				</Column>
			</columns>
		</Table>
	</m:ScrollContainer>
</mvc:View>