<mvc:View xmlns:core="sap.ui.core" xmlns="sap.m" xmlns:mvc="sap.ui.core.mvc" controllerName="com.sap.mcc.workplace.CardComponent.QDWorkloadMonitor.QDWorkloadMonitor">
	<ScrollContainer id="s1" vertical='true'>
		<VBox class="sapUiSmallMarginBegin sapUiSmallMarginTop sapUiSmallMarginBottom">
			<Title text="Unprocessed Customer Tickets" titleStyle="H4" level="H4"/>
			<HBox class="sapUiSmallMarginTop">
				<VBox width="33%" class="sapUiMediumMarginEnd">
					<Title text="Total"/>
					<NumericContent value="{= (!${cardModel>/nonPE} &amp;&amp; !${cardModel>/PE} &amp;&amp; !${cardModel>/QDTL}) ? 0 : ${cardModel>/nonPE} + ${cardModel>/PE} + ${cardModel>/QDTL}}" class="sapUiMediumMarginEnd" width="auto"
						press="openQDAssistant('ALL')"/>
				</VBox>
				<VBox width="66%">
					<HBox alignItems="Start" justifyContent="SpaceBetween" class="sapUiMediumMarginEnd sapUiTinyMarginBottom sapUiTinyMarginTop">
						<Link text="non PE" subtle="true" press="openQDAssistant('NON-PE')"/>
						<Text text="{cardModel>/nonPE}"/>
					</HBox>
					<HBox alignItems="Start" justifyContent="SpaceBetween" class="sapUiMediumMarginEnd sapUiTinyMarginBottom">
						<Link text="PE segment" press="openQDAssistant('PE')"/>
						<Text text="{cardModel>/PE}"/>
					</HBox>
					<HBox alignItems="Start" justifyContent="SpaceBetween" class="sapUiMediumMarginEnd">
						<Link text="Q&#38;D Team Lead" press="openQDAssistant('QD')"/>
						<Text text="{cardModel>/QDTL}" />
					</HBox>
				</VBox>
			</HBox>
		</VBox>
	</ScrollContainer>
</mvc:View>