<core:FragmentDefinition xmlns="sap.m" xmlns:core="sap.ui.core" xmlns:uicommons="sap.ui.commons">
    <VBox id="containerSliderTitle" alignItems="Center">
        <Title text="{i18n>FRAGMENT_CALENDAR_WEEK_RANGE_SLIDER_TITLE}" textAlign="Center"></Title>
    </VBox>
    <HBox >
      <HBox width="{CWModel>/leftWidthInPercent}" class="sapUiCalWeekYear" justifyContent="Center" alignItems="Center">
          <Label text="{CWModel>/beginYear}" />
      </HBox>
      <HBox width="{CWModel>/rightWidthInPercent}" class="sapUiCalWeekYear" justifyContent="Center" alignItems="Center">
          <Label text="{CWModel>/endYear}"/>
      </HBox>
    </HBox>
    <uicommons:RangeSlider id="idForMasterSlider" value="{CWModel>/value1}" value2="{CWModel>/value2}" change=".onSliderChange" labels="{path: 'CWModel>/WeekDate', formatter:'sap.coe.capacity.analysis.util.dateHelper.getCWFromDateArray'}" smallStepWidth="1" stepLabels="true" min="0" max="29" width="100%" totalUnits="29" class="sapUiSmallMarginBottom sapUiSmallMarginTop thisCW" />
</core:FragmentDefinition>
