<core:FragmentDefinition 
    xmlns="sap.m" 
    xmlns:core="sap.ui.core" 
    xmlns:mc="sap.suite.ui.microchart" 
    xmlns:viz="sap.viz.ui5.controls" 
    xmlns:commons="sap.suite.ui.commons" 
    xmlns:uicommons="sap.ui.commons" 
    xmlns:l="sap.ui.layout" 
    xmlns:viz.feeds="sap.viz.ui5.controls.common.feeds" 
    xmlns:viz.data="sap.viz.ui5.data"
    xmlns:app="http://schemas.sap.com/sapui5/extension/sap.ui.core.CustomData/1">
    <IconTabFilter text="{i18n>FRAGMENT_STAFFED_DEMAND_TITLE}" id="staffedDemandTab" key="staffedDemand">
        <VBox>
            <core:Fragment id="RangeSlider" fragmentName="sap.coe.capacity.analysis.fragment.CalendarWeekRangeSlider" type="XML" />           
            <HBox id ="idForHBox" class="centerTiles sapUiSmallMarginTop sapMHBox">
                <GenericTile id="forecastedProductivity" class="bigGenericTile" header="{i18n>FRAGMENT_STAFFED_DEMAND_TILE_HEADER_FORECASTED_PRODUCTIVITY}" subheader="{i18n>FRAGMENT_STAFFED_DEMAND_TILE_SUBHEADER_PRODUCTIVITY_PERCENTAGE}" size="L" frameType="OneByOne" app:textAreaData="tileDescription/forecastedProductivity" press="onTilePopoverOpen">
                    <tileContent>
                        <TileContent unit="" footer="{i18n>FRAGMENT_STAFFED_DEMAND_TILE_CONTENT_FOOTER_KPI}" header="{i18n>FRAGMENT_STAFFED_DEMAND_TILE_CONTENT_HEADER_CURRENT_WEEK}" size="M">
                            <content>
                                <NumericContent size="S" scale="%" value="{StaffedDemandTiles>/ProductivityPrecentage}" />
                            </content>
                        </TileContent>
                    </tileContent>
                </GenericTile>
                <GenericTile class="bigGenericTile" header="{i18n>FRAGMENT_STAFFED_DEMAND_TILE_HEADER_CUMULATIVE_TOTALS}" size="L" frameType="TwoByOne" app:textAreaData="tileDescription/cumulativeTotals" press="onTilePopoverOpen">
                    <tileContent>
                        <TileContent size="L" class="bigTileContent tileContentExpandMicrochart" footer="{i18n>FRAGMENT_STAFFED_DEMAND_TILE_CONTENT_FOOTER_IN_DAYS}">
                            <content>
                                <mc:ComparisonMicroChart size="S" view="Normal" width="20rem" class="comparisonMicroChartSmallFont sapUiSmallMargin" press="onTilePopoverOpen" colorPalette="{
                                                path: 'StaffedDemandTiles>/TeamProdDays',
                                                formatter: '.formatter.formatProductiveTotal'
                                              }">
                                    <mc:data>
                                        <mc:ComparisonMicroChartData title="{i18n>FRAGMENT_STAFFED_DEMAND_MICROCHART_TITLE_MEMBER_CAPACITY}" value="{path: 'StaffedDemandTiles>/MemberDays', formatter: '.formatter.toFloat'}"/>
                                        <mc:ComparisonMicroChartData title="{i18n>FRAGMENT_STAFFED_DEMAND_MICROCHART_TITLE_NON_PRODUCTIVE}" value="{path: 'StaffedDemandTiles>/NoProdDays', formatter: '.formatter.toFloat'}" />
                                        <mc:ComparisonMicroChartData title="{i18n>FRAGMENT_STAFFED_DEMAND_MICROCHART_TITLE_TOTAL_CAPACITY}" value="{path: 'StaffedDemandTiles>/TotalDays', formatter: '.formatter.toFloat'}" />
                                        <mc:ComparisonMicroChartData title="{i18n>FRAGMENT_STAFFED_DEMAND_MICROCHART_TITLE_PRODUCTIVE}" value="{path: 'StaffedDemandTiles>/TeamProdDays', formatter: '.formatter.toFloat'}" />
                                        <mc:ComparisonMicroChartData title="{i18n>FRAGMENT_STAFFED_DEMAND_MICROCHART_TITLE_OPEN_DAYS}" value="{path: 'StaffedDemandTiles>/OpenDays', formatter: '.formatter.toFloat'}" />
                                    </mc:data>
                                </mc:ComparisonMicroChart>
                            </content>
                        </TileContent>
                    </tileContent>
                </GenericTile>
                <GenericTile id="SchedulingObject" class="bigGenericTile" header="{i18n>FRAGMENT_STAFFED_DEMAND_TILE_HEADER_PRODUCTIVE_TASKS}" size="L" frameType="TwoByOne" app:textAreaData="tileDescription/schedulingObject" press="onTilePopoverOpen" >
                    <tileContent>
                        <TileContent size="L" class="tileContentExpandMicrochart" footer="{i18n>FRAGMENT_STAFFED_DEMAND_TILE_CONTENT_FOOTER_IN_DAYS}">
                            <content>
                                <mc:ComparisonMicroChart size="S" view="Normal" width="20rem" class="comparisonMicroChartSmallFont sapUiSmallMargin" colorPalette="#dbdb46, #f2d249, #d998cb">
                                    <mc:data>
                                        <mc:ComparisonMicroChartData title="{i18n>FRAGMENT_STAFFED_DEMAND_MICROCHART_TITLE_SERVICE_ORDERS}" value="{path: 'StaffedDemandTiles>/ServiceOrders', formatter: '.formatter.toFloat'}" />
                                        <mc:ComparisonMicroChartData title="{i18n>FRAGMENT_STAFFED_DEMAND_MICROCHART_TITLE_RESOURCE_REQUEST}" value="{path: 'StaffedDemandTiles>/ResRequestDays', formatter: '.formatter.toFloat'}" />
                                        <mc:ComparisonMicroChartData title="{i18n>FRAGMENT_STAFFED_DEMAND_MICROCHART_TITLE_TIME_ALLOCATIONS}" value="{path: 'StaffedDemandTiles>/TALDays', formatter: '.formatter.toFloat'}" />
                                    </mc:data>
                                </mc:ComparisonMicroChart>
                            </content>
                        </TileContent>
                    </tileContent>
                </GenericTile>
                <GenericTile class="bigGenericTile" header="{i18n>FRAGMENT_STAFFED_DEMAND_TILE_HEADER_CONTRIBUTION_TO_REGIONS}" subheader="{i18n>FRAGMENT_STAFFED_DEMAND_TILE_SUBHEADER_CUSTOMER_REGION_OF_STAFFED_DEMAND}" size="L" frameType="TwoByOne" app:textAreaData="tileDescription/contributionToRegions" press="onTilePopoverOpen">
                    <tileContent>
                        <TileContent size="L" class="bigTileContent tileContentExpandMicrochart" footer="{i18n>FRAGMENT_STAFFED_DEMAND_TILE_CONTENT_FOOTER_IN_DAYS}">
                            <content>
                                <mc:ComparisonMicroChart size="S" view="Normal " width="20rem" class="comparisonMicroChartSmallFont sapUiSmallMargin" press="" colorPalette="#5cbae6, #b6d957, #fac364, #8cd3ff">
                                    <mc:data>
                                        <mc:ComparisonMicroChartData title="{i18n>FRAGMENT_STAFFED_DEMAND_MICROCHART_TITLE_NA}" value="{path: 'StaffedDemandTiles>/NADays', formatter: '.formatter.toFloat'}" />
                                        <mc:ComparisonMicroChartData title="{i18n>FRAGMENT_STAFFED_DEMAND_MICROCHART_TITLE_LA}" value="{path: 'StaffedDemandTiles>/LADays', formatter: '.formatter.toFloat'}"/>
                                        <mc:ComparisonMicroChartData title="{i18n>FRAGMENT_STAFFED_DEMAND_MICROCHART_TITLE_EMEA}" value="{path: 'StaffedDemandTiles>/EMEADays', formatter: '.formatter.toFloat'}"/>
                                        <mc:ComparisonMicroChartData title="{i18n>FRAGMENT_STAFFED_DEMAND_MICROCHART_TITLE_APJ}" value="{path: 'StaffedDemandTiles>/APJDays', formatter: '.formatter.toFloat'}"/>
                                    </mc:data>
                                </mc:ComparisonMicroChart>
                            </content>
                        </TileContent>
                    </tileContent>
                </GenericTile>
                <GenericTile id="deliveryLocation" class="bigGenericTile" header="{i18n>FRAGMENT_STAFFED_DEMAND_TILE_HEADER_DELIVERY_LOCATION}" subheader="{i18n>FRAGMENT_STAFFED_DEMAND_TILE_SUBHEADER_ANALYSIS_ON_SERVICE_ORDER}" size="L" frameType="OneByOne" app:textAreaData="tileDescription/deliveryLocation" press="onTilePopoverOpen">
                    <tileContent>
                        <TileContent size="M" footer="{i18n>FRAGMENT_STAFFED_DEMAND_TILE_CONTENT_FOOTER_IN_DAYS}">
                            <content>
                                <mc:ComparisonMicroChart size="S" class="sapUiSmallMargin" press="press" colorPalette="#64d7df, #3ce9f2">
                                    <mc:data>
                                        <mc:ComparisonMicroChartData title="{i18n>FRAGMENT_STAFFED_DEMAND_MICROCHART_TITLE_ONSITE}" value="{path: 'StaffedDemandTiles>/OnsiteDays', formatter: '.formatter.toFloat'}" />
                                        <mc:ComparisonMicroChartData title="{i18n>FRAGMENT_STAFFED_DEMAND_MICROCHART_TITLE_REMOTE}" value="{path: 'StaffedDemandTiles>/RemoteDays', formatter: '.formatter.toFloat'}"/>
                                    </mc:data>
                                </mc:ComparisonMicroChart>
                            </content>
                        </TileContent>
                    </tileContent>
                </GenericTile>
            </HBox>
            <l:VerticalLayout class="sapUiContentPadding" width="100%">
                <l:content>
                    <commons:ChartContainer id="idChartContainer" showFullScreen="true" showPersonalization="false" autoAdjustHeight="false" showLegend="true" personalizationPress="attachPersonalizationPress" contentChange="attachContentChange" title="">
                        <commons:content>
                            <commons:ChartContainerContent icon="sap-icon://horizontal-bar-chart" title="{i18n>FRAGMENT_STAFFED_DEMAND_CHART_TITLE_PRODUCTIVITY_BY_ORG}">
                                <commons:content>

                                    <viz:VizFrame id="idVizFrame" uiConfig="{applicationSet:'fiori'}" width="100%" height="25rem" margin="auto" vizType="100_stacked_column">
                                        <viz:dataset>
                                            <viz.data:FlattenedDataset data="{StaffedDemandChart>/}">
                                                <viz.data:dimensions>
                                                    <viz.data:DimensionDefinition name="{i18n>FRAGMENT_STAFFED_DEMAND_CHART_DIMENSION_COE_ORGANISATION}" value="{OrgTxt}" />
                                                </viz.data:dimensions>
                                                <viz.data:measures>
                                                    <viz.data:MeasureDefinition name="ProDays" value="{ProDays}" />
                                                    <viz.data:MeasureDefinition name="NonDays" value="{NonDays}" />
                                                    <viz.data:MeasureDefinition name="OpenDays" value="{OpenDays}" />
                                                </viz.data:measures>
                                            </viz.data:FlattenedDataset>
                                        </viz:dataset>
                                    </viz:VizFrame>
                                </commons:content>
                            </commons:ChartContainerContent>
                        </commons:content>
                        <commons:customIcons>
                            <core:Icon src="sap-icon://message-information" app:textAreaData="tileDescription/staffedDemandGraph" press="onIconPopoverOpen"/>
                        </commons:customIcons>
                    </commons:ChartContainer>
                </l:content>
            </l:VerticalLayout>
        </VBox>
    </IconTabFilter>
</core:FragmentDefinition>
