<?xml version="1.0" encoding="utf-8"?>
<edmx:Edmx Version="1.0"
    xmlns:edmx="http://schemas.microsoft.com/ado/2007/06/edmx"
    xmlns:m="http://schemas.microsoft.com/ado/2007/08/dataservices/metadata"
    xmlns:sap="http://www.sap.com/Protocols/SAPData">
    <edmx:DataServices m:DataServiceVersion="2.0">
        <Schema Namespace="ZS_ESCALATIONS" xml:lang="en" sap:schema-version="1"
            xmlns="http://schemas.microsoft.com/ado/2008/09/edm">
            <EntityType Name="Subscription" sap:semantics="subscriptions" sap:content-version="1">
                <Key>
                    <PropertyRef Name="ID"/>
                </Key>
                <Property Name="ID" Type="Edm.String" Nullable="false" MaxLength="32" sap:label="Sub. ID" sap:creatable="false" sap:updatable="false" sap:filterable="false"/>
                <Property Name="user" Type="Edm.String" MaxLength="12" m:FC_TargetPath="SyndicationAuthorName" m:FC_KeepInContent="false" sap:label="User Name" sap:creatable="false" sap:filterable="false"/>
                <Property Name="updated" Type="Edm.DateTime" Precision="0" m:FC_TargetPath="SyndicationUpdated" m:FC_KeepInContent="false" sap:label="Time Stamp" sap:creatable="false" sap:filterable="false"/>
                <Property Name="title" Type="Edm.String" MaxLength="255" m:FC_TargetPath="SyndicationTitle" m:FC_KeepInContent="false" sap:label="Title" sap:filterable="false"/>
                <Property Name="deliveryAddress" Type="Edm.String" sap:label="Delivery Address" sap:filterable="false"/>
                <Property Name="persistNotifications" Type="Edm.Boolean" sap:label="Persist Notification" sap:filterable="false"/>
                <Property Name="collection" Type="Edm.String" MaxLength="40" sap:label="Collection" sap:filterable="false"/>
                <Property Name="filter" Type="Edm.String" sap:label="Filter" sap:filterable="false"/>
                <Property Name="select" Type="Edm.String" MaxLength="255" sap:label="Select" sap:filterable="false"/>
                <Property Name="changeType" Type="Edm.String" MaxLength="30" sap:label="Change Type"/>
            </EntityType>
            <EntityType Name="Notification" sap:semantics="notifications" sap:content-version="1">
                <Key>
                    <PropertyRef Name="ID"/>
                </Key>
                <Property Name="ID" Type="Edm.String" Nullable="false" MaxLength="32" sap:label="Notification ID"/>
                <Property Name="collection" Type="Edm.String" MaxLength="40" sap:label="Collection"/>
                <Property Name="title" Type="Edm.String" m:FC_TargetPath="SyndicationTitle" m:FC_KeepInContent="false" sap:label="Notif. Text"/>
                <Property Name="updated" Type="Edm.DateTime" Precision="0" m:FC_TargetPath="SyndicationUpdated" m:FC_KeepInContent="false" sap:label="Time Stamp"/>
                <Property Name="changeType" Type="Edm.String" MaxLength="30" sap:label="Change Type"/>
                <Property Name="entriesOfInterest" Type="Edm.Int32" sap:label="No. of Entries"/>
                <Property Name="recipient" Type="Edm.String" MaxLength="112" sap:label="Recipient" sap:creatable="false" sap:updatable="false"/>
            </EntityType>
            <EntityType Name="Cases" sap:content-version="1">
                <Key>
                    <PropertyRef Name="case_id"/>
                </Key>
                <Property Name="add_fields" Type="ZS_ESCALATIONS.Additional_Fields" Nullable="false"/>
                <Property Name="case_id" Type="Edm.String" Nullable="false" MaxLength="12" sap:label="Case ID"/>
                <Property Name="type" Type="Edm.String" MaxLength="1"/>
                <Property Name="case_title" Type="Edm.String" MaxLength="80" sap:label="Title"/>
                <Property Name="case_type" Type="Edm.String" MaxLength="40" sap:label="Name"/>
                <Property Name="escal_reason" Type="Edm.String" MaxLength="60" sap:label="Text"/>
                <Property Name="reason" Type="Edm.String" MaxLength="60" sap:label="Text"/>
                <Property Name="category" Type="Edm.String" MaxLength="60" sap:label="Text"/>
                <Property Name="priority" Type="Edm.String" MaxLength="40"/>
                <Property Name="initiative_code" Type="Edm.String" MaxLength="4" sap:label="AGS Initiatives"/>
                <Property Name="initiative_text" Type="Edm.String" MaxLength="60" sap:label="Short Descript."/>
                <Property Name="rating" Type="Edm.String" MaxLength="10" sap:label="Rating Text"/>
                <Property Name="status" Type="Edm.String" MaxLength="40" sap:label="Status Descr."/>
                <Property Name="service_org" Type="Edm.String" MaxLength="20" sap:label="Service Org Descript"/>
                <Property Name="service_team" Type="Edm.String" MaxLength="32" sap:label="Partner Number"/>
                <Property Name="responsible_person" Type="Edm.String" MaxLength="60" sap:label="Text"/>
                <Property Name="responsible_user" Type="Edm.String" MaxLength="12" sap:label="Person Respons."/>
                <Property Name="create_time" Type="Edm.String" MaxLength="14" sap:label="Text"/>
                <Property Name="change_time" Type="Edm.String" MaxLength="14" sap:label="Text"/>
                <Property Name="closing_time" Type="Edm.String" MaxLength="14" sap:label="Text"/>
                <Property Name="planned_closing_date" Type="Edm.DateTime" Precision="0" sap:label="Planned Close Date"/>
                <Property Name="aet_fields" Type="Edm.String" sap:label="XML String for Mob."/>
                <Property Name="process_type" Type="Edm.String" MaxLength="10" sap:label="Process Type"/>
                <Property Name="process_type_text" Type="Edm.String" MaxLength="60" sap:label="Text"/>
                <Property Name="mdr" Type="Edm.String" MaxLength="1"/>
                <Property Name="app" Type="Edm.String" MaxLength="1"/>
                <Property Name="case_notes" Type="Edm.String" sap:label="XML String for Mob."/>
                <Property Name="notes_type" Type="Edm.String" MaxLength="4"/>
                <Property Name="higher_level_id" Type="Edm.String" MaxLength="12" sap:label="Case ID"/>
                <Property Name="customer_bp_id" Type="Edm.String" MaxLength="32" sap:label="Partner Number"/>
                <Property Name="customer_r3_no" Type="Edm.String" MaxLength="10" sap:label="ERP Customer No."/>
                <Property Name="customer_name" Type="Edm.String" MaxLength="50" sap:label="Main Customer Descri"/>
                <Property Name="customer_location" Type="Edm.String" MaxLength="50" sap:label="Main Customer Descri"/>
                <Property Name="country" Type="Edm.String" MaxLength="50" sap:label="Ctry Desc."/>
                <Property Name="post_code" Type="Edm.String" MaxLength="10" sap:label="Postal Code"/>
                <Property Name="city" Type="Edm.String" MaxLength="40" sap:label="City"/>
                <Property Name="street" Type="Edm.String" MaxLength="60" sap:label="Street"/>
                <Property Name="house_number" Type="Edm.String" MaxLength="10" sap:label="House Number"/>
                <Property Name="created_by" Type="Edm.String" MaxLength="12" sap:label="User"/>
                <Property Name="created_by_person" Type="Edm.String" MaxLength="60" sap:label="Text"/>
                <Property Name="processor" Type="Edm.String" MaxLength="12" sap:label="User"/>
                <Property Name="processor_person" Type="Edm.String" MaxLength="60" sap:label="Text"/>
                <Property Name="global_ultimate_id" Type="Edm.String" MaxLength="10" sap:label="Global Ultimate"/>
                <Property Name="changed_by" Type="Edm.String" MaxLength="12" sap:label="User"/>
                <Property Name="changed_by_person" Type="Edm.String" MaxLength="60" sap:label="Text"/>
                <NavigationProperty Name="Customers" Relationship="ZS_ESCALATIONS.Case_Customers" FromRole="FromRole_Case_Customers" ToRole="ToRole_Case_Customers"/>
                <NavigationProperty Name="PartiesInvolved" Relationship="ZS_ESCALATIONS.Case_PartiesInvolved" FromRole="FromRole_Case_PartiesInvolved" ToRole="ToRole_Case_PartiesInvolved"/>
                <NavigationProperty Name="Products" Relationship="ZS_ESCALATIONS.Case_Products" FromRole="FromRole_Case_Products" ToRole="ToRole_Case_Products"/>
                <NavigationProperty Name="Notes" Relationship="ZS_ESCALATIONS.Case_Notes" FromRole="FromRole_Case_Notes" ToRole="ToRole_Case_Notes"/>
                <NavigationProperty Name="CaseActivities" Relationship="ZS_ESCALATIONS.Case_Activities" FromRole="FromRole_Case_Activities" ToRole="ToRole_Case_Activities"/>
                <NavigationProperty Name="TopIssues" Relationship="ZS_ESCALATIONS.Case_TopIssues" FromRole="FromRole_Case_TopIssues" ToRole="ToRole_Case_TopIssues"/>
            </EntityType>
            <EntityType Name="CaseCount" sap:content-version="1">
                <Key>
                    <PropertyRef Name="case_id"/>
                </Key>
                <Property Name="case_id" Type="Edm.String" Nullable="false" MaxLength="12" sap:label="Case ID"/>
                <Property Name="case_type" Type="Edm.String" MaxLength="40" sap:label="Name"/>
                <Property Name="escal_reason" Type="Edm.String" MaxLength="60" sap:label="Text"/>
                <Property Name="reason" Type="Edm.String" MaxLength="60" sap:label="Text"/>
                <Property Name="category" Type="Edm.String" MaxLength="60" sap:label="Text"/>
                <Property Name="priority" Type="Edm.String" MaxLength="40"/>
                <Property Name="rating" Type="Edm.String" MaxLength="10" sap:label="Rating Text"/>
                <Property Name="status" Type="Edm.String" MaxLength="40" sap:label="Status Descr."/>
                <Property Name="service_org" Type="Edm.String" MaxLength="20" sap:label="Service Org Descript"/>
                <Property Name="service_team" Type="Edm.String" MaxLength="32" sap:label="Partner Number"/>
                <Property Name="customer_bp_id" Type="Edm.String" MaxLength="32" sap:label="Partner Number"/>
                <Property Name="create_time" Type="Edm.String" MaxLength="14" sap:label="Text"/>
                <Property Name="change_time" Type="Edm.String" MaxLength="14" sap:label="Text"/>
                <Property Name="closing_time" Type="Edm.String" MaxLength="14" sap:label="Text"/>
            </EntityType>
            <EntityType Name="Customers" sap:content-version="1">
                <Key>
                    <PropertyRef Name="customer_case_id"/>
                </Key>
                <Property Name="customer_logo" Type="ZS_ESCALATIONS.Picture" Nullable="false"/>
                <Property Name="customer_case_id" Type="Edm.String" Nullable="false" MaxLength="12" sap:label="Case ID"/>
                <Property Name="customer_category" Type="Edm.String" MaxLength="50" sap:label="c"/>
                <Property Name="customer_id" Type="Edm.String" MaxLength="10" sap:label="Main Customer"/>
                <Property Name="customer_r3_no" Type="Edm.String" MaxLength="10" sap:label="ERP Customer No."/>
                <Property Name="custome_name" Type="Edm.String" MaxLength="50" sap:label="Main Customer Descri"/>
                <Property Name="country" Type="Edm.String" MaxLength="50" sap:label="Ctry Desc."/>
                <Property Name="post_code" Type="Edm.String" MaxLength="10" sap:label="Postal Code"/>
                <Property Name="city" Type="Edm.String" MaxLength="40" sap:label="City"/>
                <Property Name="street" Type="Edm.String" MaxLength="60" sap:label="Street"/>
                <Property Name="house_number" Type="Edm.String" MaxLength="10" sap:label="House Number"/>
                <Property Name="customer_location" Type="Edm.String" MaxLength="50" sap:label="Main Customer Descri"/>
                <Property Name="global_ulitmate_id" Type="Edm.String" MaxLength="10" sap:label="Global Ultimate"/>
                <Property Name="global_ultimate_name" Type="Edm.String" MaxLength="50" sap:label="Global Ultimate Desc"/>
                <Property Name="global_ultimate_location" Type="Edm.String" MaxLength="50" sap:label="Global Ultimate Desc"/>
            </EntityType>
            <EntityType Name="CaseCustomers" sap:content-version="1">
                <Key>
                    <PropertyRef Name="customer_case_id"/>
                </Key>
                <Property Name="customer_case_id" Type="Edm.String" Nullable="false" MaxLength="12" sap:label="Case ID"/>
                <Property Name="customer_category" Type="Edm.String" MaxLength="50" sap:label="c"/>
                <Property Name="customer_id" Type="Edm.String" MaxLength="10" sap:label="Main Customer"/>
                <Property Name="customer_r3_no" Type="Edm.String" MaxLength="10" sap:label="ERP Customer No."/>
                <Property Name="custome_name" Type="Edm.String" MaxLength="50" sap:label="Main Customer Descri"/>
                <Property Name="country" Type="Edm.String" MaxLength="50" sap:label="Ctry Desc."/>
                <Property Name="post_code" Type="Edm.String" MaxLength="10" sap:label="Postal Code"/>
                <Property Name="city" Type="Edm.String" MaxLength="40" sap:label="City"/>
                <Property Name="street" Type="Edm.String" MaxLength="60" sap:label="Street"/>
                <Property Name="house_number" Type="Edm.String" MaxLength="10" sap:label="House Number"/>
                <Property Name="customer_location" Type="Edm.String" MaxLength="50" sap:label="Main Customer Descri"/>
                <Property Name="global_ulitmate_id" Type="Edm.String" MaxLength="10" sap:label="Global Ultimate"/>
                <Property Name="global_ultimate_name" Type="Edm.String" MaxLength="50" sap:label="Global Ultimate Desc"/>
                <Property Name="global_ultimate_location" Type="Edm.String" MaxLength="50" sap:label="Global Ultimate Desc"/>
            </EntityType>
            <EntityType Name="Parties" sap:content-version="1">
                <Key>
                    <PropertyRef Name="parties_case_id"/>
                </Key>
                <Property Name="parties_case_id" Type="Edm.String" Nullable="false" MaxLength="12" sap:label="Case ID"/>
                <Property Name="parties_bp_id" Type="Edm.String" MaxLength="32" sap:label="Partner Number"/>
                <Property Name="parties_user_id" Type="Edm.String" MaxLength="12" sap:label="User Name"/>
                <Property Name="parties_email" Type="Edm.String" MaxLength="241" sap:label="E-Mail Address"/>
                <Property Name="parties_function" Type="Edm.String" MaxLength="40" sap:label="Description 2"/>
                <Property Name="parties_mobile" Type="Edm.String" sap:label="Link Reason"/>
                <Property Name="parties_firstname" Type="Edm.String" MaxLength="40" sap:label="First name"/>
                <Property Name="parties_lastname" Type="Edm.String" MaxLength="40" sap:label="Last name"/>
                <Property Name="parties_description_name" Type="Edm.String" MaxLength="50" sap:label="Description"/>
                <Property Name="parties_organization" Type="Edm.String" MaxLength="40" sap:label="Name 1"/>
            </EntityType>
            <EntityType Name="Products" sap:content-version="1">
                <Key>
                    <PropertyRef Name="product_case_id"/>
                </Key>
                <Property Name="product_case_id" Type="Edm.String" Nullable="false" MaxLength="12" sap:label="Case ID"/>
                <Property Name="product_description" Type="Edm.String" MaxLength="40" sap:label="Description 2"/>
                <Property Name="product_link_reason" Type="Edm.String" sap:label="Link Reason"/>
                <Property Name="product_id" Type="Edm.String" MaxLength="40" sap:label="Product ID"/>
                <Property Name="product_type" Type="Edm.String" MaxLength="2" sap:label="Product Type"/>
                <Property Name="category_id" Type="Edm.String" MaxLength="10"/>
            </EntityType>
            <EntityType Name="Notes" sap:content-version="1">
                <Key>
                    <PropertyRef Name="notes_case_id"/>
                    <PropertyRef Name="notes_text_type"/>
                    <PropertyRef Name="notes_line_count"/>
                </Key>
                <Property Name="notes_case_id" Type="Edm.String" Nullable="false" MaxLength="12" sap:label="Case ID"/>
                <Property Name="notes_text_type" Type="Edm.String" Nullable="false" MaxLength="10"/>
                <Property Name="notes_line_count" Type="Edm.String" Nullable="false" MaxLength="10"/>
                <Property Name="notes_text_line" Type="Edm.String" MaxLength="132"/>
            </EntityType>
            <EntityType Name="CaseNote" sap:content-version="1">
                <Key>
                    <PropertyRef Name="case_id"/>
                    <PropertyRef Name="type"/>
                    <PropertyRef Name="created_by"/>
                    <PropertyRef Name="created_on"/>
                    <PropertyRef Name="created_at"/>
                </Key>
                <Property Name="case_id" Type="Edm.String" Nullable="false" MaxLength="12" sap:label="Case ID"/>
                <Property Name="type" Type="Edm.String" Nullable="false" MaxLength="4" sap:label="Text ID"/>
                <Property Name="created_by" Type="Edm.String" Nullable="false" MaxLength="12" sap:label="Created by"/>
                <Property Name="created_on" Type="Edm.DateTime" Nullable="false" Precision="0" sap:label="Date"/>
                <Property Name="created_at" Type="Edm.Time" Nullable="false" Precision="0" sap:label="Time"/>
                <Property Name="text" Type="Edm.String"/>
            </EntityType>
            <EntityType Name="CaseActivities" sap:content-version="1">
                <Key>
                    <PropertyRef Name="activity_case_id"/>
                    <PropertyRef Name="activity_ID"/>
                </Key>
                <Property Name="activity_case_id" Type="Edm.String" Nullable="false" MaxLength="12" sap:label="Case ID"/>
                <Property Name="activity_ID" Type="Edm.String" Nullable="false" MaxLength="10" sap:label="ID"/>
                <Property Name="activity_type" Type="Edm.String" MaxLength="4" sap:label="Transaction Type"/>
                <Property Name="activity_type_text" Type="Edm.String" MaxLength="40" sap:label="Description"/>
                <Property Name="activity_description" Type="Edm.String" MaxLength="40" sap:label="Description"/>
                <Property Name="activity_priority" Type="Edm.String" MaxLength="40" sap:label="Description"/>
                <Property Name="activity_rating" Type="Edm.String" MaxLength="60" sap:label="Short text"/>
                <Property Name="activity_status" Type="Edm.String" MaxLength="30" sap:label="Status"/>
            </EntityType>
            <EntityType Name="CaseTopIssues" sap:content-version="1">
                <Key>
                    <PropertyRef Name="top_issue_case_id"/>
                    <PropertyRef Name="transactions_id"/>
                </Key>
                <Property Name="top_issue_case_id" Type="Edm.String" Nullable="false" MaxLength="12" sap:label="Case ID"/>
                <Property Name="transactions_id" Type="Edm.String" Nullable="false" MaxLength="10" sap:label="ID"/>
                <Property Name="transaction_type" Type="Edm.String" MaxLength="4" sap:label="Transaction Type"/>
                <Property Name="transaction_type_text" Type="Edm.String" MaxLength="40" sap:label="Description"/>
                <Property Name="top_issue_description" Type="Edm.String" MaxLength="40" sap:label="Description"/>
                <Property Name="top_issue_priority" Type="Edm.String" MaxLength="40" sap:label="Description"/>
                <Property Name="top_issue_rating" Type="Edm.String" MaxLength="60" sap:label="Short text"/>
                <Property Name="top_issue_status" Type="Edm.String" MaxLength="30" sap:label="Status"/>
            </EntityType>
            <EntityType Name="CaseSalesOrgs" sap:content-version="1">
                <Key>
                    <PropertyRef Name="sales_org_case_id"/>
                </Key>
                <Property Name="sales_org_case_id" Type="Edm.String" Nullable="false" MaxLength="12" sap:label="Case ID"/>
                <Property Name="sales_org" Type="Edm.String" MaxLength="14" sap:label="Org Management obj."/>
                <Property Name="sales_org_short" Type="Edm.String" MaxLength="12" sap:label="Sales Organization"/>
                <Property Name="sales_org_descr" Type="Edm.String" MaxLength="20" sap:label="Sales Org Descriptio"/>
            </EntityType>
            <EntityType Name="CaseServiceOrgs" sap:content-version="1">
                <Key>
                    <PropertyRef Name="service_org_case_id"/>
                </Key>
                <Property Name="service_org_case_id" Type="Edm.String" Nullable="false" MaxLength="12" sap:label="Case ID"/>
                <Property Name="service_org" Type="Edm.String" MaxLength="14" sap:label="Org Management obj."/>
                <Property Name="service_org_short" Type="Edm.String" MaxLength="12" sap:label="Service Organization"/>
                <Property Name="service_org_descr" Type="Edm.String" MaxLength="20" sap:label="Service Org Descript"/>
            </EntityType>
            <EntityType Name="CaseCountries" sap:content-version="1">
                <Key>
                    <PropertyRef Name="case_id"/>
                </Key>
                <Property Name="case_id" Type="Edm.String" Nullable="false" MaxLength="12" sap:label="Case ID"/>
                <Property Name="country" Type="Edm.String" MaxLength="3" sap:label="Country"/>
                <Property Name="country_text" Type="Edm.String" MaxLength="50" sap:label="Ctry Desc."/>
            </EntityType>
            <EntityType Name="Activities" sap:content-version="1">
                <Key>
                    <PropertyRef Name="activity_id"/>
                </Key>
                <Property Name="activity_id" Type="Edm.String" Nullable="false" MaxLength="10" sap:label="ID"/>
                <Property Name="type" Type="Edm.String" MaxLength="1"/>
                <Property Name="activity_process_type" Type="Edm.String" MaxLength="4" sap:label="Transaction Type"/>
                <Property Name="activity_process_type_description" Type="Edm.String" MaxLength="60" sap:label="Transaction Type"/>
                <Property Name="activity_description" Type="Edm.String" MaxLength="40" sap:label="Description"/>
                <Property Name="activity_priority_code" Type="Edm.String" MaxLength="1" sap:label="Priority"/>
                <Property Name="activity_priority" Type="Edm.String" MaxLength="40" sap:label="Description"/>
                <Property Name="activity_service_team" Type="Edm.String" MaxLength="10" sap:label="BusinessPartner"/>
                <Property Name="activity_status" Type="Edm.String" MaxLength="30" sap:label="Status"/>
                <Property Name="activity_person_resp" Type="Edm.String" MaxLength="10" sap:label="BusinessPartner"/>
                <Property Name="activity_person_name" Type="Edm.String" MaxLength="80" sap:label="Code Group"/>
                <Property Name="activity_activity_partner" Type="Edm.String" MaxLength="10" sap:label="BusinessPartner"/>
                <Property Name="activity_customer" Type="Edm.String" MaxLength="10" sap:label="Customer"/>
                <Property Name="activity_reason_code" Type="Edm.String" MaxLength="4" sap:label="Code"/>
                <Property Name="activity_reason" Type="Edm.String" MaxLength="20" sap:label="Reason"/>
                <Property Name="activity_reason_desc" Type="Edm.String" MaxLength="80" sap:label="Code Group"/>
                <Property Name="activity_result_desc" Type="Edm.String" MaxLength="80" sap:label="Code Group"/>
                <Property Name="activity_cat" Type="Edm.String" MaxLength="3" sap:label="Category"/>
                <Property Name="activity_cat_desc" Type="Edm.String" MaxLength="20" sap:label="Short Description"/>
                <Property Name="activity_change_date" Type="Edm.DateTime" Precision="0" sap:label="Changed on"/>
                <Property Name="activity_create_date" Type="Edm.DateTime" Precision="0" sap:label="Created on"/>
                <Property Name="activity_change_time" Type="Edm.Time" Precision="0" sap:label="Time"/>
                <Property Name="activity_create_time" Type="Edm.Time" Precision="0" sap:label="Time"/>
                <Property Name="activity_created_by" Type="Edm.String" MaxLength="12" sap:label="User Name"/>
                <Property Name="activity_planned_date" Type="Edm.DateTime" Precision="0" sap:label="Planned date"/>
                <Property Name="activity_planned_date_to" Type="Edm.DateTime" Precision="0" sap:label="Planned date"/>
                <Property Name="activity_actual_date" Type="Edm.DateTime" Precision="0" sap:label="Actual date"/>
                <Property Name="activity_actual_date_to" Type="Edm.DateTime" Precision="0" sap:label="Actual date"/>
                <Property Name="activity_date_duration" Type="Edm.Decimal" Precision="13" Scale="0" sap:label="Duration Value"/>
                <Property Name="activity_time_unit" Type="Edm.String" MaxLength="12" sap:label="Time Unit"/>
                <Property Name="activity_external_number" Type="Edm.String" MaxLength="20" sap:label="External No."/>
                <Property Name="activity_mnumm" Type="Edm.String" MaxLength="24" sap:label="SAPNet-NotifNo."/>
                <Property Name="activity_location" Type="Edm.String" MaxLength="100" sap:label="Location"/>
                <Property Name="activity_sales_org" Type="Edm.String" MaxLength="12" sap:label="Sales Organization"/>
                <Property Name="activity_response_code" Type="Edm.String" MaxLength="40" sap:label="Description"/>
                <Property Name="activity_response_desc" Type="Edm.String" MaxLength="40" sap:label="Description"/>
                <Property Name="activity_detail_mode" Type="Edm.String" MaxLength="1"/>
                <Property Name="activity_notes" Type="Edm.String" sap:label="XML String for Mob."/>
                <Property Name="activity_partner_name_f" Type="Edm.String" MaxLength="40" sap:label="First name"/>
                <Property Name="activity_partner_name_l" Type="Edm.String" MaxLength="40" sap:label="Last name"/>
                <Property Name="activity_rating" Type="Edm.String" MaxLength="1" sap:label="Rating"/>
                <Property Name="activity_product_component" Type="Edm.String" MaxLength="20" sap:label="CSS Component"/>
                <Property Name="activity_case_id" Type="Edm.String" MaxLength="12" sap:label="Case ID"/>
                <NavigationProperty Name="PartiesInvolved" Relationship="ZS_ESCALATIONS.Activity_PartiesInvolved" FromRole="FromRole_Activity_PartiesInvolved" ToRole="ToRole_Activity_PartiesInvolved"/>
                <NavigationProperty Name="ActivityCases" Relationship="ZS_ESCALATIONS.Activity_Cases" FromRole="FromRole_Activity_Cases" ToRole="ToRole_Activity_Cases"/>
                <NavigationProperty Name="ActivityNotes" Relationship="ZS_ESCALATIONS.Activity_Notes" FromRole="FromRole_Activity_Notes" ToRole="ToRole_Activity_Notes"/>
            </EntityType>
            <EntityType Name="ActivityParties" sap:content-version="1">
                <Key>
                    <PropertyRef Name="parties_activity"/>
                </Key>
                <Property Name="parties_activity" Type="Edm.String" Nullable="false" MaxLength="10" sap:label="ID"/>
                <Property Name="parties_function" Type="Edm.String" MaxLength="40" sap:label="Description 2"/>
                <Property Name="parties_bp_id" Type="Edm.String" MaxLength="10" sap:label="BusinessPartner"/>
                <Property Name="name" Type="Edm.String" MaxLength="80" sap:label="Full Name"/>
                <Property Name="address" Type="Edm.String" sap:label="Address"/>
                <Property Name="mainpartner" Type="Edm.Boolean" sap:label="Main Partner"/>
            </EntityType>
            <EntityType Name="ActivityCases" sap:content-version="1">
                <Key>
                    <PropertyRef Name="activity_id"/>
                    <PropertyRef Name="case_id"/>
                </Key>
                <Property Name="activity_id" Type="Edm.String" Nullable="false" MaxLength="10" sap:label="ID"/>
                <Property Name="case_id" Type="Edm.String" Nullable="false" MaxLength="12" sap:label="Case ID"/>
            </EntityType>
            <EntityType Name="ActivityNotes" sap:content-version="1">
                <Key>
                    <PropertyRef Name="activity_id"/>
                    <PropertyRef Name="line_format"/>
                    <PropertyRef Name="note_line"/>
                </Key>
                <Property Name="activity_id" Type="Edm.String" Nullable="false" MaxLength="10" sap:label="ID"/>
                <Property Name="line_format" Type="Edm.String" Nullable="false" MaxLength="2" sap:label="Tag column"/>
                <Property Name="note_line" Type="Edm.String" Nullable="false" MaxLength="132"/>
            </EntityType>
            <EntityType Name="TopIssues" sap:content-version="1">
                <Key>
                    <PropertyRef Name="top_issue_id"/>
                </Key>
                <Property Name="top_issue_id" Type="Edm.String" Nullable="false" MaxLength="10" sap:label="ID"/>
                <Property Name="type" Type="Edm.String" MaxLength="1"/>
                <Property Name="top_issue_case_id" Type="Edm.String" MaxLength="12" sap:label="Case ID"/>
                <Property Name="sold_to_party" Type="Edm.String" MaxLength="10" sap:label="BusinessPartner"/>
                <Property Name="customer_no" Type="Edm.String" MaxLength="10" sap:label="ERP Customer Number"/>
                <Property Name="process_type" Type="Edm.String" MaxLength="4" sap:label="Transaction Type"/>
                <Property Name="process_type_txt" Type="Edm.String" MaxLength="60" sap:label="Transaction Type"/>
                <Property Name="description" Type="Edm.String" MaxLength="40" sap:label="Description"/>
                <Property Name="category_code" Type="Edm.String" MaxLength="3" sap:label="Category"/>
                <Property Name="category_desc" Type="Edm.String" MaxLength="20" sap:label="Short Description"/>
                <Property Name="priority_code" Type="Edm.String" MaxLength="1" sap:label="Priority"/>
                <Property Name="priority_desc" Type="Edm.String" MaxLength="40" sap:label="Description"/>
                <Property Name="rating_code" Type="Edm.String" MaxLength="1" sap:label="Rating"/>
                <Property Name="rating_desc" Type="Edm.String" MaxLength="60" sap:label="Short Descript."/>
                <Property Name="status_code" Type="Edm.String" MaxLength="5" sap:label="Status"/>
                <Property Name="status_desc" Type="Edm.String" MaxLength="30" sap:label="Status"/>
                <Property Name="changed_at" Type="Edm.String" MaxLength="14" sap:label="Text"/>
                <Property Name="changed_by" Type="Edm.String" MaxLength="12" sap:label="Changed By"/>
                <Property Name="changed_by_name" Type="Edm.String" MaxLength="40" sap:label="Empl./appl.name"/>
                <Property Name="created_at" Type="Edm.String" MaxLength="14" sap:label="Text"/>
                <Property Name="created_by" Type="Edm.String" MaxLength="12" sap:label="Created By"/>
                <Property Name="created_by_name" Type="Edm.String" MaxLength="40" sap:label="Empl./appl.name"/>
                <Property Name="posting_date" Type="Edm.DateTime" Precision="0" sap:label="Posting Date"/>
                <Property Name="request_start" Type="Edm.DateTime" Precision="0" sap:label="Time Stamp"/>
                <Property Name="request_end" Type="Edm.DateTime" Precision="0" sap:label="Time Stamp"/>
                <Property Name="sales_org_short" Type="Edm.String" MaxLength="12" sap:label="Sales Organization"/>
                <Property Name="affected_product" Type="Edm.String" MaxLength="40" sap:label="Description"/>
                <Property Name="notes" Type="Edm.String"/>
                <Property Name="partner_no" Type="Edm.String" MaxLength="32" sap:label="Partner Number"/>
                <Property Name="partner_fct" Type="Edm.String" MaxLength="8" sap:label="Partner Function"/>
                <Property Name="service_org" Type="Edm.String" MaxLength="14" sap:label="Service Organization"/>
                <Property Name="service_org_desc" Type="Edm.String" MaxLength="40" sap:label="Description"/>
                <NavigationProperty Name="Parties" Relationship="ZS_ESCALATIONS.TopIssues_Parties" FromRole="FromRole_TopIssues_Parties" ToRole="ToRole_TopIssues_Parties"/>
            </EntityType>
            <EntityType Name="ServicePlan" sap:content-version="1">
                <Key>
                    <PropertyRef Name="object_id"/>
                </Key>
                <Property Name="object_id" Type="Edm.String" Nullable="false" MaxLength="10" sap:label="ID"/>
                <Property Name="description" Type="Edm.String" MaxLength="40" sap:label="Description"/>
                <Property Name="requested_start_date" Type="Edm.String" MaxLength="19"/>
                <Property Name="requested_end_date" Type="Edm.String" MaxLength="19"/>
                <Property Name="user_status" Type="Edm.String" MaxLength="30" sap:label="Status"/>
                <Property Name="customer_name" Type="Edm.String" MaxLength="40" sap:label="Name 1"/>
                <Property Name="customer_no" Type="Edm.String" MaxLength="32" sap:label="Partner Number"/>
                <Property Name="respons_area_desc" Type="Edm.String" MaxLength="40" sap:label="Char"/>
                <Property Name="respons_area_code" Type="Edm.String" MaxLength="1"/>
                <Property Name="process_type" Type="Edm.String" MaxLength="4" sap:label="Transaction Type"/>
                <NavigationProperty Name="ServicePlanItem" Relationship="ZS_ESCALATIONS.ServicePlan_ServicePlanItem" FromRole="FromRole_ServicePlan_ServicePlanItem" ToRole="ToRole_ServicePlan_ServicePlanItem"/>
            </EntityType>
            <EntityType Name="ServicePlanItem" sap:content-version="1">
                <Key>
                    <PropertyRef Name="object_id"/>
                </Key>
                <Property Name="object_id" Type="Edm.String" Nullable="false" MaxLength="10" sap:label="ID"/>
                <Property Name="number_int" Type="Edm.String" MaxLength="10" sap:label="Item"/>
                <Property Name="description" Type="Edm.String" MaxLength="40" sap:label="Short Text"/>
                <Property Name="ordered_prod" Type="Edm.String" MaxLength="54" sap:label="Product"/>
                <Property Name="rdd_date" Type="Edm.String" MaxLength="19"/>
                <Property Name="gl_date" Type="Edm.String" MaxLength="19"/>
                <Property Name="item_user_status" Type="Edm.String" MaxLength="30" sap:label="Status"/>
                <Property Name="shipto_name" Type="Edm.String" MaxLength="40" sap:label="Name 1"/>
            </EntityType>
            <EntityType Name="ServiceOrgs" sap:content-version="1">
                <Key>
                    <PropertyRef Name="service_org"/>
                </Key>
                <Property Name="service_org" Type="Edm.String" Nullable="false" MaxLength="14" sap:label="Org Management obj."/>
                <Property Name="service_org_short" Type="Edm.String" MaxLength="12" sap:label="Service Organization"/>
                <Property Name="service_org_descr" Type="Edm.String" MaxLength="20" sap:label="Service Org Descript"/>
            </EntityType>
            <EntityType Name="SalesOrgs" sap:content-version="1">
                <Key>
                    <PropertyRef Name="sales_org"/>
                </Key>
                <Property Name="sales_org" Type="Edm.String" Nullable="false" MaxLength="14" sap:label="Org Management obj."/>
                <Property Name="sales_org_short" Type="Edm.String" MaxLength="12" sap:label="Sales Organization"/>
                <Property Name="sales_org_descr" Type="Edm.String" MaxLength="20" sap:label="Sales Org Descriptio"/>
            </EntityType>
            <EntityType Name="Countries" sap:content-version="1">
                <Key>
                    <PropertyRef Name="country"/>
                </Key>
                <Property Name="country" Type="Edm.String" Nullable="false" MaxLength="3" sap:label="Country"/>
                <Property Name="country_text" Type="Edm.String" MaxLength="50" sap:label="Ctry Desc."/>
            </EntityType>
            <EntityType Name="BPAccount" sap:content-version="1">
                <Key>
                    <PropertyRef Name="partner"/>
                </Key>
                <Property Name="partner" Type="Edm.String" Nullable="false" MaxLength="10" sap:label="BusinessPartner"/>
                <Property Name="type" Type="Edm.String" MaxLength="1"/>
                <Property Name="name_last" Type="Edm.String" MaxLength="40" sap:label="Last name"/>
                <Property Name="name_first" Type="Edm.String" MaxLength="40" sap:label="First name"/>
                <Property Name="xubname" Type="Edm.String" MaxLength="12" sap:label="User name"/>
                <Property Name="perno" Type="Edm.String" MaxLength="8" sap:label="Personnel no."/>
                <Property Name="mc_name1" Type="Edm.String" MaxLength="35" sap:label="Name 1/last nm"/>
                <Property Name="mc_name2" Type="Edm.String" MaxLength="35" sap:label="Name2/first nme"/>
                <Property Name="ext_info" Type="Edm.String" MaxLength="100"/>
                <Property Name="account_name" Type="Edm.String" MaxLength="100"/>
                <Property Name="customer_no" Type="Edm.String" MaxLength="10" sap:label="ERP Customer Number"/>
                <Property Name="country" Type="Edm.String" MaxLength="3" sap:label="Country"/>
                <Property Name="country_name" Type="Edm.String" MaxLength="15" sap:label="Name"/>
                <Property Name="zip" Type="Edm.String" MaxLength="30"/>
                <Property Name="city" Type="Edm.String" MaxLength="40" sap:label="City"/>
                <Property Name="xblck" Type="Edm.String" MaxLength="1" sap:label="Flag set or not set"/>
                <Property Name="xdele" Type="Edm.String" MaxLength="1" sap:label="Flag set or not set"/>
                <Property Name="not_released" Type="Edm.String" MaxLength="1" sap:label="Flag set or not set"/>
                <Property Name="zz_bp_stage" Type="Edm.String" MaxLength="1" sap:label="Pre BP Stage"/>
            </EntityType>
            <EntityType Name="Setting" sap:content-version="1">
                <Key>
                    <PropertyRef Name="key"/>
                </Key>
                <Property Name="key" Type="Edm.String" Nullable="false" MaxLength="255" sap:label="Char255"/>
                <Property Name="value1" Type="Edm.String" MaxLength="255" sap:label="Char255"/>
                <Property Name="value2" Type="Edm.String" MaxLength="255" sap:label="Char255"/>
                <Property Name="value3" Type="Edm.String" MaxLength="255" sap:label="Char255"/>
            </EntityType>
            <EntityType Name="ActSetting" sap:content-version="1">
                <Key>
                    <PropertyRef Name="key"/>
                </Key>
                <Property Name="key" Type="Edm.String" Nullable="false"/>
                <Property Name="value" Type="Edm.String"/>
                <Property Name="propname" Type="Edm.String"/>
            </EntityType>
            <EntityType Name="SearchVariants" sap:content-version="1">
                <Key>
                    <PropertyRef Name="vname"/>
                </Key>
                <Property Name="vname" Type="Edm.String" Nullable="false" MaxLength="100" sap:label="Text"/>
            </EntityType>
            <EntityType Name="ActivityMonitor" sap:content-version="1">
                <Key>
                    <PropertyRef Name="activity_id"/>
                </Key>
                <Property Name="activity_id" Type="Edm.String" Nullable="false" MaxLength="10" sap:label="ID"/>
                <Property Name="activity_process_type" Type="Edm.String" MaxLength="4" sap:label="Transaction Type"/>
                <Property Name="activity_process_type_description" Type="Edm.String" MaxLength="60" sap:label="Transaction Type"/>
                <Property Name="activity_description" Type="Edm.String" MaxLength="40" sap:label="Description"/>
                <Property Name="activity_priority" Type="Edm.String" MaxLength="60" sap:label="Priority"/>
                <Property Name="activity_person_resp" Type="Edm.String" MaxLength="10" sap:label="Employee Resp."/>
                <Property Name="activity_status" Type="Edm.String" MaxLength="40" sap:label="User Status"/>
                <Property Name="activity_rating" Type="Edm.String" MaxLength="1" sap:label="Rating"/>
                <Property Name="activity_create_date" Type="Edm.Decimal" Precision="15" Scale="0" sap:label="Created On"/>
                <Property Name="service_team" Type="Edm.String" MaxLength="10" sap:label="Service Team"/>
                <Property Name="service_team_name" Type="Edm.String" MaxLength="80" sap:label="Service Group"/>
                <Property Name="activity_person_name" Type="Edm.String" MaxLength="40" sap:label="Empl./appl.name"/>
                <Property Name="user_id" Type="Edm.String" MaxLength="12" sap:label="User Name"/>
                <Property Name="activity_reason_desc" Type="Edm.String" MaxLength="80" sap:label="Code Group"/>
                <Property Name="activity_result_desc" Type="Edm.String" MaxLength="80" sap:label="Code Group"/>
                <Property Name="activity_category_desc" Type="Edm.String" MaxLength="60" sap:label="Category"/>
                <Property Name="activity_activity_partner" Type="Edm.String" MaxLength="10" sap:label="ActivityPartner"/>
                <Property Name="activity_activity_partner_desc" Type="Edm.String" MaxLength="80" sap:label="Activity Partner"/>
                <Property Name="activity_location" Type="Edm.String" MaxLength="100" sap:label="Location"/>
                <Property Name="activity_notes" Type="Edm.String"/>
                <Property Name="search_vname" Type="Edm.String" MaxLength="30" sap:label="Variable Name"/>
            </EntityType>
            <EntityType Name="TransactionTypes" sap:content-version="1">
                <Key>
                    <PropertyRef Name="transaction_type"/>
                </Key>
                <Property Name="transaction_type" Type="Edm.String" Nullable="false" MaxLength="4" sap:label="Transaction Type"/>
                <Property Name="short_description" Type="Edm.String" MaxLength="20" sap:label="Short Description"/>
                <Property Name="description" Type="Edm.String" MaxLength="40" sap:label="Description"/>
                <Property Name="inactive" Type="Edm.String" MaxLength="1" sap:label="Inactive"/>
            </EntityType>
            <EntityType Name="ActivityCategory" sap:content-version="1">
                <Key>
                    <PropertyRef Name="category"/>
                </Key>
                <Property Name="category" Type="Edm.String" Nullable="false" MaxLength="3" sap:label="Category"/>
                <Property Name="description" Type="Edm.String" MaxLength="20" sap:label="Short Description"/>
            </EntityType>
            <EntityType Name="ActivityReason" sap:content-version="1">
                <Key>
                    <PropertyRef Name="key"/>
                </Key>
                <Property Name="key" Type="Edm.String" Nullable="false"/>
                <Property Name="value" Type="Edm.String"/>
                <Property Name="process_type" Type="Edm.String" MaxLength="4" sap:label="Transaction Type"/>
            </EntityType>
            <EntityType Name="ActivityResult" sap:content-version="1">
                <Key>
                    <PropertyRef Name="key"/>
                </Key>
                <Property Name="key" Type="Edm.String" Nullable="false"/>
                <Property Name="value" Type="Edm.String"/>
                <Property Name="process_type" Type="Edm.String" MaxLength="4" sap:label="Transaction Type"/>
                <Property Name="status" Type="Edm.String" MaxLength="5" sap:label="Status"/>
            </EntityType>
            <EntityType Name="DateType" sap:content-version="1">
                <Key>
                    <PropertyRef Name="key"/>
                </Key>
                <Property Name="key" Type="Edm.String" Nullable="false"/>
                <Property Name="value" Type="Edm.String"/>
                <Property Name="process_type" Type="Edm.String" MaxLength="4" sap:label="Transaction Type"/>
            </EntityType>
            <EntityType Name="UserStatus" sap:content-version="1">
                <Key>
                    <PropertyRef Name="key"/>
                </Key>
                <Property Name="key" Type="Edm.String" Nullable="false"/>
                <Property Name="value" Type="Edm.String"/>
                <Property Name="process_type" Type="Edm.String" MaxLength="4" sap:label="Transaction Type"/>
            </EntityType>
            <EntityType Name="SalesOrganization" sap:content-version="1">
                <Key>
                    <PropertyRef Name="sales_org"/>
                </Key>
                <Property Name="sales_org" Type="Edm.String" Nullable="false" MaxLength="14" sap:label="Sales Org. ID"/>
                <Property Name="sales_org_resp" Type="Edm.String" MaxLength="14" sap:label="Org. Unit (Sales)"/>
                <Property Name="resp_short_text" Type="Edm.String" MaxLength="12" sap:label="Org. Unit (Sales)"/>
                <Property Name="short_text" Type="Edm.String" MaxLength="12" sap:label="Sales Organization"/>
                <Property Name="dis_channel" Type="Edm.String" MaxLength="2" sap:label="Distribution Channel"/>
                <Property Name="dis_channel_dscr" Type="Edm.String" MaxLength="40" sap:label="Name"/>
                <Property Name="division" Type="Edm.String" MaxLength="2" sap:label="Division"/>
                <Property Name="division_dscr" Type="Edm.String" MaxLength="40" sap:label="Name"/>
                <Property Name="sales_office" Type="Edm.String" MaxLength="14" sap:label="Sales Office"/>
                <Property Name="office_short_text" Type="Edm.String" MaxLength="12" sap:label="Sales Office"/>
                <Property Name="sales_group" Type="Edm.String" MaxLength="14" sap:label="Sales Group"/>
                <Property Name="group_short_text" Type="Edm.String" MaxLength="12" sap:label="Sales Group"/>
                <Property Name="text" Type="Edm.String" MaxLength="40" sap:label="Name"/>
            </EntityType>
            <EntityType Name="ServiceOrganization" sap:content-version="1">
                <Key>
                    <PropertyRef Name="service_org"/>
                </Key>
                <Property Name="service_org" Type="Edm.String" Nullable="false" MaxLength="14" sap:label="Service Organization"/>
                <Property Name="short_text" Type="Edm.String" MaxLength="12" sap:label="Service Organization"/>
                <Property Name="text" Type="Edm.String" MaxLength="40" sap:label="Name"/>
            </EntityType>
            <EntityType Name="PartnerFunction" sap:content-version="1">
                <Key>
                    <PropertyRef Name="partner_fct"/>
                </Key>
                <Property Name="partner_fct" Type="Edm.String" Nullable="false" MaxLength="8" sap:label="Partner Function"/>
                <Property Name="description" Type="Edm.String" MaxLength="30" sap:label="Text"/>
            </EntityType>
            <EntityType Name="MonitorActivities" sap:content-version="1">
                <Key>
                    <PropertyRef Name="activity_id"/>
                </Key>
                <Property Name="activity_id" Type="Edm.String" Nullable="false" MaxLength="10" sap:label="ID"/>
                <Property Name="activity_process_type" Type="Edm.String" MaxLength="4" sap:label="Transaction Type"/>
                <Property Name="activity_activity_partner" Type="Edm.String" MaxLength="10" sap:label="BusinessPartner"/>
                <Property Name="activity_partner_name_f" Type="Edm.String" MaxLength="40" sap:label="First name"/>
                <Property Name="activity_partner_name_l" Type="Edm.String" MaxLength="40" sap:label="Last name"/>
                <Property Name="activity_responsible_team" Type="Edm.String" MaxLength="10" sap:label="BusinessPartner"/>
                <Property Name="activity_service_team" Type="Edm.String" MaxLength="10" sap:label="BusinessPartner"/>
                <Property Name="activity_partner_function" Type="Edm.String" MaxLength="8" sap:label="Partner Function"/>
                <Property Name="activity_business_partner" Type="Edm.String" MaxLength="10" sap:label="BusinessPartner"/>
                <Property Name="activity_create_date" Type="Edm.DateTime" Precision="0" sap:label="Created on"/>
                <Property Name="activity_last_changed" Type="Edm.String" MaxLength="15"/>
                <Property Name="activity_change_date" Type="Edm.DateTime" Precision="0" sap:label="Changed on"/>
                <Property Name="activity_actual_date" Type="Edm.DateTime" Precision="0" sap:label="Actual date"/>
                <Property Name="activity_planned_date" Type="Edm.DateTime" Precision="0" sap:label="Planned date"/>
                <Property Name="appt_type" Type="Edm.String" MaxLength="12" sap:label="Date Type"/>
                <Property Name="activity_date" Type="Edm.DateTime" Precision="0" sap:label="Planned date"/>
                <Property Name="activity_description" Type="Edm.String" MaxLength="40" sap:label="Description"/>
                <Property Name="activity_message_num" Type="Edm.String" MaxLength="100" sap:label="Location"/>
                <Property Name="activity_category_code" Type="Edm.String" MaxLength="3" sap:label="Category"/>
                <Property Name="activity_priority_code" Type="Edm.String" MaxLength="1" sap:label="Priority"/>
                <Property Name="activity_rating" Type="Edm.String" MaxLength="1" sap:label="Rating"/>
                <Property Name="activity_reason" Type="Edm.String" MaxLength="20" sap:label="Reason"/>
                <Property Name="activity_sales_org" Type="Edm.String" MaxLength="14" sap:label="Sales Org. ID"/>
                <Property Name="activity_sales_org_short" Type="Edm.String" MaxLength="12" sap:label="Sales Organization"/>
                <Property Name="activity_service_org" Type="Edm.String" MaxLength="14" sap:label="Service Organization"/>
                <Property Name="activity_sys_status" Type="Edm.String" MaxLength="20" sap:label="Short Description"/>
                <Property Name="activity_status_code" Type="Edm.String" MaxLength="5" sap:label="Status"/>
                <Property Name="activity_status_desc" Type="Edm.String" MaxLength="30" sap:label="Status"/>
                <Property Name="activity_result_desc" Type="Edm.String" MaxLength="20" sap:label="Result"/>
            </EntityType>
            <EntityType Name="SearchVariantDetails" sap:content-version="1">
                <Key>
                    <PropertyRef Name="vname"/>
                </Key>
                <Property Name="vname" Type="Edm.String" Nullable="false" MaxLength="30" sap:label="Variable Name"/>
                <Property Name="vartype" Type="Edm.String" MaxLength="1" sap:label="Variant type"/>
                <Property Name="fieldname" Type="Edm.String" MaxLength="30" sap:label="Field Name"/>
                <Property Name="counter" Type="Edm.Int32" sap:label="Number"/>
                <Property Name="so_sign" Type="Edm.String" MaxLength="1" sap:label="INCL/EXCL"/>
                <Property Name="so_option" Type="Edm.String" MaxLength="2" sap:label="Option"/>
                <Property Name="so_low" Type="Edm.String" MaxLength="45" sap:label="Selection value"/>
                <Property Name="so_high" Type="Edm.String" MaxLength="45" sap:label="Selection value"/>
            </EntityType>
            <EntityType Name="SaveSearchVariant" sap:content-version="1">
                <Key>
                    <PropertyRef Name="vname"/>
                </Key>
                <Property Name="vname" Type="Edm.String" Nullable="false" MaxLength="30" sap:label="Variable Name"/>
                <Property Name="vtext" Type="Edm.String" MaxLength="30"/>
                <Property Name="vartype" Type="Edm.String" MaxLength="1" sap:label="Variant type"/>
                <Property Name="myact" Type="Edm.String" MaxLength="1"/>
                <Property Name="myteam" Type="Edm.String" MaxLength="1"/>
                <Property Name="actpart" Type="Edm.String" MaxLength="10" sap:label="BusinessPartner"/>
                <Property Name="respteam" Type="Edm.String" MaxLength="10" sap:label="BusinessPartner"/>
                <Property Name="bupa" Type="Edm.String" MaxLength="10" sap:label="BusinessPartner"/>
                <Property Name="bupafct" Type="Edm.String" MaxLength="8" sap:label="Partner Function"/>
                <Property Name="chat_rng" Type="Edm.String" MaxLength="45" sap:label="Selection value"/>
                <Property Name="actual_date" Type="Edm.String" MaxLength="8" sap:label="Date"/>
                <Property Name="planned_date" Type="Edm.String" MaxLength="8" sap:label="Date"/>
                <Property Name="date_type" Type="Edm.String" MaxLength="12" sap:label="Date Type"/>
                <Property Name="process_type" Type="Edm.String" MaxLength="4" sap:label="Transaction Type"/>
                <Property Name="object_id" Type="Edm.String" MaxLength="10" sap:label="ID"/>
                <Property Name="status_int" Type="Edm.String" MaxLength="5" sap:label="Status"/>
                <Property Name="status_ext" Type="Edm.String" MaxLength="5" sap:label="Status"/>
                <Property Name="date_sel" Type="Edm.String" MaxLength="8" sap:label="Date"/>
                <Property Name="description" Type="Edm.String" MaxLength="40" sap:label="Description"/>
                <Property Name="category" Type="Edm.String" MaxLength="3" sap:label="Category"/>
                <Property Name="priority" Type="Edm.String" MaxLength="1" sap:label="Priority"/>
                <Property Name="rating" Type="Edm.String" MaxLength="1" sap:label="Rating"/>
                <Property Name="created_at" Type="Edm.String" MaxLength="8" sap:label="Date"/>
                <Property Name="changed_at" Type="Edm.String" MaxLength="8" sap:label="Date"/>
                <Property Name="reason_code" Type="Edm.String" MaxLength="14" sap:label="Reason"/>
                <Property Name="result_code" Type="Edm.String" MaxLength="14" sap:label="Result"/>
                <Property Name="message_num" Type="Edm.String" MaxLength="100" sap:label="Location"/>
                <Property Name="sales_org" Type="Edm.String" MaxLength="14" sap:label="Sales Org. ID"/>
                <Property Name="service_org" Type="Edm.String" MaxLength="14" sap:label="Sales Org. ID"/>
                <Property Name="flag" Type="Edm.Boolean"/>
            </EntityType>
            <ComplexType Name="Additional_Fields">
                <Property Name="REF_CUST" Type="Edm.String" MaxLength="10" sap:label="AGS Ref Customer"/>
                <Property Name="GO_LIVE" Type="Edm.DateTime" Precision="0" sap:label="Go Live"/>
                <Property Name="SAP_INVOL" Type="Edm.String" MaxLength="10" sap:label="AGS involvement"/>
                <Property Name="SAP_INVOL_TEXT" Type="Edm.String" MaxLength="60" sap:label="Text"/>
                <Property Name="SCENARIO" Type="Edm.String" MaxLength="10" sap:label="Scenario"/>
                <Property Name="SCENARIO_TEXT" Type="Edm.String" MaxLength="60" sap:label="Text"/>
                <Property Name="USE_CASE" Type="Edm.String" MaxLength="10" sap:label="Use Case Scope"/>
                <Property Name="USE_CASE_TEXT" Type="Edm.String" MaxLength="60" sap:label="Text"/>
            </ComplexType>
            <ComplexType Name="Picture">
                <Property Name="MIME_TYPE" Type="Edm.String" MaxLength="128" sap:label="MIME type"/>
                <Property Name="VALUE" Type="Edm.Binary" sap:label="Binary String"/>
            </ComplexType>
            <Association Name="TopIssues_Parties" sap:content-version="1">
                <End Type="ZS_ESCALATIONS.TopIssues" Multiplicity="1" Role="FromRole_TopIssues_Parties"/>
                <End Type="ZS_ESCALATIONS.Parties" Multiplicity="*" Role="ToRole_TopIssues_Parties"/>
            </Association>
            <Association Name="ServicePlan_ServicePlanItem" sap:content-version="1">
                <End Type="ZS_ESCALATIONS.ServicePlan" Multiplicity="1" Role="FromRole_ServicePlan_ServicePlanItem"/>
                <End Type="ZS_ESCALATIONS.ServicePlanItem" Multiplicity="*" Role="ToRole_ServicePlan_ServicePlanItem"/>
            </Association>
            <Association Name="Case_Customers" sap:content-version="1">
                <End Type="ZS_ESCALATIONS.Cases" Multiplicity="1" Role="FromRole_Case_Customers"/>
                <End Type="ZS_ESCALATIONS.Customers" Multiplicity="*" Role="ToRole_Case_Customers"/>
            </Association>
            <Association Name="Case_PartiesInvolved" sap:content-version="1">
                <End Type="ZS_ESCALATIONS.Cases" Multiplicity="1" Role="FromRole_Case_PartiesInvolved"/>
                <End Type="ZS_ESCALATIONS.Parties" Multiplicity="*" Role="ToRole_Case_PartiesInvolved"/>
            </Association>
            <Association Name="Case_Products" sap:content-version="1">
                <End Type="ZS_ESCALATIONS.Cases" Multiplicity="1" Role="FromRole_Case_Products"/>
                <End Type="ZS_ESCALATIONS.Products" Multiplicity="*" Role="ToRole_Case_Products"/>
            </Association>
            <Association Name="Case_Notes" sap:content-version="1">
                <End Type="ZS_ESCALATIONS.Cases" Multiplicity="1" Role="FromRole_Case_Notes"/>
                <End Type="ZS_ESCALATIONS.Notes" Multiplicity="*" Role="ToRole_Case_Notes"/>
            </Association>
            <Association Name="Case_Activities" sap:content-version="1">
                <End Type="ZS_ESCALATIONS.Cases" Multiplicity="1" Role="FromRole_Case_Activities"/>
                <End Type="ZS_ESCALATIONS.CaseActivities" Multiplicity="*" Role="ToRole_Case_Activities"/>
            </Association>
            <Association Name="Case_TopIssues" sap:content-version="1">
                <End Type="ZS_ESCALATIONS.Cases" Multiplicity="1" Role="FromRole_Case_TopIssues"/>
                <End Type="ZS_ESCALATIONS.CaseTopIssues" Multiplicity="*" Role="ToRole_Case_TopIssues"/>
            </Association>
            <Association Name="Activity_PartiesInvolved" sap:content-version="1">
                <End Type="ZS_ESCALATIONS.Activities" Multiplicity="1" Role="FromRole_Activity_PartiesInvolved"/>
                <End Type="ZS_ESCALATIONS.ActivityParties" Multiplicity="*" Role="ToRole_Activity_PartiesInvolved"/>
            </Association>
            <Association Name="Activity_Cases" sap:content-version="1">
                <End Type="ZS_ESCALATIONS.Activities" Multiplicity="1" Role="FromRole_Activity_Cases"/>
                <End Type="ZS_ESCALATIONS.ActivityCases" Multiplicity="*" Role="ToRole_Activity_Cases"/>
            </Association>
            <Association Name="Activity_Notes" sap:content-version="1">
                <End Type="ZS_ESCALATIONS.Activities" Multiplicity="1" Role="FromRole_Activity_Notes"/>
                <End Type="ZS_ESCALATIONS.ActivityNotes" Multiplicity="*" Role="ToRole_Activity_Notes"/>
            </Association>
            <EntityContainer Name="ZS_ESCALATIONS_Entities" m:IsDefaultEntityContainer="true" sap:supported-formats="atom json xlsx">
                <EntitySet Name="CaseListCount" EntityType="ZS_ESCALATIONS.CaseCount" sap:content-version="1"/>
                <EntitySet Name="CustomerList" EntityType="ZS_ESCALATIONS.Customers" sap:content-version="1"/>
                <EntitySet Name="CaseCustomerList" EntityType="ZS_ESCALATIONS.CaseCustomers" sap:content-version="1"/>
                <EntitySet Name="PartiesList" EntityType="ZS_ESCALATIONS.Parties" sap:content-version="1"/>
                <EntitySet Name="ProductList" EntityType="ZS_ESCALATIONS.Products" sap:content-version="1"/>
                <EntitySet Name="NotesList" EntityType="ZS_ESCALATIONS.Notes" sap:content-version="1"/>
                <EntitySet Name="CaseNotes" EntityType="ZS_ESCALATIONS.CaseNote" sap:content-version="1"/>
                <EntitySet Name="CaseActivityList" EntityType="ZS_ESCALATIONS.CaseActivities" sap:content-version="1"/>
                <EntitySet Name="CaseTopIssueList" EntityType="ZS_ESCALATIONS.CaseTopIssues" sap:content-version="1"/>
                <EntitySet Name="CaseSalesOrgList" EntityType="ZS_ESCALATIONS.CaseSalesOrgs" sap:content-version="1"/>
                <EntitySet Name="CaseServiceOrgList" EntityType="ZS_ESCALATIONS.CaseServiceOrgs" sap:content-version="1"/>
                <EntitySet Name="CaseCountryList" EntityType="ZS_ESCALATIONS.CaseCountries" sap:content-version="1"/>
                <EntitySet Name="ActivityList" EntityType="ZS_ESCALATIONS.Activities" sap:content-version="1"/>
                <EntitySet Name="ActivityPartiesList" EntityType="ZS_ESCALATIONS.ActivityParties" sap:content-version="1"/>
                <EntitySet Name="ActivityCaseList" EntityType="ZS_ESCALATIONS.ActivityCases" sap:content-version="1"/>
                <EntitySet Name="ActivityNotesList" EntityType="ZS_ESCALATIONS.ActivityNotes" sap:content-version="1"/>
                <EntitySet Name="TopIssueList" EntityType="ZS_ESCALATIONS.TopIssues" sap:content-version="1"/>
                <EntitySet Name="ServicePlanList" EntityType="ZS_ESCALATIONS.ServicePlan" sap:content-version="1"/>
                <EntitySet Name="ServicePlanItemList" EntityType="ZS_ESCALATIONS.ServicePlanItem" sap:content-version="1"/>
                <EntitySet Name="ServiceOrgList" EntityType="ZS_ESCALATIONS.ServiceOrgs" sap:content-version="1"/>
                <EntitySet Name="SalesOrgList" EntityType="ZS_ESCALATIONS.SalesOrgs" sap:content-version="1"/>
                <EntitySet Name="CountryList" EntityType="ZS_ESCALATIONS.Countries" sap:content-version="1"/>
                <EntitySet Name="BPAccountList" EntityType="ZS_ESCALATIONS.BPAccount" sap:content-version="1"/>
                <EntitySet Name="SettingList" EntityType="ZS_ESCALATIONS.Setting" sap:content-version="1"/>
                <EntitySet Name="ActSettingList" EntityType="ZS_ESCALATIONS.ActSetting" sap:content-version="1"/>
                <EntitySet Name="SearchVariantList" EntityType="ZS_ESCALATIONS.SearchVariants" sap:content-version="1"/>
                <EntitySet Name="ActivityMonitorResultList" EntityType="ZS_ESCALATIONS.ActivityMonitor" sap:content-version="1"/>
                <EntitySet Name="TransTypeList" EntityType="ZS_ESCALATIONS.TransactionTypes" sap:content-version="1"/>
                <EntitySet Name="ActCategoryList" EntityType="ZS_ESCALATIONS.ActivityCategory" sap:content-version="1"/>
                <EntitySet Name="ActReasonList" EntityType="ZS_ESCALATIONS.ActivityReason" sap:content-version="1"/>
                <EntitySet Name="ActResultList" EntityType="ZS_ESCALATIONS.ActivityResult" sap:content-version="1"/>
                <EntitySet Name="DateTypeList" EntityType="ZS_ESCALATIONS.DateType" sap:content-version="1"/>
                <EntitySet Name="UserStatusList" EntityType="ZS_ESCALATIONS.UserStatus" sap:content-version="1"/>
                <EntitySet Name="SalesOrganizationList" EntityType="ZS_ESCALATIONS.SalesOrganization" sap:content-version="1"/>
                <EntitySet Name="ServiceOrganizationList" EntityType="ZS_ESCALATIONS.ServiceOrganization" sap:content-version="1"/>
                <EntitySet Name="PartnerFunctionList" EntityType="ZS_ESCALATIONS.PartnerFunction" sap:content-version="1"/>
                <EntitySet Name="MonitorActivityList" EntityType="ZS_ESCALATIONS.MonitorActivities" sap:content-version="1"/>
                <EntitySet Name="SearchVariantDetailsList" EntityType="ZS_ESCALATIONS.SearchVariantDetails" sap:content-version="1"/>
                <EntitySet Name="SaveSearchVariantResult" EntityType="ZS_ESCALATIONS.SaveSearchVariant" sap:content-version="1"/>
                <EntitySet Name="SubscriptionCollection" EntityType="ZS_ESCALATIONS.Subscription" sap:content-version="1"/>
                <EntitySet Name="NotificationCollection" EntityType="ZS_ESCALATIONS.Notification" sap:creatable="false" sap:updatable="false" sap:deletable="false" sap:addressable="false" sap:content-version="1"/>
                <EntitySet Name="CaseList" EntityType="ZS_ESCALATIONS.Cases" sap:content-version="1"/>
                <AssociationSet Name="Case_TopIssues_AssocSet" Association="ZS_ESCALATIONS.Case_TopIssues" sap:creatable="false" sap:updatable="false" sap:deletable="false" sap:content-version="1">
                    <End EntitySet="CaseList" Role="FromRole_Case_TopIssues"/>
                    <End EntitySet="CaseTopIssueList" Role="ToRole_Case_TopIssues"/>
                </AssociationSet>
                <AssociationSet Name="Case_Notes_AssocSet" Association="ZS_ESCALATIONS.Case_Notes" sap:creatable="false" sap:updatable="false" sap:deletable="false" sap:content-version="1">
                    <End EntitySet="CaseList" Role="FromRole_Case_Notes"/>
                    <End EntitySet="NotesList" Role="ToRole_Case_Notes"/>
                </AssociationSet>
                <AssociationSet Name="Case_Products_AssocSet" Association="ZS_ESCALATIONS.Case_Products" sap:creatable="false" sap:updatable="false" sap:deletable="false" sap:content-version="1">
                    <End EntitySet="CaseList" Role="FromRole_Case_Products"/>
                    <End EntitySet="ProductList" Role="ToRole_Case_Products"/>
                </AssociationSet>
                <AssociationSet Name="Activity_Notes_AssocSet" Association="ZS_ESCALATIONS.Activity_Notes" sap:creatable="false" sap:updatable="false" sap:deletable="false" sap:content-version="1">
                    <End EntitySet="ActivityList" Role="FromRole_Activity_Notes"/>
                    <End EntitySet="ActivityNotesList" Role="ToRole_Activity_Notes"/>
                </AssociationSet>
                <AssociationSet Name="Case_Customers_AssocSet" Association="ZS_ESCALATIONS.Case_Customers" sap:creatable="false" sap:updatable="false" sap:deletable="false" sap:content-version="1">
                    <End EntitySet="CaseList" Role="FromRole_Case_Customers"/>
                    <End EntitySet="CustomerList" Role="ToRole_Case_Customers"/>
                </AssociationSet>
                <AssociationSet Name="Case_PartiesInvolved_AssocSet" Association="ZS_ESCALATIONS.Case_PartiesInvolved" sap:creatable="false" sap:updatable="false" sap:deletable="false" sap:content-version="1">
                    <End EntitySet="CaseList" Role="FromRole_Case_PartiesInvolved"/>
                    <End EntitySet="PartiesList" Role="ToRole_Case_PartiesInvolved"/>
                </AssociationSet>
                <AssociationSet Name="ServicePlan_ServicePlanItem_AssocSet" Association="ZS_ESCALATIONS.ServicePlan_ServicePlanItem" sap:creatable="false" sap:updatable="false" sap:deletable="false" sap:content-version="1">
                    <End EntitySet="ServicePlanList" Role="FromRole_ServicePlan_ServicePlanItem"/>
                    <End EntitySet="ServicePlanItemList" Role="ToRole_ServicePlan_ServicePlanItem"/>
                </AssociationSet>
                <AssociationSet Name="TopIssues_Parties_AssocSet" Association="ZS_ESCALATIONS.TopIssues_Parties" sap:creatable="false" sap:updatable="false" sap:deletable="false" sap:content-version="1">
                    <End EntitySet="TopIssueList" Role="FromRole_TopIssues_Parties"/>
                    <End EntitySet="PartiesList" Role="ToRole_TopIssues_Parties"/>
                </AssociationSet>
                <AssociationSet Name="Case_Activities_AssocSet" Association="ZS_ESCALATIONS.Case_Activities" sap:creatable="false" sap:updatable="false" sap:deletable="false" sap:content-version="1">
                    <End EntitySet="CaseList" Role="FromRole_Case_Activities"/>
                    <End EntitySet="CaseActivityList" Role="ToRole_Case_Activities"/>
                </AssociationSet>
                <AssociationSet Name="Activity_PartiesInvolved_AssocSet" Association="ZS_ESCALATIONS.Activity_PartiesInvolved" sap:creatable="false" sap:updatable="false" sap:deletable="false" sap:content-version="1">
                    <End EntitySet="ActivityList" Role="FromRole_Activity_PartiesInvolved"/>
                    <End EntitySet="ActivityPartiesList" Role="ToRole_Activity_PartiesInvolved"/>
                </AssociationSet>
                <AssociationSet Name="Activity_Cases_AssocSet" Association="ZS_ESCALATIONS.Activity_Cases" sap:creatable="false" sap:updatable="false" sap:deletable="false" sap:content-version="1">
                    <End EntitySet="ActivityList" Role="FromRole_Activity_Cases"/>
                    <End EntitySet="ActivityCaseList" Role="ToRole_Activity_Cases"/>
                </AssociationSet>
            </EntityContainer>
            <atom:link rel="self" href="./sap/ZS_ESCALATIONS/$metadata"
                xmlns:atom="http://www.w3.org/2005/Atom"/>
                <atom:link rel="latest-version" href="./sap/ZS_ESCALATIONS/$metadata"
                    xmlns:atom="http://www.w3.org/2005/Atom"/>
                </Schema>
            </edmx:DataServices>
        </edmx:Edmx>