<mvc:View xmlns:l="sap.ui.layout" xmlns:core="sap.ui.core" xmlns:ui="sap.ui.table" xmlns:mvc="sap.ui.core.mvc" xmlns="sap.m"
	xmlns:u="sap.ui.unified" xmlns:app="http://schemas.sap.com/sapui5/extension/sap.ui.core.CustomData/1"
	controllerName="com.sap.mcc.workplace.CardComponent.OpenCCMCases.OpenCCMCases">
	<ScrollContainer width="100%" vertical="true" horizontal="false">
		<ui:Table id="open-ccm-cases" selectionMode="None" rows="{cardModel>/data}" enableCellFilter="true" alternateRowColors="true"
			showColumnVisibilityMenu="true" noData="{= ${cardModel>/busy} ? 'Loading data...' : 'No Data'}" ariaLabelledBy="title"
			visibleRowCount="{= ${cardModel>/data}.length > 9 ? 10 : ${cardModel>/data}.length}" sort="sort">
			<ui:columns>
				<ui:Column width="4rem" autoResizable="true" filterProperty="RatingText" sortProperty="RatingID" hAlign="Center">
					<Label text="Rating" tooltip="Rating"/>
					<ui:template>
						<!--
					<Text text="{casechecker>RatingText}" wrapping="false"/>-->
						<core:Icon class="sapUiTinyMarginEnd" src="sap-icon://circle-task-2" visible="{= ${cardModel>RatingText} ? true : false}"
							tooltip="{cardModel>RatingText}" color="{path: 'cardModel>RatingText', formatter: '.formatter.ratingColor' }"/>
					</ui:template>
				</ui:Column>
				<ui:Column width="5rem" autoResizable="true" filterProperty="CaseID" sortProperty="CaseID">
					<Label text="Case ID" tooltip="Case ID"/>
					<ui:template>
						<Link text="{cardModel>CaseID}" tooltip="{cardModel>CaseID}" press="onLinkPress"/>
					</ui:template>
				</ui:Column>
				<ui:Column width="16.5rem" autoResizable="true" filterProperty="CaseTitle" sortProperty="CaseTitle">
					<Label text="Case Title" tooltip="Case Title"/>
					<ui:template>
						<Text text="{cardModel>CaseTitle}" tooltip="{cardModel>CaseTitle}" wrapping="false"/>
					</ui:template>
				</ui:Column>
				<ui:Column width="13rem" autoResizable="true" filterProperty="CustomerName" sortProperty="CustomerName">
					<Label text="Customer Name" tooltip="Customer Name"/>
					<ui:template>
						<Link text="{cardModel>CustomerName}" tooltip="{cardModel>CustomerName}" press="onCustomerPressed"/>
					</ui:template>
				</ui:Column>
				<ui:Column width="7.5rem" autoResizable="true" filterProperty="CustomerType" sortProperty="CustomerType">
					<Label text="Customer Type" tooltip="Case Type"/>
					<ui:template>
						<Text text="{cardModel>CustomerType}" tooltip="{cardModel>CustomerType}"/>
					</ui:template>
				</ui:Column>
				<ui:Column width="9rem" autoResizable="true" filterProperty="ResponsiblePerson" sortProperty="ResponsiblePerson">
					<Label text="Responsible Person" tooltip="Responsible Person"/>
					<ui:template>
						<Link text="{cardModel>ResponsiblePerson}" tooltip="{cardModel>ResponsiblePerson}" press="openEmployeePopover"
							app:UserId="{cardModel>Responsible}"/>
					</ui:template>
				</ui:Column>
				<ui:Column width="6rem" autoResizable="true" filterProperty="StatusText" sortProperty="StatusText">
					<Label text="Status" tooltip="Status"/>
					<ui:template>
						<Text text="{cardModel>StatusText}" tooltip="{cardModel>StatusText} - {cardModel>StatusID}" wrapping="false"/>
					</ui:template>
				</ui:Column>
				<ui:Column width="16rem" autoResizable="true" filterProperty="ServiceTeamName" sortProperty="ServiceTeamName">
					<Label text="Service Team" tooltip="Service Team"/>
					<ui:template>
						<Text text="{cardModel>ServiceTeamName}" tooltip="{cardModel>ServiceTeamName} - {cardModel>ServiceTeam}" wrapping="false"/>
					</ui:template>
				</ui:Column>
				<ui:Column width="4rem" autoResizable="true" filterProperty="Region" sortProperty="Region">
					<Label text="Region" tooltip="Region"/>
					<ui:template>
						<Text text="{cardModel>Region}" tooltip="{cardModel>Region}" wrapping="false"/>
					</ui:template>
				</ui:Column>
				<!--<ui:Column width="5rem" autoResizable="true" defaultFilterOperator="EQ" filterProperty="TopIssuesCount" sortProperty="TopIssuesCount">
					<Label text="No. of Top Issues" tooltip="No. of Top Issues"/>
					<ui:template>
						<Text text="{cardModel>TopIssuesCount}" wrapping="false"/>
					</ui:template>
				</ui:Column>-->
				<ui:Column width="3rem" autoResizable="true" filterProperty="CQI" sortProperty="CQI" visible="{cardModel>/visibleCQI}">
					<Label text="CQI" tooltip="Case Quality Index"/>
					<ui:template>
						<ObjectStatus text="{cardModel>CQI}" tooltip="CQI: {cardModel>CQI}" state="{cardModel>CQIStatus}" active="true" press="openCQIPopover"/>
					</ui:template>
				</ui:Column>
				<ui:Column width="5rem" autoResizable="true" filterProperty="TopIssuesOpenClosed" sortProperty="TopIssuesOpenClosed">
					<Label text="Top Issues (Open / Closed)" tooltip="Top Issues (Open / Closed)"/>
					<ui:template>
						<Text text="{cardModel>TopIssuesOpenClosed}" tooltip="{cardModel>TopIssuesOpenClosed}" wrapping="false"/>
					</ui:template>
				</ui:Column>
				<ui:Column width="5rem" autoResizable="true" filterProperty="ActivitiesOpenClosed" sortProperty="ActivitiesOpenClosed">
					<Label text="Issues (Open / Closed)" tooltip="Issues (Open / Closed)"/>
					<ui:template>
						<Text text="{cardModel>ActivitiesOpenClosed}" tooltip="{cardModel>ActivitiesOpenClosed}" wrapping="false"/>
					</ui:template>
				</ui:Column>
				<ui:Column id="openFor" width="5rem" autoResizable="true" sortProperty="CreateTime">
					<ui:menu>
						<u:Menu>
							<u:items>
								<u:MenuItem text="Sort Ascending" select="onSortDate" app:Property="CreateTime" app:TableID="open-ccm-cases" app:OpenFor="true"
									app:sort="asc" icon="sap-icon://sort-ascending"/>
								<u:MenuItem text="Sort Descending" select="onSortDate" app:Property="CreateTime" app:TableID="open-ccm-cases" app:OpenFor="true"
									app:sort="dsc" icon="sap-icon://sort-descending"/>
								<!--<u:MenuTextFieldItem label="Filter" select="onDateFilter" app:Property="CreateTime" app:TableID="open-ccm-cases"
									icon="sap-icon://filter"/>-->
							</u:items>
						</u:Menu>
					</ui:menu>
					<Label text="Open For" tooltip="Open For"/>
					<ui:template>
						<ObjectStatus text="{ path: 'cardModel>CreateTime', formatter: '.formatter.getDaysSince' }"
							state="{path: 'cardModel>CreateTime', formatter: '.formatter.setTextColorOpenFor'}"
							tooltip="{path: 'cardModel>CreateTime', formatter: '.formatter.getDaysSince'}"/>
						<!--<Text text="{ path: 'cardModel>CreateDate', formatter: '.formatter.getDaysSince' }" class="{path: 'cardModel>CreateDate', formatter: '.formatter.setTextColorOpenFor'}"
						tooltip="{path: 'cardModel>CreateDate', formatter: '.formatter.getDaysSince'}" wrapping="false"/>-->
					</ui:template>
				</ui:Column>
				<ui:Column width="auto" autoResizable="true" filterProperty="GoLive" sortProperty="GoLive" defaultFilterOperator="EQ"
					filterType="\{type: 'sap.ui.model.type.Date', formatOptions: \{style: 'medium', UTC: true\}, constraints: \{\} \}">
					<Label text="Go Live" tooltip="Go Live"/>
					<ui:template>
						<Text text="{path:'cardModel>GoLive', type: 'sap.ui.model.type.Date', formatOptions: { style: 'medium', UTC: true }}"
							tooltip="{path:'cardModel>GoLive', type: 'sap.ui.model.type.DateTime', formatOptions: { style: 'medium', UTC: true }}" wrapping="false"/>
					</ui:template>
				</ui:Column>
				<ui:Column autoResizable="true" filterProperty="ProductLinesMerged" sortProperty="ProductLinesMerged">
					<Label text="Product Version" tooltip="Product Version"/>
					<ui:template>
						<!--<Text text="{cardModel>ProductLinesMerged}" tooltip="{cardModel>ProductLinesMerged}" wrapping="false"/>-->
						<FormattedText htmlText="{= ${cardModel>ProductLinesMergedFormatted} ? ${cardModel>ProductLinesMergedFormatted} : ' '}"
							tooltip="{cardModel>ProductLinesMerged}"/>
					</ui:template>
				</ui:Column>
				<ui:Column autoResizable="true" filterProperty="PlannedCloseDate" sortProperty="PlannedCloseDate" visible="false" defaultFilterOperator="EQ"
					filterType="\{type: 'sap.ui.model.type.Date', formatOptions: \{style: 'medium', UTC: true\}, constraints: \{\} \}">
					<Label text="Planned Close Date" tooltip="Planned Close Date"/>
					<ui:template>
						<Text text="{path:'cardModel>PlannedCloseDate', type: 'sap.ui.model.type.Date', formatOptions: { style: 'medium', UTC: true }}"
							tooltip="{path:'cardModel>PlannedCloseDate', type: 'sap.ui.model.type.Date', formatOptions: { style: 'medium', UTC: true }}"
							wrapping="false"/>
					</ui:template>
				</ui:Column>
			</ui:columns>
		</ui:Table>
	</ScrollContainer>
</mvc:View>